SKN,LAT,LON,Station.Name,UID
2.1_R,19.1089,-155.7467,KAHUKU MAUKA,19.108900_-155.746700
2.32_R,19.10778,-155.78944,SOUTH KONA 2 2.32,19.107780_-155.789440
2.34_R,19.186302,-155.886763,MILOLII 2.34,19.186302_-155.886763
2.36_R,19.14472,-155.84944,KAPUA 2.36,19.144720_-155.849440
3.22_R,19.135,-155.747,HAWAIIAN OCEAN VIEW 4.7 NNE,19.135000_-155.747000
3.23_R,19.4594,-155.8938,CAPTAIN COOK 2.9 SSE,19.459400_-155.893800
3.9_R,19.10083333,-155.6697222,LOWER KAHUKU CS,19.100833_-155.669722
4.12_R,19.0424,-155.6354,NAALEHU 4.6 WSW,19.042400_-155.635400
4.13_R,19.0424,-155.643,NAALEHU 5.0 WSW,19.042400_-155.643000
4.14_R,19.0421,-155.6371,"NAALEHU 4.7 WSW, HI US",19.042100_-155.637100
5.1_R,19.01361,-155.66194,Kamaoa Puueo 5.1,19.013610_-155.661940
6.0_R,19.07032619,-155.6355484,KIOLAKAA A&F 6,19.070326_-155.635548
6.2_R,19.0732,-155.6632,NAALEHU 5.7 W,19.073200_-155.663200
9.2_R,19.34805556,-155.1258333,Nene Cabin,19.348056_-155.125833
12.15_R,19.13310292,-155.5152744,SEA MOUNTAIN 12.15,19.133103_-155.515274
14.0_R,19.06032754,-155.5855501,NAALEHU 14,19.060328_-155.585550
21.0_R,19.2042999,-155.4872,Pahala,19.204300_-155.487200
21.3_R,19.20667,-155.48861,PAHALA MAUKA 21.3,19.206670_-155.488610
21.4_R,19.0908,-155.7552,"HAWAIIAN OCEAN VIEW 1.7 NNE, HI US",19.090800_-155.755200
23.0_R,19.23222222,-155.78,KAHUKU,19.232222_-155.780000
24.1_R,19.27032215,-155.8738768,OPIHIHALE 2 24.1,19.270322_-155.873877
26.2_R,19.48975723,-155.9122125,KEALAKEKUA 26.2,19.489757_-155.912213
27.0_R,19.4403158,-155.8788789,HONAUNAU 27,19.440316_-155.878879
27.6_R,19.4629002,-155.8824,Honaunau No. 2,19.462900_-155.882400
28.0_R,19.46864784,-155.9055458,NAPOOPOO 28,19.468648_-155.905546
29.12_R,19.5181007,-155.9159,Kealakekua,19.518101_-155.915900
34.0_R,19.2754993,-155.4514,Kapapala Ranch,19.275499_-155.451400
36.3_R,19.25811,-155.441781,KAPAPALA RANCH,19.258110_-155.441781
38.9_R,19.29277778,-155.1075,KAELAKOMO,19.292778_-155.107500
39.0_R,19.5362,-155.5763,Mauna Loa Observatory,19.536200_-155.576300
39.1_R,19.53863295,-155.5722206,Mauna Loa Upper,19.538633_-155.572221
39.2_R,19.5354,-155.576,MAUNA LOA 5 NNE,19.535400_-155.576000
43.3_R,20.025,-155.8211111,PUHE CS,20.025000_-155.821111
48.0_R,19.3175,-155.2922222,PALI 2,19.317500_-155.292222
49.0_R,19.47361111,-155.3588889,KEAUMO,19.473611_-155.358889
54.0_R,19.429741,-155.257146,HAWAII VOLCNS NP HQ 54,19.429741_-155.257146
54.2_R,19.5076008,-155.1707,Glenwood,19.507601_-155.170700
54.8_R,19.41528,-155.23833,Thurston,19.415280_-155.238330
54.9_R,19.47833,-155.215,Ola a,19.478330_-155.215000
55.3_R,19.4338,-155.2417,VOLCANO 4.4 S,19.433800_-155.241700
55.4_R,19.52194,-155.14389,GLENWOOD NO 2 55.4,19.521940_-155.143890
63.0_R,19.67277778,-156.0202778,KALOKO-HONOKOHAU,19.672778_-156.020278
65.4_R,19.5043,-154.9165,PAHOA 2.1 E,19.504300_-154.916500
65.6_R,19.5021,-155.029,"KURTISTOWN 6.6 SSE, HI US",19.502100_-155.029000
67.14_R,19.4573,-154.9338,"PAHOA 3.0 SSE, HI US",19.457300_-154.933800
67.7_R,19.4654,-154.927,PAHOA 2.7 SSE,19.465400_-154.927000
68.14_R,19.67944,-156.02333,HONOKOHAU HARBOR 68.14,19.679440_-156.023330
68.21_R,19.73556,-156.04889,KAILUA KONA KE AHOLE AIRPORT,19.735560_-156.048890
68.22_R,19.6799,-155.9699,HOLUALOA 4.0 NW,19.679900_-155.969900
69.25_R,19.73756,-155.99582,Palamanui,19.737560_-155.995820
69.26_R,19.7189,-155.9859,KALAOA 2.2 ESE,19.718900_-155.985900
69.27_R,19.7238,-155.9926,KALAOA 1.7,19.723800_-155.992600
70.16_R,19.6331997,-155.9486,Waiaha Stream,19.633200_-155.948600
70.7_R,19.72544,-155.87389,Puuwaawaa,19.725440_-155.873890
73.29_R,19.5310993,-155.9066,Kainaliu Upper,19.531099_-155.906600
73.34_R,19.53333333,-155.9333333,Kainaliu,19.533333_-155.933333
74.8_R,19.5106,-155.9217,KEALAKEKUA 4 74.8,19.510600_-155.921700
75.1_R,19.66694444,-155.7077778,PTA KIPUKA ALALA,19.666944_-155.707778
79.0_R,19.54863532,-155.3005575,KULANI CAMP 79,19.548635_-155.300557
79.6_R,19.5543995,-155.3089,Kulani NWR,19.554399_-155.308900
83.0_R,19.68586111,-155.2942222,QuarryRainGageatSaddleRd,19.685861_-155.294222
85.2_R,19.6585999,-155.1277,Waiakea Uka,19.658600_-155.127700
87.0_R,19.7191,-155.053,HILO INTERNATIONAL AIRPORT 87,19.719100_-155.053000
87.5_R,19.645,-155.0827,HILO 5 S,19.645000_-155.082700
87.8_R,19.692,-155.0925,HILO 0.4 SW,19.692000_-155.092500
87.9_R,19.69748,-155.0954,IPIF,19.697480_-155.095400
88.1_R,19.68362898,-155.1405634,KAUMANA 88.1,19.683629_-155.140563
88.2_R,19.65529741,-155.1205634,WAIAKEA SCD 88.2,19.655297_-155.120563
89.11_R,19.7098007,-155.1395,Piihonua,19.709801_-155.139500
89.13_R,19.7509,-155.1362,"KAIWIKI HOMESTEAD 89.11, HI US",19.750900_-155.136200
89.2_R,19.73529295,-155.1455638,AMAUULU 89.2,19.735293_-155.145564
91.0_R,19.5487,-155.1101,MOUNTAIN VIEW 91,19.548700_-155.110100
91.11_R,19.61861,-155.08667,PUNA MACADAMIA O 91.11,19.618610_-155.086670
91.12_R,19.533,-154.917,HAWAIIAN BEACHES 91.12,19.533000_-154.917000
91.14_R,19.59,-155.083,KURTISTOWN 91.14,19.590000_-155.083000
91.15_R,19.5674992,-155.0841,Mountain View,19.567499_-155.084100
91.16_R,19.5808,-155.1216,"MOUNTAIN VIEW 4.5 NNE, HI US",19.580800_-155.121600
91.17_R,19.5407,-154.9728,"PAHOA BEACON 91.9, HI US",19.540700_-154.972800
91.6_R,19.5145,-155.0206,KURTISTOWN 6.1 SSE,19.514500_-155.020600
91.8_R,19.488,-155.149,S GLEWNWOOD 91.8,19.488000_-155.149000
91.9_R,19.5149994,-154.9644,Pahoa Beacon,19.514999_-154.964400
92.0_R,19.62918887,-155.0333418,KEAAU 92,19.629189_-155.033342
92.5_R,19.82580556,-155.8925833,KiholoRainGage,19.825806_-155.892583
93.11_R,19.48892483,-154.8200037,KAPOHO BEACH 93.11,19.488925_-154.820004
93.12_R,19.83277778,-155.7697222,PUUANAHULU,19.832778_-155.769722
93.13_R,19.80256,-155.85062,Mamalahoa,19.802560_-155.850620
93.61_R,19.5473,-154.8988,"PAHOA 4.7 NE, HI US",19.547300_-154.898800
94.0_R,19.80333333,-155.9180556,KAUPULEHU LAVA FLOW,19.803333_-155.918056
94.5_R,19.795,-155.8452778,PUU WAAWAA,19.795000_-155.845278
95.11_R,19.9465,-155.7883,WAIKOLOA VILLAGE 2.7 ENE,19.946500_-155.788300
95.6_R,19.92416667,-155.7936111,WAIKOLOA,19.924167_-155.793611
95.8_R,19.93389178,-155.7877744,WAIKOLOA 95.8,19.933892_-155.787774
95.9_R,19.91278,-155.87778,WAIKOLOA BEACH RT 95.9,19.912780_-155.877780
98.1_R,20.02666416,-155.81944,PUUKOHOLA HEIAU 98.1,20.026664_-155.819440
98.2_R,19.42194444,-155.9075,PUHO CS,19.421944_-155.907500
99.0_R,19.77166667,-155.7022222,PTA WEST,19.771667_-155.702222
100.0_R,19.82,-155.6508,Waikii,19.820000_-155.650800
101.1_R,19.90222222,-155.6786111,PTA KEAMUKU,19.902222_-155.678611
102.8_R,19.83638889,-155.6130556,AUHMOA,19.836389_-155.613056
103.3_R,19.96,-155.54,Mana House,19.960000_-155.540000
104.1_R,19.77,-155.42,Silversword,19.770000_-155.420000
107.4_R,19.68277778,-155.5452778,PTA EAST,19.682778_-155.545278
109.0_R,19.74583333,-155.6261111,PTA RANGE 17,19.745833_-155.626111
111.0_R,19.76029046,-155.4555569,HALEPOHAKU 111,19.760290_-155.455557
113.2_R,19.92666,-155.44,PUU MALI,19.926660_-155.440000
125.12_R,19.8,-155.3333333,Pua Akala,19.800000_-155.333333
127.5_R,19.93217,-155.29129,Laupahoehoe,19.932170_-155.291290
128.1_R,19.83873,-155.30797,Hakalau,19.838730_-155.307970
129.0_R,19.82111111,-155.3305556,HAKALAU,19.821111_-155.330556
132.2_R,19.96358,-155.25014,Spencer,19.963580_-155.250140
132.3_R,19.9522,-155.185,POHAKUPUKA,19.952200_-155.185000
132.4_R,19.95,-155.217,KAPEHU MAUKA 132.4,19.950000_-155.217000
132.5_R,19.97278,-155.23944,KIHALANI 132.5,19.972780_-155.239440
133.1_R,19.98027372,-155.2305601,LAUPAHOEHOE 133.1,19.980274_-155.230560
133.3_R,19.9792,-155.2372,Laupahoehoe,19.979200_-155.237200
137.4_R,19.8875,-155.12528,WAILEA 137.4,19.887500_-155.125280
138.2_R,19.86139,-155.16361,KAHUNA FALLS 138.2,19.861390_-155.163610
138.3_R,19.8494,-155.15,HONOMU 2.8 SW,19.849400_-155.150000
140.1_R,19.78695738,-155.1388973,PAPAIKOU MAUKA NO 2 140,19.786957_-155.138897
140.5_R,19.835,-155.149,KAUKU 140.5,19.835000_-155.149000
144.1_R,19.78362447,-155.0922318,PAPAIKOU 144.1,19.783624_-155.092232
144.11_R,19.8313,-155.1077,PEPEEKEO 0.2 SSE,19.831300_-155.107700
144.12_R,19.8095,-155.0988,PAPAIKOU 1.1 N,19.809500_-155.098800
147.1_R,20.10027112,-155.8322151,MIDDLE PEN 147.1,20.100271_-155.832215
147.2_R,20.08305556,-155.8325,KOHALA RANCH,20.083056_-155.832500
160.3_R,20.265,-155.8582,Upolu Airport,20.265000_-155.858200
168.0_R,20.23692665,-155.8272119,HAWI 168,20.236927_-155.827212
175.1_R,20.2252605,-155.7922137,KOHALA MISSION 175.1,20.225261_-155.792214
176.3_R,20.1249008,-155.7884,Kahua Ranch HQ,20.124901_-155.788400
178.12_R,20.12554592,-155.7774941,PONOHOLO RCH 178.11,20.125546_-155.777494
179.3_R,20.20694,-155.73778,POLOLU LOOKOUT 179.3,20.206940_-155.737780
185.7_R,20.08533333,-155.6811667,KawainuiRainGagenearKamuela,20.085333_-155.681167
189.0_R,20.01666667,-155.6,Waimea Plain,20.016667_-155.600000
191.1_R,20.01083015,-155.6763867,LALAMILO FLD OF 191.1,20.010830_-155.676387
192.7_R,20.0319996,-155.6667,Kamuela Upper,20.032000_-155.666700
199.0_R,20.11526922,-155.5822202,KUKUIHAELE HIC 199,20.115269_-155.582220
201.3_R,20.0394993,-155.6084,Kamuela 1,20.039499_-155.608400
206.1_R,20.12167,-155.57417,KUKUIHAELE 206.1,20.121670_-155.574170
214.0_R,20.09193527,-155.4738903,HAINA 214,20.091935_-155.473890
215.0_R,20.08026947,-155.4672231,HONOKAA TOWN 215,20.080269_-155.467223
215.5_R,20.0656,-155.49,Honokaa,20.065600_-155.490000
216.6_R,20.0417,-155.4777,HONOKAA 2.5 SSW,20.041700_-155.477700
216.8_R,20.06111,-155.43528,KALOPA 216.8,20.061110_-155.435280
216.9_R,20.0606,-155.43,HONOKAA 2.7 ESE,20.060600_-155.430000
217.0_R,20.08360173,-155.4372236,PAAUHAU 217,20.083602_-155.437224
217.2_R,20.07306,-155.44722,PAAUHAU MAUKA 217.2,20.073060_-155.447220
221.0_R,20.03860487,-155.3688913,PAAUILO 221,20.038605_-155.368891
221.7_R,20.019,-155.3988,PAAUILO 2.4 SW,20.019000_-155.398800
222.0_R,20.02693892,-155.3422253,KUKAIAU 222,20.026939_-155.342225
223.0_R,20.01527222,-155.2838932,OOKALA 223,20.015272_-155.283893
249.1_R,20.6420893,-156.4388486,MAKENA GOLF CRS 249.1,20.642089_-156.438849
250.0_R,20.648174,-156.398497,ULUPALAKUA RANCH 250,20.648174_-156.398497
250.2_R,20.6487999,-156.3981,Ulupalakua Ranch,20.648800_-156.398100
253.0_R,20.64422222,-156.3420556,AUWAHI HN-141,20.644222_-156.342056
255.0_R,20.6195,-156.2518889,KepuniGulchRainGage,20.619500_-156.251889
256.0_R,20.63014664,-156.2038592,WAIOPAI RANCH 256,20.630147_-156.203859
258.6_R,20.662925,-156.04248,OHE'O 258.6,20.662925_-156.042480
266.0_R,20.68416667,-156.1519444,KAUPO GAP,20.684167_-156.151944
267.0_R,20.70013977,-156.3555187,KULA HOSPITAL 267,20.700140_-156.355519
267.8_R,20.68305556,-156.3216667,KULA 1,20.683056_-156.321667
276.0_R,20.72655556,-156.09225,BIG BOG HN-164,20.726556_-156.092250
277.0_R,20.73630556,-156.1071389,HORSHOE PU'U HN-163,20.736306_-156.107139
278.0_R,20.73422222,-156.1228889,TREE LINE HN-162,20.734222_-156.122889
278.1_R,20.73492113,-156.1234398,Lakes - Subalpine,20.734921_-156.123440
278.11_R,20.745673,-156.1425145,Puu Alaea - Cloud forest,20.745673_-156.142515
278.12_R,20.74567736,-156.1424321,Puu Alaea - Forest line,20.745677_-156.142432
278.2_R,20.735063,-156.1222481,Lakes - Forest line,20.735063_-156.122248
278.3_R,20.73575551,-156.1214124,Lakes - Cloud forest,20.735756_-156.121412
278.4_R,20.73450891,-156.1273482,Lakes - Alpine,20.734509_-156.127348
278.5_R,20.73857613,-156.1365744,Frisbee - Alpine,20.738576_-156.136574
278.6_R,20.74071537,-156.1350318,Frisbee - Subalpine,20.740715_-156.135032
278.7_R,20.74195056,-156.1342138,Frisbee - Forest line,20.741951_-156.134214
278.71_R,20.73622225,-156.1341472,Frisbee - Cloud forest,20.736222_-156.134147
278.8_R,20.74402239,-156.1421477,Puu Alaea - Alpine,20.744022_-156.142148
278.9_R,20.74489428,-156.1421289,Puu Alaea - Subalpine,20.744894_-156.142129
279.0_R,20.73061111,-156.1413056,POHAKAU PALAHA HN-161,20.730611_-156.141306
280.1_R,20.66836111,-156.0522222,OheoGulchRGatdamnearKipahulu,20.668361_-156.052222
307.2_R,20.81346495,-156.5071787,POHAKEA BRIDGE 307.2,20.813465_-156.507179
311.2_R,20.7975,-156.4772222,Kealia Pond NWR,20.797500_-156.477222
311.5_R,20.7061005,-156.437,Kihei 2,20.706101_-156.437000
324.6_R,20.75788889,-156.3200278,KULA AG HN-119,20.757889_-156.320028
324.7_R,20.7577991,-156.3217,Kula Branch Stn,20.757799_-156.321700
328.4_R,20.75763889,-156.2775,PU'U PAHU HN-106,20.757639_-156.277500
333.0_R,20.79179801,-156.2521891,UKULELE 333,20.791798_-156.252189
337.0_R,20.703948,-156.241101,south rim,20.703948_-156.241101
337.1_R,20.714563,-156.2394,Sliding Sands,20.714563_-156.239400
337.11_R,20.7300298,-156.140176,Pohaku Palaha,20.730030_-156.140176
337.12_R,20.73782363,-156.1453106,Puu Alaea,20.737824_-156.145311
337.13_R,20.71236611,-156.1437572,Paliku,20.712366_-156.143757
337.2_R,20.709651,-156.224485,Puu o Pele,20.709651_-156.224485
337.3_R,20.718443,-156.212261,Lava lake,20.718443_-156.212261
337.4_R,20.731704,-156.205387,Silversword loop,20.731704_-156.205387
337.5_R,20.74337371,-156.2288651,Leleiwi,20.743374_-156.228865
337.6_R,20.717807,-156.188007,Puu Nole,20.717807_-156.188007
337.7_R,20.73567887,-156.1754875,Hanakauhi,20.735679_-156.175488
337.8_R,20.73555054,-156.1587809,Aloha Park,20.735551_-156.158781
337.9_R,20.7229056,-156.1544823,Laie,20.722906_-156.154482
338.0_R,20.75846738,-156.2455233,HALEAKALA RANGER STATION 338,20.758467_-156.245523
338.4_R,20.71667,-156.26667,HALEAKALA SUMMIT 338,20.716670_-156.266670
339.4_R,20.75980556,-156.2481667,PARK HQ HN-151,20.759806_-156.248167
339.5_R,20.73819444,-156.2458333,NENE NEST HN-152,20.738194_-156.245833
339.6_R,20.71036111,-156.25675,SUMMIT HN-153,20.710361_-156.256750
348.5_R,20.81436111,-156.1429722,WestWailuaikiRainGagenrKeanae,20.814361_-156.142972
350.0_R,20.81179461,-156.1171956,PAAKEA 350,20.811795_-156.117196
353.0_R,20.7946,-156.0157,Hana AP,20.794600_-156.015700
355.0_R,20.792,-156.017,HANA AIRPORT 355,20.792000_-156.017000
361.1_R,20.8909,-156.6556,Lahainaluna,20.890900_-156.655600
364.0_R,20.89679257,-156.6621736,WAHIKULI 364,20.896793_-156.662174
380.0_R,20.89083333,-156.6008333,PuuKukuiRainGageatalt,20.890833_-156.600833
386.0_R,20.89345755,-156.4971783,WAILUKU 386,20.893458_-156.497178
386.6_R,20.8831005,-156.5124,Wailuku,20.883101_-156.512400
390.0_R,20.8491,-156.5092,WAIKAPU 390,20.849100_-156.509200
390.4_R,20.8346996,-156.5135,Waikapu Country Club,20.834700_-156.513500
396.0_R,20.8717927,-156.4538466,PUUNENE 396,20.871793_-156.453847
398.0_R,20.8887,-156.41,KAHULUI AIRPORT,20.888700_-156.410000
406.0_R,20.9051221,-156.3738494,PAIA 406,20.905122_-156.373849
423.0_R,20.86679262,-156.3405177,HALIIMAILE 423,20.866793_-156.340518
426.6_R,20.8355007,-156.3307,Pukalani,20.835501_-156.330700
446.0_R,20.89012208,-156.2121892,KAILUA 446,20.890122_-156.212189
457.1_R,20.93194,-156.67611,PUUKOLII 457.1,20.931940_-156.676110
462.4_R,20.9625,-156.6753,KAPALUA W.MAUI AIRPORT 462.4,20.962500_-156.675300
466.0_R,20.94678808,-156.6555055,MAHINAHINA 466,20.946788_-156.655506
474.0_R,20.9951177,-156.6391163,FIELD 46 474,20.995118_-156.639116
482.0_R,20.94012106,-156.5255102,WAIHEE VALLEY 482,20.940121_-156.525510
482.4_R,20.9539,-156.5342,KAHAKULOA MAUKA 482,20.953900_-156.534200
482.5_R,20.9540997,-156.5342,Kahakuloa,20.954100_-156.534200
484.0_R,20.91623388,-156.5088444,WAIEHU CAMP 484,20.916234_-156.508844
485.0_R,20.91345401,-156.3455169,HAMAKUAPOKO 485,20.913454_-156.345517
486.7_R,20.92011989,-156.3071849,HAIKU 3.2 SE,20.920120_-156.307185
489.0_R,20.9288998,-156.3225,Haiku,20.928900_-156.322500
490.7_R,20.89306,-156.30306,KUIAHA 490.7,20.893060_-156.303060
492.2_R,20.91,-156.282,HALEHAKU 492.2,20.910000_-156.282000
493.0_R,21.00011804,-156.655505,HONOKOHUA 493,21.000118_-156.655505
494.0_R,21.010978,-156.633839,HONOLUA FIELD 49 494,21.010978_-156.633839
497.0_R,21.02511528,-156.6005068,NAKALELE FIELD 60 497,21.025115_-156.600507
499.11_R,20.5625,-156.5630556,LUA MAKIKA,20.562500_-156.563056
499.12_R,20.54361111,-156.6408333,KEALIALALO,20.543611_-156.640833
499.13_R,20.58027778,-156.5711111,HAKIOAWA,20.580278_-156.571111
499.9_R,20.52222222,-156.5658333,KANELOA,20.522222_-156.565833
511.0_R,21.13348648,-157.2121842,MAUNALOA 511,21.133486_-157.212184
524.0_R,21.15514996,-157.0924625,MOLOKAI KAUNAKAKAI MOLOKAI AIRPORT,21.155150_-157.092463
536.0_R,21.08876308,-157.0216311,KAUNAKAKAI 536,21.088763_-157.021631
536.5_R,21.0946007,-157.0174,Kaunakakai Mauka,21.094601_-157.017400
536.6_R,21.068,-156.963,KAUNAKAKAI 3.5 ESE,21.068000_-156.963000
538.0_R,21.115,-156.9475,MOLOKAI 1,21.115000_-156.947500
541.2_R,21.14083333,-156.9022222,Puu ALII WEST,21.140833_-156.902222
550.3_R,21.1804,-157.2319,MAUNALOA 3.2 NNW,21.180400_-157.231900
553.0_R,21.20333333,-156.9661111,MAKAPULAPAI,21.203333_-156.966111
563.0_R,21.19014673,-156.9824624,KALAUPAPA 563,21.190147_-156.982462
672.1_R,20.8262997,-156.9182,Lanai City,20.826300_-156.918200
679.0_R,20.87333333,-157.0063889,LANAI 1,20.873333_-157.006389
702.2_R,21.313926,-157.999529,HONOLULU OBSERV 702.2,21.313926_-157.999529
702.7_R,21.31667,-158.06667,Kapolei-Kalaeloa AP,21.316670_-158.066670
702.8_R,21.3150005,-157.9992,PTWC,21.315001_-157.999200
703.0_R,21.324,-157.9294,HONOLULU INTERNATIONAL AIRPORT,21.324000_-157.929400
703.1_R,21.3287,-157.9298,"HONOLULU FIRE STATION 703.1, HI US",21.328700_-157.929800
705.0_R,21.305169,-157.8522571,BERETANIA PUMP STN 705,21.305169_-157.852257
705.12_R,21.3034,-157.8627,Aloha Tower,21.303400_-157.862700
706.5_R,21.32180556,-157.8694722,Niuhelewai HCC JD,21.321806_-157.869472
707.2_R,21.30489073,-157.8305905,EWA KALAELOA AIRPORT,21.304891_-157.830590
707.5_R,21.3004,-157.8293,HONOLULU 2.0 SW,21.300400_-157.829300
709.0_R,21.31016855,-157.846146,PUNCHBOWL CRATER 709,21.310169_-157.846146
711.6_R,21.29322222,-157.8127222,"ManoaRGatKanewaiFld,Honolulu",21.293222_-157.812722
711.7_R,21.28944444,-157.8155556,H-1RainGageatKapiolaniAve,21.289444_-157.815556
712.1_R,21.31044568,-157.8147571,MANOA 712.1,21.310446_-157.814757
713.0_R,21.29933514,-157.8167017,UNIV OF HAWAII 713,21.299335_-157.816702
715.0_R,21.27433592,-157.7880917,WAIALAE KAHALA,21.274336_-157.788092
716.0_R,21.32794416,-157.7914236,MANOA TUN 2 716,21.327944_-157.791424
717.2_R,21.27183682,-157.8180917,WAIKIKI 717.2,21.271837_-157.818092
718.0_R,21.32183297,-157.7717015,PALOLO VALLEY 718,21.321833_-157.771702
720.6_R,21.285,-157.7816,HONOLULU 2.7 SSE,21.285000_-157.781600
721.0_R,21.29766804,-157.7853133,WILHELMINA RISE 721,21.297668_-157.785313
721.4_R,21.2996006,-157.7944,Palolo Fire Stn,21.299601_-157.794400
723.4_R,21.28172556,-157.7282194,PAIKO DRIVE 723.4,21.281726_-157.728219
723.8_R,21.2896996,-157.7332,Niu Valley,21.289700_-157.733200
724.19_R,21.29889,-157.66444,HAWAII KAI GC 724.19,21.298890_-157.664440
724.21_R,21.3085995,-157.6791,Kamehame,21.308599_-157.679100
728.2_R,21.385,-158.1041667,PALEHUA,21.385000_-158.104167
740.5_R,21.3869991,-158.0358,Kunia,21.386999_-158.035800
741.0_R,21.3401713,-158.0339215,EWA PLANTATION 741,21.340171_-158.033921
742.4_R,21.35666667,-158.0205556,HONOULIULI PHB,21.356667_-158.020556
750.0_R,21.38683459,-158.0072536,WAIPAHU 750,21.386835_-158.007254
752.6_R,21.38694444,-157.9811111,WAIAWA PHB,21.386944_-157.981111
764.6_R,21.39488776,-157.91031,AIEA HEIGHTS 764.6,21.394888_-157.910310
764.7_R,21.393,-157.9186,AIEA 0.7 ENE,21.393000_-157.918600
770.0_R,21.34794527,-157.8950332,MOANALUA 770,21.347945_-157.895033
771.11_R,21.40488889,-157.8504444,N.HalawaValleyRGattunnel,21.404889_-157.850444
771.9_R,21.382,-157.9033333,NHalawaRainGagenrHonolulu,21.382000_-157.903333
772.0_R,21.37823611,-157.8700306,MoanaluaRaingagenrHonolulu,21.378236_-157.870031
772.1_R,21.39295833,-157.8908639,N.HalawaRaingagenrAiea,21.392958_-157.890864
772.3_R,21.39338889,-157.8401111,MoanaluaRGNo.1atalt1000,21.393389_-157.840111
772.5_R,21.3736,-157.8801,Moanalua Stream,21.373600_-157.880100
772.6_R,21.38823333,-157.8486389,MoanaluaRaingagenrKaneohe,21.388233_-157.848639
773.0_R,21.33933391,-157.8567005,KAPALAMA 773,21.339334_-157.856700
775.0_R,21.339125,-157.835905,NUUANU RES 5 775,21.339125_-157.835905
777.0_R,21.37516437,-157.8222555,KALIHI RES SITE 777,21.375164_-157.822256
777.3_R,21.3771,-157.8166,Wilson Tunnel,21.377100_-157.816600
780.5_R,21.32711168,-157.8239234,TANTALUS 2 780.5,21.327112_-157.823923
781.0_R,21.40849568,-157.8105878,KANEOHE MAUKA 781,21.408496_-157.810588
781.11_R,21.39184444,-157.809475,LulukuRaingageatalt,21.391844_-157.809475
781.13_R,21.4039,-157.8017,"KANEOHE 0.8 SW, HI US",21.403900_-157.801700
781.7_R,21.3873,-157.8098,LULUKU 781.7,21.387300_-157.809800
781.9_R,21.38628889,-157.7928083,RBKamooaliiRaingagenrKaneohe,21.386289_-157.792808
782.3_R,21.3502007,-157.8184,Nuuanu Upper,21.350201_-157.818400
783.0_R,21.35266525,-157.807534,NUUANU RES 4 783,21.352665_-157.807534
784.0_R,21.33516641,-157.8105899,PAUOA FLATS 784,21.335166_-157.810590
785.4_R,21.3330002,-157.8024,Manoa Lyon Arbo,21.333000_-157.802400
787.1_R,21.351,-157.7668,MAUNAWILI 787.1,21.351000_-157.766800
788.0_R,21.3666,-157.7785,ST STEPHENS SEMINARY,21.366600_-157.778500
788.1_R,21.37183016,-157.7839226,PALI GOLF COURSE 788.1,21.371830_-157.783923
788.2_R,21.3666992,-157.7786,St Stephens Seminary,21.366699_-157.778600
790.11_R,21.3777008,-157.7507,Olomana Fire Stn,21.377701_-157.750700
793.1_R,21.3727,-157.725,WAIMANALO EXPERIMENTAL FARM,21.372700_-157.725000
795.1_R,21.33516407,-157.7105906,WAIMANALO EXP F 795.1,21.335164_-157.710591
795.3_R,21.3356991,-157.7116,Waimanalo Nonokio,21.335699_-157.711600
798.0_R,21.44683495,-158.1855845,WAIANAE 798,21.446835_-158.185585
799.0_R,21.48,-158.1072222,WAIAWA PHB,21.480000_-158.107222
800.3_R,21.47833333,-158.1963889,MAKAHA CTRY CLUB 800.3,21.478333_-158.196389
801.1_R,21.4566994,-158.18,Waianae Kawiwi,21.456699_-158.180000
803.2_R,21.48055556,-158.1552778,WAIANAE VALLEY,21.480556_-158.155278
804.0_R,21.4211006,-158.1352,Lualualei,21.421101_-158.135200
810.1_R,21.48722,-158.02806,WHEELER ARMY AIR FIELD 810.1,21.487220_-158.028060
820.6_R,21.4638004,-157.9991,Mililani,21.463800_-157.999100
821.3_R,21.48880556,-157.9960556,"SFKaukonahuaRainGage,nrWaawa",21.488806_-157.996056
824.2_R,21.4199009,-158.0058,Waipio,21.419901_-158.005800
828.0_R,21.49944444,-157.9933333,SCHOFIELD EAST,21.499444_-157.993333
832.2_R,21.47027778,-157.9708333,KipapaRaingagenrWaawa,21.470278_-157.970833
834.13_R,21.4440994,-157.9669,Waiawa CF,21.444099_-157.966900
835.2_R,21.4298,-157.9452,Palisades,21.429800_-157.945200
837.0_R,21.47016136,-157.8833636,WAIAHOLE 837 ,21.470161_-157.883364
837.11_R,21.48197222,-157.8458333,WaiaholeRGatKamehamehaHwy,21.481972_-157.845833
837.5_R,21.45167,-157.84889,WAIHEE 837.5,21.451670_-157.848890
837.6_R,21.4551,-157.8294,KANEOHE 3.9 NW,21.455100_-157.829400
838.1_R,21.42349474,-157.803921,KANEOHE 838.1,21.423495_-157.803921
839.12_R,21.432,-157.8373,AHUIMANU LOOP 839.12,21.432000_-157.837300
839.15_R,21.4319992,-157.8373,Ahuimanu Loop ,21.431999_-157.837300
839.31_R,21.40628611,-157.829475,HaikuRaingagenrHeeia,21.406286_-157.829475
839.8_R,21.4463997,-157.8584,Waihee Pump,21.446400_-157.858400
840.0_R,21.44404851,-157.7730876,KANEOHE BAY MCAS,21.444049_-157.773088
840.1_R,21.43321608,-157.7869766,COCONUT ISLAND 840.1,21.433216_-157.786977
841.2_R,21.57027778,-158.26,KUAOKALA,21.570278_-158.260000
841.3_R,21.56322317,-158.2430755,KAENA POINT 841.3,21.563223_-158.243076
842.1_R,21.50158333,-158.1801667,MakahaRainGage,21.501583_-158.180167
842.7_R,21.52611111,-158.2041667,MAKUA VALLEY,21.526111_-158.204167
842.8_R,21.52861111,-158.2261111,MAKUA RANGE,21.528611_-158.226111
842.9_R,21.54277778,-158.1988889,MAKUA RIDGE,21.542778_-158.198889
843.8_R,21.576507,-158.159729,WAIALUA 2.0,21.576507_-158.159729
844.5_R,21.50675,-158.1448611,MT Kahala JD,21.506750_-158.144861
845.1_R,21.50638889,-158.1766667,Makaha Valley 1,21.506389_-158.176667
845.2_R,21.50972222,-158.1819444,Makaha Valley 2,21.509722_-158.181944
845.3_R,21.50138889,-158.1725,Makaha Valley 3,21.501389_-158.172500
845.4_R,21.53194444,-158.1688889,Makaha Valley 4A,21.531944_-158.168889
845.5_R,21.51,-158.1633333,Makaha Valley 5,21.510000_-158.163333
845.6_R,21.50611111,-158.1561111,Makaha Valley 6,21.506111_-158.156111
845.7_R,21.50222222,-158.18,Makaha Valley MAK2,21.502222_-158.180000
855.0_R,21.5384949,-158.0855832,KEMOO CAMP 8 855,21.538495_-158.085583
855.3_R,21.5382004,-158.0893,Poamoho Exp Farm,21.538200_-158.089300
855.4_R,21.53833,-158.08917,POAMOHO EXPERIMENTAL FARM 855,21.538330_-158.089170
857.4_R,21.50861111,-158.1147222,SCHOFIELD FIREBREAK,21.508611_-158.114722
858.0_R,21.495,-158.0819444,SCHOFIELD BARRACKS,21.495000_-158.081944
869.0_R,21.58722222,-158.0130556,KAWAILOA TRAINING AREA,21.587222_-158.013056
870.0_R,21.5698814,-158.0278054,OPAEULA 870,21.569881_-158.027805
874.3_R,21.50849545,-158.0089181,UPPER WAHIAWA 874.3,21.508495_-158.008918
882.4_R,21.53341667,-157.9366944,PoamohoRainGageNo.2nrWaawa,21.533417_-157.936694
883.12_R,21.53386111,-157.9213889,"PoamohoRainGageNo1,nrWaawa",21.533861_-157.921389
884.4_R,21.55644444,-157.899,PunaluuRainGageatalt,21.556444_-157.899000
885.6_R,21.53,-157.85028,KUALOA RANCH 885.6,21.530000_-157.850280
885.7_R,21.47747,-157.9369,OAHU FOREST NWR,21.477470_-157.936900
886.11_R,21.51083,-157.86222,"KUALOA RANCH HAKIPUU 886.11, HI US",21.510830_-157.862220
886.4_R,21.54041667,-157.8825556,KahanaRainGageatalt,21.540417_-157.882556
886.6_R,21.49684167,-157.86225,WaikaneRaingageatalt,21.496842_-157.862250
886.8_R,21.5067005,-157.8547,Hakipuu Mauka,21.506701_-157.854700
886.9_R,21.5213,-157.8374,KUALOA RANCH HEADQUATERTERS 886.9,21.521300_-157.837400
892.2_R,21.638859,-158.058759,WAIMEA ARBORETUM 892.2,21.638859_-158.058759
897.1_R,21.62044167,-158.015025,KamananuiRaingagenrMaunawai,21.620442_-158.015025
897.11_R,21.62238889,-158.0143056,KamananuiRainGageatalt,21.622389_-158.014306
897.9_R,21.59902778,-158.0169167,PupukeaRdRainGageatalt,21.599028_-158.016917
901.2_R,21.6793,-157.945,KII KAHUKU 911,21.679300_-157.945000
903.1_R,21.64515375,-157.9291927,B Y U LAIE 903.1,21.645154_-157.929193
903.2_R,21.65,-157.9287,LAIE 0.2 WNW,21.650000_-157.928700
904.1_R,21.60987636,-157.9100271,KAPAKA FARM 904.1,21.609876_-157.910027
905.2_R,21.5843,-157.8915,PUNALULU PUMP 905.2,21.584300_-157.891500
905.22_R,21.5842991,-157.8916,Punaluu Pump,21.584299_-157.891600
909.0_R,21.67916667,-157.9894444,KAHUKU TRAINING AREA,21.679167_-157.989444
911.1_R,21.68833333,-157.9525,KII,21.688333_-157.952500
916.0_R,21.41435556,-158.0979028,Honouliuli,21.414356_-158.097903
927.0_R,21.90353436,-159.5772088,ELEELE 927,21.903534_-159.577209
930.0_R,21.89631087,-159.5572079,WAHIAWA 930,21.896311_-159.557208
931.0_R,21.89019743,-159.5172067,WEST LAWAI 931,21.890197_-159.517207
934.0_R,21.90519794,-159.4938722,EAST LAWAI 934,21.905198_-159.493872
935.0_R,21.890544,-159.489633,KUKUIULA 935,21.890544_-159.489633
936.0_R,21.90686471,-159.4622057,KOLOA 936,21.906865_-159.462206
940.2_R,21.8788,-159.4518,KOLOA 2.1 SSE,21.878800_-159.451800
941.1_R,21.90102957,-159.422207,MAHAULEPU 941.1,21.901030_-159.422207
946.0_R,21.96638889,-159.6638889,WAIMEA HTS,21.966389_-159.663889
965.0_R,21.91909048,-159.6272113,MAKAWELI 965,21.919090_-159.627211
966.4_R,21.9365005,-159.5866,Hanapepe,21.936501_-159.586600
985.0_R,21.92519845,-159.5338717,BRYDESWOOD STA 985,21.925198_-159.533872
986.2_R,21.9183006,-159.5265,Kalaheo,21.918301_-159.526500
986.3_R,21.9075,-159.5181,KALAHEO 1.1 SSE,21.907500_-159.518100
992.1_R,21.9071007,-159.4768,Omao,21.907101_-159.476800
994.0_R,21.94833,-159.46694,KOLOA MAUKA 994,21.948330_-159.466940
1006.0_R,21.96491938,-159.4305374,HALENANAHO 1006,21.964919_-159.430537
1013.0_R,21.96491954,-159.3972052,PUHI 1013,21.964920_-159.397205
1020.0_R,21.97186009,-159.3688726,LIHUE 1020,21.971860_-159.368873
1020.1_R,21.98156999,-159.3422063,LIHUE WEATHER SERVICE OFFICE AIRPORT 1020.1,21.981570_-159.342206
1020.6_R,21.987,-159.338,LIHUE 1.3 NE,21.987000_-159.338000
1022.1_R,21.9923,-159.3586,LIHUE 1.2 NNW,21.992300_-159.358600
1029.0_R,22.02944444,-159.7622222,MANA,22.029444_-159.762222
1036.0_R,22.04083333,-159.6958333,PUU OPAE,22.040833_-159.695833
1042.0_R,22.08972222,-159.5925,WaialaeRainGagenrWaimea,22.089722_-159.592500
1045.0_R,22.07605556,-159.5361111,WaialealeTrailRaingagenrLihue,22.076056_-159.536111
1047.0_R,22.07088889,-159.4979722,Mt.WaialealeRainGagenrLihue,22.070889_-159.497972
1051.0_R,22.0625,-159.4677222,NWailuaDitchRainGagenrLihue,22.062500_-159.467722
1059.0_R,22.0240002,-159.3868,Lihue Variety Stn,22.024000_-159.386800
1060.0_R,22.0660992,-159.396,Wailua UH Exp Stn,22.066099_-159.396000
1061.0_R,22.05682632,-159.4005358,Ekw 5,22.056826_-159.400536
1061.5_R,22.066,-159.3962,Wailua UH Exp Stn,22.066000_-159.396200
1062.1_R,22.0239,-159.387,LIHUE VRTY STA 1062.1,22.023900_-159.387000
1063.2_R,22.0593,-159.365,"KAPAA 2.7 SSW, HI US",22.059300_-159.365000
1065.0_R,22.036817,-159.3405379,WAILUA KAI 1065,22.036817_-159.340538
1065.1_R,22.0722,-159.3766,"KAPAA 2.3 SW, HI US",22.072200_-159.376600
1065.2_R,22.0721,-159.3767,"KAPAA 2.3 SW, HI US",22.072100_-159.376700
1068.0_R,22.07561111,-159.3958889,LBOpaekaaRainGagenrKapaa,22.075611_-159.395889
1069.0_R,22.08916667,-159.6791667,PUU LUA,22.089167_-159.679167
1074.0_R,22.13055556,-159.7152778,MAKAHA RIDGE,22.130556_-159.715278
1075.0_R,22.12972,-159.65861,KANALOHULUHULU 1075,22.129720_-159.658610
1076.0_R,22.1485996,-159.6448,Kokee,22.148600_-159.644800
1080.0_R,22.13492222,-159.6260833,PaukahanaRaingagenrWaimea,22.134922_-159.626083
1082.0_R,22.1245,-159.6220833,WaiakoaliRainGagenrWaimea,22.124500_-159.622083
1083.0_R,22.11708333,-159.6009722,MoCrsgRainGagenrWaimea,22.117083_-159.600972
1084.0_R,22.15408333,-159.5946111,KilohanaRainGafenrHanalei,22.154083_-159.594611
1085.0_R,22.11425,-159.5866667,Mo-KoaieDivideRainGage,22.114250_-159.586667
1094.2_R,22.1021004,-159.3856,Kapahi,22.102100_-159.385600
1094.3_R,22.0936,-159.3758,KAPAA 1.4 W,22.093600_-159.375800
1097.2_R,22.0803,-159.3659,KAPAA 1.4 SSW,22.080300_-159.365900
1097.3_R,22.0805,-159.3662,KAPAA 1.4 SW,22.080500_-159.366200
1097.4_R,22.0829,-159.3786,KAPAA 1.9 WSW,22.082900_-159.378600
1111.4_R,22.1373997,-159.312,Anahola,22.137400_-159.312000
1115.0_R,22.1959,-159.5564,PH WAINIHA 1115,22.195900_-159.556400
1116.1_R,22.2103,-159.5492,"HANALEI 3.0 W, HI US",22.210300_-159.549200
1117.0_R,22.213196,-159.4722008,PRINCEVILLE RANCH 1117,22.213196_-159.472201
1117.8_R,22.1982002,-159.4951,Hanalei,22.198200_-159.495100
1131.7_R,22.17958333,-159.4663889,HanaleiRainGageatHanalei,22.179583_-159.466389
1134.0_R,22.21194093,-159.4072015,KILAUEA 1134,22.211941_-159.407202
1134.1_R,22.208,-159.4062,KILAUEA 0.3 SE,22.208000_-159.406200
1134.2_R,22.2057,-159.4048,KILAUEA 0.5 SE,22.205700_-159.404800
1137.0_R,22.18140774,-159.3777576,KOLOKO RESERVOIR 113,22.181408_-159.377758
1144.1_R,22.1869,-159.3236,ANAHOLA 2.8 N,22.186900_-159.323600
1145.0_R,22.17972,-159.33194,MOLOAA 1145,22.179720_-159.331940
1146.0_R,22.18333333,-159.3375,Moloaa Dairy,22.183333_-159.337500
66.6_R,19.459069,-154.921985,PAHOA 3.3 SEE,19.459069_-154.921985
89.14_R,19.70799,-155.11258,HILO 1.8 WNW,19.707990_-155.112580
432.0_R,20.83346191,-156.3138527,HALEAKALA RANCH 432,20.833462_-156.313853
465.1_R,20.9552002,-156.6562,Mahinahina,20.955200_-156.656200
934.1_R,21.8989,-159.5026,LAWAI 1.8 S,21.898900_-159.502600
76.0_R,19.58363059,-155.4538895,KULANI MAUKA 76,19.583631_-155.453890
98.91_R,19.6225861,-155.927558,HOLUALOA 0.95,19.622586_-155.927558
400.0_R,20.897526,-156.41427,SPRECKELSVILLE 400,20.897526_-156.414270
410.0_R,20.85846016,-156.3805162,KEAHUA 410,20.858460_-156.380516
67.13_R,19.3918,-154.9313,PAHOA 7.5 S,19.391800_-154.931300
93.5_R,19.50364409,-154.8605597,KAPOHO LANDING 93.5,19.503644_-154.860560
542.11_R,21.052,-156.871,Kamalo,21.052000_-156.871000
267.2_R,20.67847493,-156.3288532,POLIPOLI SPRINGS 267.2,20.678475_-156.328853
93.64_R,19.613803,-154.955684,KEAAU 5.5,19.613803_-154.955684
192.9_R,20.0375,-155.6347,PUUKAPU HMSTD 192.9,20.037500_-155.634700
843.7_R,21.57194444,-158.1986111,DILLIINGHAM,21.571944_-158.198611
55.6_R,19.441359,-155.2487445,VOLCANO 4.0,19.441359_-155.248744
65.0_R,19.49197865,-154.9455586,PAHOA 65,19.491979_-154.945559
71.0_R,19.671,-155.8764,HONUAULA 71,19.671000_-155.876400
93.62_R,19.5565,-154.8865,PAHOA 5.7 NE,19.556500_-154.886500
93.63_R,19.594568,-154.936038,HAWAIIAN PARADISE PARK 2.4 E,19.594568_-154.936038
4.15_R,18.9928,-155.668,SOUTH POINT NEAR NAALEHU 12SSW,18.992800_-155.668000
47.0_R,19.47555556,-155.3627778,KEMOKU LAVA FLOW,19.475556_-155.362778
302.0_R,20.7903,-156.514,MAALAEA BAY,20.790300_-156.514000
734.5_R,21.4019,-158.067,HONOULIULI STREAM TRIBUTARY NEAR WAIPAHU 4WNW,21.401900_-158.067000
793.2_R,21.3667,-157.717,BELLOWS AFS AT WAIMANALO,21.366700_-157.717000
801.2_R,21.4503,-158.184,WAIANAE BOAT HARBOR,21.450300_-158.184000
837.12_R,21.48194,-157.8458,WAIAHOLE STREAM NEAR KAHALUU 2N,21.481940_-157.845800
912.0_R,21.695,-157.9811,KAUHUKU 912,21.695000_-157.981100
926.0_R,21.89381249,-159.6010997,PORT ALLEN CAA AIRPORT,21.893812_-159.601100
940.3_R,21.8828,-159.429,POIPU,21.882800_-159.429000
1117.9_R,22.2114,-159.443,PRINCEVILLE AIRPORT NEAR KILAUEA 4W,22.211400_-159.443000
93.8_R,19.8314012,-155.9858256,KONA VILLAGE 93.8,19.831401_-155.985826
785.11_R,21.3283,-157.801,WAIHI STREAM NEAR HONOLULU 3NE,21.328300_-157.801000
1118.8_R,22.217157,-159.474314,PRINCEVILLE 0.8 ESE,22.217157_-159.474314
27.4_R,19.4184,-155.9112,PUUHONUA O HONA 27.4,19.418400_-155.911200
67.9_R,19.4132,-154.9522,KEAUOHANA 67.9,19.413200_-154.952200
9.2_R,19.2564,-155.6144,Nene Cabin,19.256400_-155.614400
54.8_R,19.415215,-155.238394,Nahuku 0201,19.415215_-155.238394
93.13_R,19.80258,-155.850629,Mamalahoa,19.802580_-155.850629
279.0_R,20.730574,-156.141316,POHAKAU PALAHA HN-161,20.730574_-156.141316
946.1_R,21.964722,-159.666944,WAIMEA TANK AT WAIMEA,21.964722_-159.666944
89.15_R,19.7667,-155.1544,HONOLII STREAM NEAR PAPAIKOU NEAR HILO 3N ,19.766700_-155.154400
88.8_R,19.644743,-155.0805636,Waiakea Exp Farm,19.644743_-155.080564
100.3_R,19.8614006,-155.6506,Waikii,19.861401_-155.650600
140.6_R,19.7884998,-155.1313,Papaikou Well,19.788500_-155.131300
329.0_R,20.80179746,-156.2805211,LOWER KAHUKU CS,20.801797_-156.280521
398.0_R,20.8887,-156.436,KAHULUI AIRPORT,20.888700_-156.436000
724.22_R,21.2991009,-157.6644,Hawaii Kai Golf Course,21.299101_-157.664400
759.0_R,21.32183585,-157.9089224,HNL AIRPORT,21.321836_-157.908922
781.12_R,21.3875008,-157.8099,Luluku,21.387501_-157.809900
656.0_R,20.7882389,-156.946639,LANAI AIRPORT 656,20.788239_-156.946639
1052.3_R,22.0227,-159.4651,Waiahi Rain Gage,22.022700_-159.465100
1115.1_R,22.1959991,-159.5563,PH Wainiha,22.195999_-159.556300
837.8_R,21.43139,-157.81528,Heeia NERR,21.431390_-157.815280
499.6_R,20.55694,-156.575,KAHOOLAWE 499.6,20.556940_-156.575000
12.16_R,19.16877,-155.57035,Kaiholena 0231,19.168770_-155.570350
23.1_R,19.2068247,-155.8109802,Kona Hema 0243,19.206825_-155.810980
68.61_R,19.668669,-155.957474,Keahuolu 0241,19.668669_-155.957474
70.7_R,19.725393,-155.873917,Puuwaawaa,19.725393_-155.873917
92.11_R,19.6061748,-155.0515231,Keaau 0202,19.606175_-155.051523
94.6_R,19.77241,-155.83118,Kaiaulu Puu Waawaa 0242,19.772410_-155.831180
126.2_R,19.845036,-155.362586,Kanakaleonui 0211,19.845036_-155.362586
141.1_R,19.834341,-155.122435,Kulaimano 0212,19.834341_-155.122435
181.3_R,20.122834,-155.749329,Kehena 0251,20.122834_-155.749329
191.41_R,20.019528,-155.677085,Lalamilo 0252,20.019528_-155.677085
254.11_R,20.633945,-156.273889,Kahikinui 0144,20.633945_-156.273889
254.12_R,20.644215,-156.284703,Upper Kahikinui 0145,20.644215_-156.284703
267.11_R,20.7067,-156.3554,Keokea 0116,20.706700_-156.355400
283.0_R,20.719497,-156.002356,Hamoa 0165,20.719497_-156.002356
341.7_R,20.773636,-156.222311,WAIKAMOI HN-142,20.773636_-156.222311
361.3_R,20.89072,-156.65493,Lahaina WTP 0131,20.890720_-156.654930
434.11_R,20.8415,-156.2948,Piiholo 0115,20.841500_-156.294800
598.1_R,21.145283,-156.729459,Keopukaloa 0411,21.145283_-156.729459
598.2_R,21.131411,-156.758626,Honolimaloo 0412,21.131411_-156.758626
775.11_R,21.339124,-157.836859,Nuuanu Res1 0502,21.339124_-157.836859
785.12_R,21.333,-157.8025,Lyon 0501,21.333000_-157.802500
1116.2_R,22.219805,-159.575195,Lower Limahuli 0603,22.219805_-159.575195
1117.11_R,22.202647,-159.518833,Waipa 0601,22.202647_-159.518833
1132.11_R,22.197439,-159.42123,Common Ground 0602,22.197439_-159.421230
69.28_R,19.707,-155.978,Kailua-Kona HI US G0154-W6SPO-13 ,19.707000_-155.978000
69.51_R,19.61,-155.96,Kailua Kona HI US E6648-EW6648 ,19.610000_-155.960000
132.6_R,19.9672,-155.2367,"Laupahoehoe, HI US F9660-FW9660",19.967200_-155.236700
208.1_R,20.101,-155.531,Honokaa HI US E6549-AH6AE ,20.101000_-155.531000
387.6_R,20.875,-156.516,Maui HI US AR427-AH6GR ,20.875000_-156.516000
721.5_R,21.298,-157.792,Honolulu HI US AU956-KH6CTR ,21.298000_-157.792000
781.21_R,21.408,-157.794,Kaneohe HI US G0987-GW0987 ,21.408000_-157.794000
781.31_R,21.4,-157.806,Kaneohe HI US D9459-DW9459 ,21.400000_-157.806000
834.14_R,21.423,-157.952,Pearl City HI US F9678-FW9678 ,21.423000_-157.952000
903.4_R,21.65,-157.929,Laie HI US C5306-CW5306 ,21.650000_-157.929000
1065.3_R,22.072,-159.376,Kapaa HI US F9608-FW9608 ,22.072000_-159.376000
84.1_R,19.7064059,-155.1873737,Piihonua 0213,19.706406_-155.187374
260.3_R,20.7458333,-156.4305556,Lipoa 0121,20.745833_-156.430556
775.12_R,21.34666,-157.83641,Upper Waolani 0503,21.346660_-157.836410
775.13_R,21.33756,-157.84092,Waolani 0504,21.337560_-157.840920
322.2_R,20.79532,-156.35991,Pulehu 0118,20.795320_-156.359910
934.2_R,21.905295,-159.510395,Lawai NTBG 0621,21.905295_-159.510395
550.4_R,21.215984,-157.241786,Anapuka 0431,21.215984_-157.241786
784.11_R,21.34522,-157.80556,Kalawahine 0506,21.345220_-157.805560
64.1_R,19.501169,-154.943731,Pahoa 0204,19.501169_-154.943731
77.11_R,19.505859,-155.762429,Kealakekua 0244,19.505859_-155.762429
446.2_R,20.890997,-156.212316,EMI Base Yard 0155,20.890997_-156.212316
480.1_R,20.959694,156.587056,Honokohau Stream near Honokohau,20.959694_156.587056
886.12_R,21.540352,-157.845041,Kaaawa Makai 0541,21.540352_-157.845041
2.19_R,,,,nan_nan
77.12_R,19.5087559,-155.8445347,Kipuka Nui 0245,19.508756_-155.844535
258.7_R,20.661092,-156.044767,Kipahulu VC 0166,20.661092_-156.044767
102.9_R,19.8541197,-155.5915919,Aipalaoa 0222,19.854120_-155.591592
105.1_R,19.9153271,-155.5002897,Kaluamakani 0221,19.915327_-155.500290
892.3_R,21.63252,-158.04065,Kalahee Ridge 0551,21.632520_-158.040650
297.1_R,20.82078,-156.6152,Olowalu 0132,20.820780_-156.615200
480.1_R,20.959694,-156.587056,Honokohau Stream near Honokohau,20.959694_-156.587056
775.14_R,21.35489,-157.83063,Napuumaia 0505,21.354890_-157.830630
