OBJECTID *,OBJECTID,IN_FID,NEAR_FID,NEAR_DIST,NEAR_RANK,FROM_X,FROM_Y,NEAR_X,NEAR_Y,FID,Name,lat,lon,Res_ID,ID,FID,SKN,LAT,LON,Station_Na,UID,UID_X,UID_Y
1,-1,0,325,0.012782,1,-157.980722,21.497361,-157.993333,21.499444,0,"Ku Tree Reservoir near Wahiawa, Oahu, HI",21.497361,-157.980722,"	OA-0025",USGS_16208400,325,828.0_R,21.499444,-157.993333,SCHOFIELD EAST,21.499444_-157.993333,-157.993333,21.499444
2,-1,0,323,0.017559,2,-157.980722,21.497361,-157.996056,21.488806,0,"Ku Tree Reservoir near Wahiawa, Oahu, HI",21.497361,-157.980722,"	OA-0025",USGS_16208400,323,821.3_R,21.488806,-157.996056,"SFKaukonahuaRainGage,nrWaawa",21.488806_-157.996056,-157.996056,21.488806
3,-1,0,326,0.028832,3,-157.980722,21.497361,-157.970833,21.470278,0,"Ku Tree Reservoir near Wahiawa, Oahu, HI",21.497361,-157.980722,"	OA-0025",USGS_16208400,326,832.2_R,21.470278,-157.970833,KipapaRaingagenrWaawa,21.470278_-157.970833,-157.970833,21.470278
4,-1,0,362,0.030315,4,-157.980722,21.497361,-158.008918,21.508495,0,"Ku Tree Reservoir near Wahiawa, Oahu, HI",21.497361,-157.980722,"	OA-0025",USGS_16208400,362,874.3_R,21.508495,-158.008918,UPPER WAHIAWA 874.3,21.508495_-158.008918,-158.008918,21.508495
5,-1,0,322,0.038263,5,-157.980722,21.497361,-157.9991,21.4638,0,"Ku Tree Reservoir near Wahiawa, Oahu, HI",21.497361,-157.980722,"	OA-0025",USGS_16208400,322,820.6_R,21.4638,-157.9991,Mililani,21.463800_-157.999100,-157.9991,21.4638
6,-1,0,367,0.048125,6,-157.980722,21.497361,-157.9369,21.47747,0,"Ku Tree Reservoir near Wahiawa, Oahu, HI",21.497361,-157.980722,"	OA-0025",USGS_16208400,367,885.7_R,21.47747,-157.9369,OAHU FOREST NWR,21.477470_-157.936900,-157.9369,21.47747
7,-1,0,321,0.048412,7,-157.980722,21.497361,-158.02806,21.48722,0,"Ku Tree Reservoir near Wahiawa, Oahu, HI",21.497361,-157.980722,"	OA-0025",USGS_16208400,321,810.1_R,21.48722,-158.02806,WHEELER ARMY AIR FIELD 810.1,21.487220_-158.028060,-158.02806,21.48722
8,-1,0,327,0.055026,8,-157.980722,21.497361,-157.9669,21.444099,0,"Ku Tree Reservoir near Wahiawa, Oahu, HI",21.497361,-157.980722,"	OA-0025",USGS_16208400,327,834.13_R,21.444099,-157.9669,Waiawa CF,21.444099_-157.966900,-157.9669,21.444099
9,-1,0,363,0.056907,9,-157.980722,21.497361,-157.936694,21.533417,0,"Ku Tree Reservoir near Wahiawa, Oahu, HI",21.497361,-157.980722,"	OA-0025",USGS_16208400,363,882.4_R,21.533417,-157.936694,PoamohoRainGageNo.2nrWaawa,21.533417_-157.936694,-157.936694,21.533417
10,-1,0,364,0.069661,10,-157.980722,21.497361,-157.921389,21.533861,0,"Ku Tree Reservoir near Wahiawa, Oahu, HI",21.497361,-157.980722,"	OA-0025",USGS_16208400,364,883.12_R,21.533861,-157.921389,"PoamohoRainGageNo1,nrWaawa",21.533861_-157.921389,-157.921389,21.533861
11,-1,1,447,0.00276,1,-159.379056,22.178972,-159.377758,22.181408,1,"Ka Loko Reservoir near Kilauea, Kauai, HI",22.178972,-159.379056,KA-0030,USGS_16094150,447,1137.0_R,22.181408,-159.377758,KOLOKO RESERVOIR 113,22.181408_-159.377758,-159.377758,22.181408
12,-1,1,446,0.03711,2,-159.379056,22.178972,-159.4048,22.2057,1,"Ka Loko Reservoir near Kilauea, Kauai, HI",22.178972,-159.379056,KA-0030,USGS_16094150,446,1134.2_R,22.2057,-159.4048,KILAUEA 0.5 SE,22.205700_-159.404800,-159.4048,22.2057
13,-1,1,445,0.039742,3,-159.379056,22.178972,-159.4062,22.208,1,"Ka Loko Reservoir near Kilauea, Kauai, HI",22.178972,-159.379056,KA-0030,USGS_16094150,445,1134.1_R,22.208,-159.4062,KILAUEA 0.3 SE,22.208000_-159.406200,-159.4062,22.208
14,-1,1,450,0.041784,4,-159.379056,22.178972,-159.3375,22.183333,1,"Ka Loko Reservoir near Kilauea, Kauai, HI",22.178972,-159.379056,KA-0030,USGS_16094150,450,1146.0_R,22.183333,-159.3375,Moloaa Dairy,22.183333_-159.337500,-159.3375,22.183333
15,-1,1,444,0.043349,5,-159.379056,22.178972,-159.407202,22.211941,1,"Ka Loko Reservoir near Kilauea, Kauai, HI",22.178972,-159.379056,KA-0030,USGS_16094150,444,1134.0_R,22.211941,-159.407202,KILAUEA 1134,22.211941_-159.407202,-159.407202,22.211941
16,-1,1,530,0.04604,6,-159.379056,22.178972,-159.42123,22.197439,1,"Ka Loko Reservoir near Kilauea, Kauai, HI",22.178972,-159.379056,KA-0030,USGS_16094150,530,1132.11_R,22.197439,-159.42123,Common Ground 0602,22.197439_-159.421230,-159.42123,22.197439
17,-1,1,449,0.047122,7,-159.379056,22.178972,-159.33194,22.17972,1,"Ka Loko Reservoir near Kilauea, Kauai, HI",22.178972,-159.379056,KA-0030,USGS_16094150,449,1145.0_R,22.17972,-159.33194,MOLOAA 1145,22.179720_-159.331940,-159.33194,22.17972
18,-1,1,448,0.056019,8,-159.379056,22.178972,-159.3236,22.1869,1,"Ka Loko Reservoir near Kilauea, Kauai, HI",22.178972,-159.379056,KA-0030,USGS_16094150,448,1144.1_R,22.1869,-159.3236,ANAHOLA 2.8 N,22.186900_-159.323600,-159.3236,22.1869
19,-1,1,482,0.071697,9,-159.379056,22.178972,-159.443,22.2114,1,"Ka Loko Reservoir near Kilauea, Kauai, HI",22.178972,-159.379056,KA-0030,USGS_16094150,482,1117.9_R,22.2114,-159.443,PRINCEVILLE AIRPORT NEAR KILAUEA 4W,22.211400_-159.443000,-159.443,22.2114
20,-1,1,433,0.07715,10,-159.379056,22.178972,-159.3856,22.1021,1,"Ka Loko Reservoir near Kilauea, Kauai, HI",22.178972,-159.379056,KA-0030,USGS_16094150,433,1094.2_R,22.1021,-159.3856,Kapahi,22.102100_-159.385600,-159.3856,22.1021
21,-1,2,321,0.023606,1,-158.049778,21.496472,-158.02806,21.48722,2,"Wahiawa Reservoir at Spillway at Wahiawa, Oahu, HI",21.496472,-158.049778,OA-0017,USGS_16210000,321,810.1_R,21.48722,-158.02806,WHEELER ARMY AIR FIELD 810.1,21.487220_-158.028060,-158.02806,21.48722
22,-1,2,359,0.0322,2,-158.049778,21.496472,-158.081944,21.495,2,"Wahiawa Reservoir at Spillway at Wahiawa, Oahu, HI",21.496472,-158.049778,OA-0017,USGS_16210000,359,858.0_R,21.495,-158.081944,SCHOFIELD BARRACKS,21.495000_-158.081944,-158.081944,21.495
23,-1,2,362,0.042592,3,-158.049778,21.496472,-158.008918,21.508495,2,"Wahiawa Reservoir at Spillway at Wahiawa, Oahu, HI",21.496472,-158.049778,OA-0017,USGS_16210000,362,874.3_R,21.508495,-158.008918,UPPER WAHIAWA 874.3,21.508495_-158.008918,-158.008918,21.508495
24,-1,2,323,0.054266,4,-158.049778,21.496472,-157.996056,21.488806,2,"Wahiawa Reservoir at Spillway at Wahiawa, Oahu, HI",21.496472,-158.049778,OA-0017,USGS_16210000,323,821.3_R,21.488806,-157.996056,"SFKaukonahuaRainGage,nrWaawa",21.488806_-157.996056,-157.996056,21.488806
25,-1,2,355,0.055208,5,-158.049778,21.496472,-158.085583,21.538495,2,"Wahiawa Reservoir at Spillway at Wahiawa, Oahu, HI",21.496472,-158.049778,OA-0017,USGS_16210000,355,855.0_R,21.538495,-158.085583,KEMOO CAMP 8 855,21.538495_-158.085583,-158.085583,21.538495
26,-1,2,325,0.056523,6,-158.049778,21.496472,-157.993333,21.499444,2,"Wahiawa Reservoir at Spillway at Wahiawa, Oahu, HI",21.496472,-158.049778,OA-0017,USGS_16210000,325,828.0_R,21.499444,-157.993333,SCHOFIELD EAST,21.499444_-157.993333,-157.993333,21.499444
27,-1,2,356,0.057474,7,-158.049778,21.496472,-158.0893,21.5382,2,"Wahiawa Reservoir at Spillway at Wahiawa, Oahu, HI",21.496472,-158.049778,OA-0017,USGS_16210000,356,855.3_R,21.5382,-158.0893,Poamoho Exp Farm,21.538200_-158.089300,-158.0893,21.5382
28,-1,2,357,0.057479,8,-158.049778,21.496472,-158.08917,21.53833,2,"Wahiawa Reservoir at Spillway at Wahiawa, Oahu, HI",21.496472,-158.049778,OA-0017,USGS_16210000,357,855.4_R,21.53833,-158.08917,POAMOHO EXPERIMENTAL FARM 855,21.538330_-158.089170,-158.08917,21.53833
29,-1,2,316,0.059759,9,-158.049778,21.496472,-158.107222,21.48,2,"Wahiawa Reservoir at Spillway at Wahiawa, Oahu, HI",21.496472,-158.049778,OA-0017,USGS_16210000,316,799.0_R,21.48,-158.107222,WAIAWA PHB,21.480000_-158.107222,-158.107222,21.48
30,-1,2,322,0.060297,10,-158.049778,21.496472,-157.9991,21.4638,2,"Wahiawa Reservoir at Spillway at Wahiawa, Oahu, HI",21.496472,-158.049778,OA-0017,USGS_16210000,322,820.6_R,21.4638,-157.9991,Mililani,21.463800_-157.999100,-157.9991,21.4638
31,-1,3,326,0.021787,1,-157.970194,21.492056,-157.970833,21.470278,3,"Reservoir near Wahiawa, Oahu, HI",21.492056,-157.970194,OA-0156,USGS_213320158061401,326,832.2_R,21.470278,-157.970833,KipapaRaingagenrWaawa,21.470278_-157.970833,-157.970833,21.470278
32,-1,3,325,0.02429,2,-157.970194,21.492056,-157.993333,21.499444,3,"Reservoir near Wahiawa, Oahu, HI",21.492056,-157.970194,OA-0156,USGS_213320158061401,325,828.0_R,21.499444,-157.993333,SCHOFIELD EAST,21.499444_-157.993333,-157.993333,21.499444
33,-1,3,323,0.026065,3,-157.970194,21.492056,-157.996056,21.488806,3,"Reservoir near Wahiawa, Oahu, HI",21.492056,-157.970194,OA-0156,USGS_213320158061401,323,821.3_R,21.488806,-157.996056,"SFKaukonahuaRainGage,nrWaawa",21.488806_-157.996056,-157.996056,21.488806
34,-1,3,367,0.036349,4,-157.970194,21.492056,-157.9369,21.47747,3,"Reservoir near Wahiawa, Oahu, HI",21.492056,-157.970194,OA-0156,USGS_213320158061401,367,885.7_R,21.47747,-157.9369,OAHU FOREST NWR,21.477470_-157.936900,-157.9369,21.47747
35,-1,3,322,0.040421,5,-157.970194,21.492056,-157.9991,21.4638,3,"Reservoir near Wahiawa, Oahu, HI",21.492056,-157.970194,OA-0156,USGS_213320158061401,322,820.6_R,21.4638,-157.9991,Mililani,21.463800_-157.999100,-157.9991,21.4638
36,-1,3,362,0.042069,6,-157.970194,21.492056,-158.008918,21.508495,3,"Reservoir near Wahiawa, Oahu, HI",21.492056,-157.970194,OA-0156,USGS_213320158061401,362,874.3_R,21.508495,-158.008918,UPPER WAHIAWA 874.3,21.508495_-158.008918,-158.008918,21.508495
37,-1,3,327,0.048069,7,-157.970194,21.492056,-157.9669,21.444099,3,"Reservoir near Wahiawa, Oahu, HI",21.492056,-157.970194,OA-0156,USGS_213320158061401,327,834.13_R,21.444099,-157.9669,Waiawa CF,21.444099_-157.966900,-157.9669,21.444099
38,-1,3,363,0.053226,8,-157.970194,21.492056,-157.936694,21.533417,3,"Reservoir near Wahiawa, Oahu, HI",21.492056,-157.970194,OA-0156,USGS_213320158061401,363,882.4_R,21.533417,-157.936694,PoamohoRainGageNo.2nrWaawa,21.533417_-157.936694,-157.936694,21.533417
39,-1,3,321,0.058067,9,-157.970194,21.492056,-158.02806,21.48722,3,"Reservoir near Wahiawa, Oahu, HI",21.492056,-157.970194,OA-0156,USGS_213320158061401,321,810.1_R,21.48722,-158.02806,WHEELER ARMY AIR FIELD 810.1,21.487220_-158.028060,-158.02806,21.48722
40,-1,3,364,0.064263,10,-157.970194,21.492056,-157.921389,21.533861,3,"Reservoir near Wahiawa, Oahu, HI",21.492056,-157.970194,OA-0156,USGS_213320158061401,364,883.12_R,21.533861,-157.921389,"PoamohoRainGageNo1,nrWaawa",21.533861_-157.921389,-157.921389,21.533861
41,-1,4,391,0.012802,1,-159.4496,21.9091,-159.462206,21.906865,4,Waita,21.9091,-159.4496,KA-0099,USGS_213133158014201,391,936.0_R,21.906865,-159.462206,KOLOA 936,21.906865_-159.462206,-159.462206,21.906865
42,-1,4,400,0.027273,2,-159.4496,21.9091,-159.4768,21.907101,4,Waita,21.9091,-159.4496,KA-0099,USGS_213133158014201,400,992.1_R,21.907101,-159.4768,Omao,21.907101_-159.476800,-159.4768,21.907101
43,-1,4,393,0.028557,3,-159.4496,21.9091,-159.422207,21.90103,4,Waita,21.9091,-159.4496,KA-0099,USGS_213133158014201,393,941.1_R,21.90103,-159.422207,MAHAULEPU 941.1,21.901030_-159.422207,-159.422207,21.90103
44,-1,4,392,0.03038,4,-159.4496,21.9091,-159.4518,21.8788,4,Waita,21.9091,-159.4496,KA-0099,USGS_213133158014201,392,940.2_R,21.8788,-159.4518,KOLOA 2.1 SSE,21.878800_-159.451800,-159.4518,21.8788
45,-1,4,481,0.033407,5,-159.4496,21.9091,-159.429,21.8828,4,Waita,21.9091,-159.4496,KA-0099,USGS_213133158014201,481,940.3_R,21.8828,-159.429,POIPU,21.882800_-159.429000,-159.429,21.8828
46,-1,4,401,0.042891,6,-159.4496,21.9091,-159.46694,21.94833,4,Waita,21.9091,-159.4496,KA-0099,USGS_213133158014201,401,994.0_R,21.94833,-159.46694,KOLOA MAUKA 994,21.948330_-159.466940,-159.46694,21.94833
47,-1,4,390,0.044124,7,-159.4496,21.9091,-159.489633,21.890544,4,Waita,21.9091,-159.4496,KA-0099,USGS_213133158014201,390,935.0_R,21.890544,-159.489633,KUKUIULA 935,21.890544_-159.489633,-159.489633,21.890544
48,-1,4,389,0.044444,8,-159.4496,21.9091,-159.493872,21.905198,4,Waita,21.9091,-159.4496,KA-0099,USGS_213133158014201,389,934.0_R,21.905198,-159.493872,EAST LAWAI 934,21.905198_-159.493872,-159.493872,21.905198
49,-1,4,455,0.053973,9,-159.4496,21.9091,-159.5026,21.8989,4,Waita,21.9091,-159.4496,KA-0099,USGS_213133158014201,455,934.1_R,21.8989,-159.5026,LAWAI 1.8 S,21.898900_-159.502600,-159.5026,21.8989
50,-1,4,402,0.058985,10,-159.4496,21.9091,-159.430537,21.964919,4,Waita,21.9091,-159.4496,KA-0099,USGS_213133158014201,402,1006.0_R,21.964919,-159.430537,HALENANAHO 1006,21.964919_-159.430537,-159.430537,21.964919
51,-1,5,447,0.018968,1,-159.374,22.2,-159.377758,22.181408,5,Waiakalua,22.2,-159.374,KA-0010,USGS_213308158035601,447,1137.0_R,22.181408,-159.377758,KOLOKO RESERVOIR 113,22.181408_-159.377758,-159.377758,22.181408
52,-1,5,446,0.031323,2,-159.374,22.2,-159.4048,22.2057,5,Waiakalua,22.2,-159.374,KA-0010,USGS_213308158035601,446,1134.2_R,22.2057,-159.4048,KILAUEA 0.5 SE,22.205700_-159.404800,-159.4048,22.2057
53,-1,5,445,0.033179,3,-159.374,22.2,-159.4062,22.208,5,Waiakalua,22.2,-159.374,KA-0010,USGS_213308158035601,445,1134.1_R,22.208,-159.4062,KILAUEA 0.3 SE,22.208000_-159.406200,-159.4062,22.208
54,-1,5,444,0.035284,4,-159.374,22.2,-159.407202,22.211941,5,Waiakalua,22.2,-159.374,KA-0010,USGS_213308158035601,444,1134.0_R,22.211941,-159.407202,KILAUEA 1134,22.211941_-159.407202,-159.407202,22.211941
55,-1,5,450,0.040125,5,-159.374,22.2,-159.3375,22.183333,5,Waiakalua,22.2,-159.374,KA-0010,USGS_213308158035601,450,1146.0_R,22.183333,-159.3375,Moloaa Dairy,22.183333_-159.337500,-159.3375,22.183333
56,-1,5,449,0.046694,6,-159.374,22.2,-159.33194,22.17972,5,Waiakalua,22.2,-159.374,KA-0010,USGS_213308158035601,449,1145.0_R,22.17972,-159.33194,MOLOAA 1145,22.179720_-159.331940,-159.33194,22.17972
57,-1,5,530,0.047299,7,-159.374,22.2,-159.42123,22.197439,5,Waiakalua,22.2,-159.374,KA-0010,USGS_213308158035601,530,1132.11_R,22.197439,-159.42123,Common Ground 0602,22.197439_-159.421230,-159.42123,22.197439
58,-1,5,448,0.052075,8,-159.374,22.2,-159.3236,22.1869,5,Waiakalua,22.2,-159.374,KA-0010,USGS_213308158035601,448,1144.1_R,22.1869,-159.3236,ANAHOLA 2.8 N,22.186900_-159.323600,-159.3236,22.1869
59,-1,5,482,0.069935,9,-159.374,22.2,-159.443,22.2114,5,Waiakalua,22.2,-159.374,KA-0010,USGS_213308158035601,482,1117.9_R,22.2114,-159.443,PRINCEVILLE AIRPORT NEAR KILAUEA 4W,22.211400_-159.443000,-159.443,22.2114
60,-1,5,438,0.088107,10,-159.374,22.2,-159.312,22.1374,5,Waiakalua,22.2,-159.374,KA-0010,USGS_213308158035601,438,1111.4_R,22.1374,-159.312,Anahola,22.137400_-159.312000,-159.312,22.1374
61,-1,6,215,0.025294,1,-156.3559,20.8873,-156.373849,20.905122,6,HC&S #24,20.8873,-156.3559,MA-0073,USGS_16206600,215,406.0_R,20.905122,-156.373849,PAIA 406,20.905122_-156.373849,-156.373849,20.905122
62,-1,6,216,0.025635,2,-156.3559,20.8873,-156.340518,20.866793,6,HC&S #24,20.8873,-156.3559,MA-0073,USGS_16206600,216,423.0_R,20.866793,-156.340518,HALIIMAILE 423,20.866793_-156.340518,-156.340518,20.866793
63,-1,6,227,0.02814,3,-156.3559,20.8873,-156.345517,20.913454,6,HC&S #24,20.8873,-156.3559,MA-0073,USGS_16206600,227,485.0_R,20.913454,-156.345517,HAMAKUAPOKO 485,20.913454_-156.345517,-156.345517,20.913454
64,-1,6,459,0.037917,4,-156.3559,20.8873,-156.380516,20.85846,6,HC&S #24,20.8873,-156.3559,MA-0073,USGS_16206600,459,410.0_R,20.85846,-156.380516,KEAHUA 410,20.858460_-156.380516,-156.380516,20.85846
65,-1,6,230,0.053153,5,-156.3559,20.8873,-156.30306,20.89306,6,HC&S #24,20.8873,-156.3559,MA-0073,USGS_16206600,230,490.7_R,20.89306,-156.30306,KUIAHA 490.7,20.893060_-156.303060,-156.30306,20.89306
66,-1,6,229,0.053349,6,-156.3559,20.8873,-156.3225,20.9289,6,HC&S #24,20.8873,-156.3559,MA-0073,USGS_16206600,229,489.0_R,20.9289,-156.3225,Haiku,20.928900_-156.322500,-156.3225,20.9289
67,-1,6,214,0.054118,7,-156.3559,20.8873,-156.41,20.8887,6,HC&S #24,20.8873,-156.3559,MA-0073,USGS_16206600,214,398.0_R,20.8887,-156.41,KAHULUI AIRPORT,20.888700_-156.410000,-156.41,20.8887
68,-1,6,217,0.057604,8,-156.3559,20.8873,-156.3307,20.835501,6,HC&S #24,20.8873,-156.3559,MA-0073,USGS_16206600,217,426.6_R,20.835501,-156.3307,Pukalani,20.835501_-156.330700,-156.3307,20.835501
69,-1,6,228,0.058739,9,-156.3559,20.8873,-156.307185,20.92012,6,HC&S #24,20.8873,-156.3559,MA-0073,USGS_16206600,228,486.7_R,20.92012,-156.307185,HAIKU 3.2 SE,20.920120_-156.307185,-156.307185,20.92012
70,-1,6,458,0.059259,10,-156.3559,20.8873,-156.41427,20.897526,6,HC&S #24,20.8873,-156.3559,MA-0073,USGS_16206600,458,400.0_R,20.897526,-156.41427,SPRECKELSVILLE 400,20.897526_-156.414270,-156.41427,20.897526
71,-1,7,526,0.000064,1,-157.8368,21.3391,-157.836859,21.339124,7,Nuuanu No 1,21.3391,-157.8368,OA-0154,EDD00214,526,775.11_R,21.339124,-157.836859,Nuuanu Res1 0502,21.339124_-157.836859,-157.836859,21.339124
72,-1,7,294,0.000895,2,-157.8368,21.3391,-157.835905,21.339125,7,Nuuanu No 1,21.3391,-157.8368,OA-0154,EDD00214,294,775.0_R,21.339125,-157.835905,NUUANU RES 5 775,21.339125_-157.835905,-157.835905,21.339125
73,-1,7,545,0.004398,3,-157.8368,21.3391,-157.84092,21.33756,7,Nuuanu No 1,21.3391,-157.8368,OA-0154,EDD00214,545,775.13_R,21.33756,-157.84092,Waolani 0504,21.337560_-157.840920,-157.84092,21.33756
74,-1,7,544,0.00757,4,-157.8368,21.3391,-157.83641,21.34666,7,Nuuanu No 1,21.3391,-157.8368,OA-0154,EDD00214,544,775.12_R,21.34666,-157.83641,Upper Waolani 0503,21.346660_-157.836410,-157.83641,21.34666
75,-1,7,563,0.016953,5,-157.8368,21.3391,-157.83063,21.35489,7,Nuuanu No 1,21.3391,-157.8368,OA-0154,EDD00214,563,775.14_R,21.35489,-157.83063,Napuumaia 0505,21.354890_-157.830630,-157.83063,21.35489
76,-1,7,297,0.017593,6,-157.8368,21.3391,-157.823923,21.327112,7,Nuuanu No 1,21.3391,-157.8368,OA-0154,EDD00214,297,780.5_R,21.327112,-157.823923,TANTALUS 2 780.5,21.327112_-157.823923,-157.823923,21.327112
77,-1,7,293,0.019902,7,-157.8368,21.3391,-157.8567,21.339334,7,Nuuanu No 1,21.3391,-157.8368,OA-0154,EDD00214,293,773.0_R,21.339334,-157.8567,KAPALAMA 773,21.339334_-157.856700,-157.8567,21.339334
78,-1,7,303,0.021489,8,-157.8368,21.3391,-157.8184,21.350201,7,Nuuanu No 1,21.3391,-157.8368,OA-0154,EDD00214,303,782.3_R,21.350201,-157.8184,Nuuanu Upper,21.350201_-157.818400,-157.8184,21.350201
79,-1,7,305,0.026504,9,-157.8368,21.3391,-157.81059,21.335166,7,Nuuanu No 1,21.3391,-157.8368,OA-0154,EDD00214,305,784.0_R,21.335166,-157.81059,PAUOA FLATS 784,21.335166_-157.810590,-157.81059,21.335166
80,-1,7,261,0.030404,10,-157.8368,21.3391,-157.846146,21.310169,7,Nuuanu No 1,21.3391,-157.8368,OA-0154,EDD00214,261,709.0_R,21.310169,-157.846146,PUNCHBOWL CRATER 709,21.310169_-157.846146,-157.846146,21.310169
81,-1,8,361,0.000925,1,-158.0277,21.5708,-158.027805,21.569881,8,Opaeula 01,21.5708,-158.0277,OA-0018,EDD00CC6,361,870.0_R,21.569881,-158.027805,OPAEULA 870,21.569881_-158.027805,-158.027805,21.569881
82,-1,8,360,0.022003,2,-158.0277,21.5708,-158.013056,21.587222,8,Opaeula 01,21.5708,-158.0277,OA-0018,EDD00CC6,360,869.0_R,21.587222,-158.013056,KAWAILOA TRAINING AREA,21.587222_-158.013056,-158.013056,21.587222
83,-1,8,376,0.030217,3,-158.0277,21.5708,-158.016917,21.599028,8,Opaeula 01,21.5708,-158.0277,OA-0018,EDD00CC6,376,897.9_R,21.599028,-158.016917,PupukeaRdRainGageatalt,21.599028_-158.016917,-158.016917,21.599028
84,-1,8,374,0.051234,4,-158.0277,21.5708,-158.015025,21.620442,8,Opaeula 01,21.5708,-158.0277,OA-0018,EDD00CC6,374,897.1_R,21.620442,-158.015025,KamananuiRaingagenrMaunawai,21.620442_-158.015025,-158.015025,21.620442
85,-1,8,375,0.053299,5,-158.0277,21.5708,-158.014306,21.622389,8,Opaeula 01,21.5708,-158.0277,OA-0018,EDD00CC6,375,897.11_R,21.622389,-158.014306,KamananuiRainGageatalt,21.622389_-158.014306,-158.014306,21.622389
86,-1,8,560,0.063064,6,-158.0277,21.5708,-158.04065,21.63252,8,Opaeula 01,21.5708,-158.0277,OA-0018,EDD00CC6,560,892.3_R,21.63252,-158.04065,Kalahee Ridge 0551,21.632520_-158.040650,-158.04065,21.63252
87,-1,8,362,0.065074,7,-158.0277,21.5708,-158.008918,21.508495,8,Opaeula 01,21.5708,-158.0277,OA-0018,EDD00CC6,362,874.3_R,21.508495,-158.008918,UPPER WAHIAWA 874.3,21.508495_-158.008918,-158.008918,21.508495
88,-1,8,355,0.066288,8,-158.0277,21.5708,-158.085583,21.538495,8,Opaeula 01,21.5708,-158.0277,OA-0018,EDD00CC6,355,855.0_R,21.538495,-158.085583,KEMOO CAMP 8 855,21.538495_-158.085583,-158.085583,21.538495
89,-1,8,357,0.069519,9,-158.0277,21.5708,-158.08917,21.53833,8,Opaeula 01,21.5708,-158.0277,OA-0018,EDD00CC6,357,855.4_R,21.53833,-158.08917,POAMOHO EXPERIMENTAL FARM 855,21.538330_-158.089170,-158.08917,21.53833
90,-1,8,356,0.069694,10,-158.0277,21.5708,-158.0893,21.5382,8,Opaeula 01,21.5708,-158.0277,OA-0018,EDD00CC6,356,855.3_R,21.5382,-158.0893,Poamoho Exp Farm,21.538200_-158.089300,-158.0893,21.5382
91,-1,9,418,0.01158,1,-159.3963,22.017,-159.387,22.0239,9,Kapaia,22.017,-159.3963,KA-0012,EDD01162,418,1062.1_R,22.0239,-159.387,LIHUE VRTY STA 1062.1,22.023900_-159.387000,-159.387,22.0239
92,-1,9,414,0.011801,2,-159.3963,22.017,-159.3868,22.024,9,Kapaia,22.017,-159.3963,KA-0012,EDD01162,414,1059.0_R,22.024,-159.3868,Lihue Variety Stn,22.024000_-159.386800,-159.3868,22.024
93,-1,9,416,0.040051,3,-159.3963,22.017,-159.400536,22.056826,9,Kapaia,22.017,-159.3963,KA-0012,EDD01162,416,1061.0_R,22.056826,-159.400536,Ekw 5,22.056826_-159.400536,-159.400536,22.056826
94,-1,9,407,0.045071,4,-159.3963,22.017,-159.3586,21.9923,9,Kapaia,22.017,-159.3963,KA-0012,EDD01162,407,1022.1_R,21.9923,-159.3586,LIHUE 1.2 NNW,21.992300_-159.358600,-159.3586,21.9923
95,-1,9,417,0.049,5,-159.3963,22.017,-159.3962,22.066,9,Kapaia,22.017,-159.3963,KA-0012,EDD01162,417,1061.5_R,22.066,-159.3962,Wailua UH Exp Stn,22.066000_-159.396200,-159.3962,22.066
96,-1,9,415,0.0491,6,-159.3963,22.017,-159.396,22.066099,9,Kapaia,22.017,-159.3963,KA-0012,EDD01162,415,1060.0_R,22.066099,-159.396,Wailua UH Exp Stn,22.066099_-159.396000,-159.396,22.066099
97,-1,9,403,0.052088,7,-159.3963,22.017,-159.397205,21.96492,9,Kapaia,22.017,-159.3963,KA-0012,EDD01162,403,1013.0_R,21.96492,-159.397205,PUHI 1013,21.964920_-159.397205,-159.397205,21.96492
98,-1,9,419,0.052621,8,-159.3963,22.017,-159.365,22.0593,9,Kapaia,22.017,-159.3963,KA-0012,EDD01162,419,1063.2_R,22.0593,-159.365,"KAPAA 2.7 SSW, HI US",22.059300_-159.365000,-159.365,22.0593
99,-1,9,404,0.052819,9,-159.3963,22.017,-159.368873,21.97186,9,Kapaia,22.017,-159.3963,KA-0012,EDD01162,404,1020.0_R,21.97186,-159.368873,LIHUE 1020,21.971860_-159.368873,-159.368873,21.97186
100,-1,9,422,0.058482,10,-159.3963,22.017,-159.3767,22.0721,9,Kapaia,22.017,-159.3963,KA-0012,EDD01162,422,1065.2_R,22.0721,-159.3767,"KAPAA 2.3 SW, HI US",22.072100_-159.376700,-159.3767,22.0721
101,-1,10,417,0.005061,1,-159.4006,22.0635,-159.3962,22.066,10,Wailua,22.0635,-159.4006,KA-0060,EDD024F8,417,1061.5_R,22.066,-159.3962,Wailua UH Exp Stn,22.066000_-159.396200,-159.3962,22.066
102,-1,10,415,0.005284,2,-159.4006,22.0635,-159.396,22.066099,10,Wailua,22.0635,-159.4006,KA-0060,EDD024F8,415,1060.0_R,22.066099,-159.396,Wailua UH Exp Stn,22.066099_-159.396000,-159.396,22.066099
103,-1,10,416,0.006674,3,-159.4006,22.0635,-159.400536,22.056826,10,Wailua,22.0635,-159.4006,KA-0060,EDD024F8,416,1061.0_R,22.056826,-159.400536,Ekw 5,22.056826_-159.400536,-159.400536,22.056826
104,-1,10,423,0.012995,4,-159.4006,22.0635,-159.395889,22.075611,10,Wailua,22.0635,-159.4006,KA-0060,EDD024F8,423,1068.0_R,22.075611,-159.395889,LBOpaekaaRainGagenrKapaa,22.075611_-159.395889,-159.395889,22.075611
105,-1,10,422,0.0254,5,-159.4006,22.0635,-159.3767,22.0721,10,Wailua,22.0635,-159.4006,KA-0060,EDD024F8,422,1065.2_R,22.0721,-159.3767,"KAPAA 2.3 SW, HI US",22.072100_-159.376700,-159.3767,22.0721
106,-1,10,421,0.025528,6,-159.4006,22.0635,-159.3766,22.0722,10,Wailua,22.0635,-159.4006,KA-0060,EDD024F8,421,1065.1_R,22.0722,-159.3766,"KAPAA 2.3 SW, HI US",22.072200_-159.376600,-159.3766,22.0722
107,-1,10,541,0.026027,7,-159.4006,22.0635,-159.376,22.072,10,Wailua,22.0635,-159.4006,KA-0060,EDD024F8,541,1065.3_R,22.072,-159.376,Kapaa HI US F9608-FW9608,22.072000_-159.376000,-159.376,22.072
108,-1,10,437,0.029332,8,-159.4006,22.0635,-159.3786,22.0829,10,Wailua,22.0635,-159.4006,KA-0060,EDD024F8,437,1097.4_R,22.0829,-159.3786,KAPAA 1.9 WSW,22.082900_-159.378600,-159.3786,22.0829
109,-1,10,419,0.035847,9,-159.4006,22.0635,-159.365,22.0593,10,Wailua,22.0635,-159.4006,KA-0060,EDD024F8,419,1063.2_R,22.0593,-159.365,"KAPAA 2.7 SSW, HI US",22.059300_-159.365000,-159.365,22.0593
110,-1,10,436,0.038371,10,-159.4006,22.0635,-159.3662,22.0805,10,Wailua,22.0635,-159.4006,KA-0060,EDD024F8,436,1097.3_R,22.0805,-159.3662,KAPAA 1.4 SW,22.080500_-159.366200,-159.3662,22.0805
111,-1,11,389,0.007607,1,-159.4936,21.9128,-159.493872,21.905198,11,Aepo,21.9128,-159.4936,KA-0103,EDD02A2A,389,934.0_R,21.905198,-159.493872,EAST LAWAI 934,21.905198_-159.493872,-159.493872,21.905198
112,-1,11,455,0.016559,2,-159.4936,21.9128,-159.5026,21.8989,11,Aepo,21.9128,-159.4936,KA-0103,EDD02A2A,455,934.1_R,21.8989,-159.5026,LAWAI 1.8 S,21.898900_-159.502600,-159.5026,21.8989
113,-1,11,400,0.01774,3,-159.4936,21.9128,-159.4768,21.907101,11,Aepo,21.9128,-159.4936,KA-0103,EDD02A2A,400,992.1_R,21.907101,-159.4768,Omao,21.907101_-159.476800,-159.4768,21.907101
114,-1,11,547,0.018396,4,-159.4936,21.9128,-159.510395,21.905295,11,Aepo,21.9128,-159.4936,KA-0103,EDD02A2A,547,934.2_R,21.905295,-159.510395,Lawai NTBG 0621,21.905295_-159.510395,-159.510395,21.905295
115,-1,11,390,0.022607,5,-159.4936,21.9128,-159.489633,21.890544,11,Aepo,21.9128,-159.4936,KA-0103,EDD02A2A,390,935.0_R,21.890544,-159.489633,KUKUIULA 935,21.890544_-159.489633,-159.489633,21.890544
116,-1,11,399,0.025067,6,-159.4936,21.9128,-159.5181,21.9075,11,Aepo,21.9128,-159.4936,KA-0103,EDD02A2A,399,986.3_R,21.9075,-159.5181,KALAHEO 1.1 SSE,21.907500_-159.518100,-159.5181,21.9075
117,-1,11,391,0.03195,7,-159.4936,21.9128,-159.462206,21.906865,11,Aepo,21.9128,-159.4936,KA-0103,EDD02A2A,391,936.0_R,21.906865,-159.462206,KOLOA 936,21.906865_-159.462206,-159.462206,21.906865
118,-1,11,388,0.032683,8,-159.4936,21.9128,-159.517207,21.890197,11,Aepo,21.9128,-159.4936,KA-0103,EDD02A2A,388,931.0_R,21.890197,-159.517207,WEST LAWAI 931,21.890197_-159.517207,-159.517207,21.890197
119,-1,11,398,0.033357,9,-159.4936,21.9128,-159.5265,21.918301,11,Aepo,21.9128,-159.4936,KA-0103,EDD02A2A,398,986.2_R,21.918301,-159.5265,Kalaheo,21.918301_-159.526500,-159.5265,21.918301
120,-1,11,397,0.042137,10,-159.4936,21.9128,-159.533872,21.925198,11,Aepo,21.9128,-159.4936,KA-0103,EDD02A2A,397,985.0_R,21.925198,-159.533872,BRYDESWOOD STA 985,21.925198_-159.533872,-159.533872,21.925198
121,-1,12,389,0.017128,1,-159.4972,21.922,-159.493872,21.905198,12,Huinawai,21.922,-159.4972,KA-0104,EDD0378E,389,934.0_R,21.905198,-159.493872,EAST LAWAI 934,21.905198_-159.493872,-159.493872,21.905198
122,-1,12,547,0.021288,2,-159.4972,21.922,-159.510395,21.905295,12,Huinawai,21.922,-159.4972,KA-0104,EDD0378E,547,934.2_R,21.905295,-159.510395,Lawai NTBG 0621,21.905295_-159.510395,-159.510395,21.905295
123,-1,12,455,0.023723,3,-159.4972,21.922,-159.5026,21.8989,12,Huinawai,21.922,-159.4972,KA-0104,EDD0378E,455,934.1_R,21.8989,-159.5026,LAWAI 1.8 S,21.898900_-159.502600,-159.5026,21.8989
124,-1,12,400,0.025262,4,-159.4972,21.922,-159.4768,21.907101,12,Huinawai,21.922,-159.4972,KA-0104,EDD0378E,400,992.1_R,21.907101,-159.4768,Omao,21.907101_-159.476800,-159.4768,21.907101
125,-1,12,399,0.025437,5,-159.4972,21.922,-159.5181,21.9075,12,Huinawai,21.922,-159.4972,KA-0104,EDD0378E,399,986.3_R,21.9075,-159.5181,KALAHEO 1.1 SSE,21.907500_-159.518100,-159.5181,21.9075
126,-1,12,398,0.029533,6,-159.4972,21.922,-159.5265,21.918301,12,Huinawai,21.922,-159.4972,KA-0104,EDD0378E,398,986.2_R,21.918301,-159.5265,Kalaheo,21.918301_-159.526500,-159.5265,21.918301
127,-1,12,390,0.032353,7,-159.4972,21.922,-159.489633,21.890544,12,Huinawai,21.922,-159.4972,KA-0104,EDD0378E,390,935.0_R,21.890544,-159.489633,KUKUIULA 935,21.890544_-159.489633,-159.489633,21.890544
128,-1,12,397,0.036811,8,-159.4972,21.922,-159.533872,21.925198,12,Huinawai,21.922,-159.4972,KA-0104,EDD0378E,397,985.0_R,21.925198,-159.533872,BRYDESWOOD STA 985,21.925198_-159.533872,-159.533872,21.925198
129,-1,12,388,0.037572,9,-159.4972,21.922,-159.517207,21.890197,12,Huinawai,21.922,-159.4972,KA-0104,EDD0378E,388,931.0_R,21.890197,-159.517207,WEST LAWAI 931,21.890197_-159.517207,-159.517207,21.890197
130,-1,12,391,0.038127,10,-159.4972,21.922,-159.462206,21.906865,12,Huinawai,21.922,-159.4972,KA-0104,EDD0378E,391,936.0_R,21.906865,-159.462206,KOLOA 936,21.906865_-159.462206,-159.462206,21.906865
131,-1,13,390,0.006321,1,-159.4882,21.8967,-159.489633,21.890544,13,Aepoeha,21.8967,-159.4882,KA-0112,EDD0395C,390,935.0_R,21.890544,-159.489633,KUKUIULA 935,21.890544_-159.489633,-159.489633,21.890544
132,-1,13,389,0.010217,2,-159.4882,21.8967,-159.493872,21.905198,13,Aepoeha,21.8967,-159.4882,KA-0112,EDD0395C,389,934.0_R,21.905198,-159.493872,EAST LAWAI 934,21.905198_-159.493872,-159.493872,21.905198
133,-1,13,455,0.014567,3,-159.4882,21.8967,-159.5026,21.8989,13,Aepoeha,21.8967,-159.4882,KA-0112,EDD0395C,455,934.1_R,21.8989,-159.5026,LAWAI 1.8 S,21.898900_-159.502600,-159.5026,21.8989
134,-1,13,400,0.015432,4,-159.4882,21.8967,-159.4768,21.907101,13,Aepoeha,21.8967,-159.4882,KA-0112,EDD0395C,400,992.1_R,21.907101,-159.4768,Omao,21.907101_-159.476800,-159.4768,21.907101
135,-1,13,547,0.023801,5,-159.4882,21.8967,-159.510395,21.905295,13,Aepoeha,21.8967,-159.4882,KA-0112,EDD0395C,547,934.2_R,21.905295,-159.510395,Lawai NTBG 0621,21.905295_-159.510395,-159.510395,21.905295
136,-1,13,391,0.027911,6,-159.4882,21.8967,-159.462206,21.906865,13,Aepoeha,21.8967,-159.4882,KA-0112,EDD0395C,391,936.0_R,21.906865,-159.462206,KOLOA 936,21.906865_-159.462206,-159.462206,21.906865
137,-1,13,388,0.029727,7,-159.4882,21.8967,-159.517207,21.890197,13,Aepoeha,21.8967,-159.4882,KA-0112,EDD0395C,388,931.0_R,21.890197,-159.517207,WEST LAWAI 931,21.890197_-159.517207,-159.517207,21.890197
138,-1,13,399,0.031791,8,-159.4882,21.8967,-159.5181,21.9075,13,Aepoeha,21.8967,-159.4882,KA-0112,EDD0395C,399,986.3_R,21.9075,-159.5181,KALAHEO 1.1 SSE,21.907500_-159.518100,-159.5181,21.9075
139,-1,13,392,0.040563,9,-159.4882,21.8967,-159.4518,21.8788,13,Aepoeha,21.8967,-159.4882,KA-0112,EDD0395C,392,940.2_R,21.8788,-159.4518,KOLOA 2.1 SSE,21.878800_-159.451800,-159.4518,21.8788
140,-1,13,398,0.043971,10,-159.4882,21.8967,-159.5265,21.918301,13,Aepoeha,21.8967,-159.4882,KA-0112,EDD0395C,398,986.2_R,21.918301,-159.5265,Kalaheo,21.918301_-159.526500,-159.5265,21.918301
141,-1,14,397,0.006149,1,-159.5283,21.9278,-159.533872,21.925198,14,Elua,21.9278,-159.5283,KA-0117,EDD0411E,397,985.0_R,21.925198,-159.533872,BRYDESWOOD STA 985,21.925198_-159.533872,-159.533872,21.925198
142,-1,14,398,0.009668,2,-159.5283,21.9278,-159.5265,21.918301,14,Elua,21.9278,-159.5283,KA-0117,EDD0411E,398,986.2_R,21.918301,-159.5265,Kalaheo,21.918301_-159.526500,-159.5265,21.918301
143,-1,14,399,0.022718,3,-159.5283,21.9278,-159.5181,21.9075,14,Elua,21.9278,-159.5283,KA-0117,EDD0411E,399,986.3_R,21.9075,-159.5181,KALAHEO 1.1 SSE,21.907500_-159.518100,-159.5181,21.9075
144,-1,14,547,0.028759,4,-159.5283,21.9278,-159.510395,21.905295,14,Elua,21.9278,-159.5283,KA-0117,EDD0411E,547,934.2_R,21.905295,-159.510395,Lawai NTBG 0621,21.905295_-159.510395,-159.510395,21.905295
145,-1,14,455,0.038674,5,-159.5283,21.9278,-159.5026,21.8989,14,Elua,21.9278,-159.5283,KA-0117,EDD0411E,455,934.1_R,21.8989,-159.5026,LAWAI 1.8 S,21.898900_-159.502600,-159.5026,21.8989
146,-1,14,388,0.039205,6,-159.5283,21.9278,-159.517207,21.890197,14,Elua,21.9278,-159.5283,KA-0117,EDD0411E,388,931.0_R,21.890197,-159.517207,WEST LAWAI 931,21.890197_-159.517207,-159.517207,21.890197
147,-1,14,389,0.041184,7,-159.5283,21.9278,-159.493872,21.905198,14,Elua,21.9278,-159.5283,KA-0117,EDD0411E,389,934.0_R,21.905198,-159.493872,EAST LAWAI 934,21.905198_-159.493872,-159.493872,21.905198
148,-1,14,387,0.042746,8,-159.5283,21.9278,-159.557208,21.896311,14,Elua,21.9278,-159.5283,KA-0117,EDD0411E,387,930.0_R,21.896311,-159.557208,WAHIAWA 930,21.896311_-159.557208,-159.557208,21.896311
149,-1,14,390,0.053695,9,-159.5283,21.9278,-159.489633,21.890544,14,Elua,21.9278,-159.5283,KA-0117,EDD0411E,390,935.0_R,21.890544,-159.489633,KUKUIULA 935,21.890544_-159.489633,-159.489633,21.890544
150,-1,14,386,0.054598,10,-159.5283,21.9278,-159.577209,21.903534,14,Elua,21.9278,-159.5283,KA-0117,EDD0411E,386,927.0_R,21.903534,-159.577209,ELEELE 927,21.903534_-159.577209,-159.577209,21.903534
151,-1,15,530,0.014592,1,-159.431,22.1866,-159.42123,22.197439,15,Kalihiwai,22.1866,-159.431,KA-0024,EDD04FCC,530,1132.11_R,22.197439,-159.42123,Common Ground 0602,22.197439_-159.421230,-159.42123,22.197439
152,-1,15,482,0.027551,2,-159.431,22.1866,-159.443,22.2114,15,Kalihiwai,22.1866,-159.431,KA-0024,EDD04FCC,482,1117.9_R,22.2114,-159.443,PRINCEVILLE AIRPORT NEAR KILAUEA 4W,22.211400_-159.443000,-159.443,22.2114
153,-1,15,446,0.032423,3,-159.431,22.1866,-159.4048,22.2057,15,Kalihiwai,22.1866,-159.431,KA-0024,EDD04FCC,446,1134.2_R,22.2057,-159.4048,KILAUEA 0.5 SE,22.205700_-159.404800,-159.4048,22.2057
154,-1,15,445,0.032757,4,-159.431,22.1866,-159.4062,22.208,15,Kalihiwai,22.1866,-159.431,KA-0024,EDD04FCC,445,1134.1_R,22.208,-159.4062,KILAUEA 0.3 SE,22.208000_-159.406200,-159.4062,22.208
155,-1,15,444,0.034764,5,-159.431,22.1866,-159.407202,22.211941,15,Kalihiwai,22.1866,-159.431,KA-0024,EDD04FCC,444,1134.0_R,22.211941,-159.407202,KILAUEA 1134,22.211941_-159.407202,-159.407202,22.211941
156,-1,15,443,0.036078,6,-159.431,22.1866,-159.466389,22.179583,15,Kalihiwai,22.1866,-159.431,KA-0024,EDD04FCC,443,1131.7_R,22.179583,-159.466389,HanaleiRainGageatHanalei,22.179583_-159.466389,-159.466389,22.179583
157,-1,15,441,0.049039,7,-159.431,22.1866,-159.472201,22.213196,15,Kalihiwai,22.1866,-159.431,KA-0024,EDD04FCC,441,1117.0_R,22.213196,-159.472201,PRINCEVILLE RANCH 1117,22.213196_-159.472201,-159.472201,22.213196
158,-1,15,485,0.053008,8,-159.431,22.1866,-159.474314,22.217157,15,Kalihiwai,22.1866,-159.431,KA-0024,EDD04FCC,485,1118.8_R,22.217157,-159.474314,PRINCEVILLE 0.8 ESE,22.217157_-159.474314,-159.474314,22.217157
159,-1,15,447,0.053495,9,-159.431,22.1866,-159.377758,22.181408,15,Kalihiwai,22.1866,-159.431,KA-0024,EDD04FCC,447,1137.0_R,22.181408,-159.377758,KOLOKO RESERVOIR 113,22.181408_-159.377758,-159.377758,22.181408
160,-1,15,442,0.065141,10,-159.431,22.1866,-159.4951,22.1982,15,Kalihiwai,22.1866,-159.431,KA-0024,EDD04FCC,442,1117.8_R,22.1982,-159.4951,Hanalei,22.198200_-159.495100,-159.4951,22.1982
161,-1,16,401,0.007126,1,-159.4686,21.9414,-159.46694,21.94833,16,Mauka,21.9414,-159.4686,KA-0119,EDD05268,401,994.0_R,21.94833,-159.46694,KOLOA MAUKA 994,21.948330_-159.466940,-159.46694,21.94833
162,-1,16,391,0.035122,2,-159.4686,21.9414,-159.462206,21.906865,16,Mauka,21.9414,-159.4686,KA-0119,EDD05268,391,936.0_R,21.906865,-159.462206,KOLOA 936,21.906865_-159.462206,-159.462206,21.906865
163,-1,16,400,0.035266,3,-159.4686,21.9414,-159.4768,21.907101,16,Mauka,21.9414,-159.4686,KA-0119,EDD05268,400,992.1_R,21.907101,-159.4768,Omao,21.907101_-159.476800,-159.4768,21.907101
164,-1,16,389,0.044151,4,-159.4686,21.9414,-159.493872,21.905198,16,Mauka,21.9414,-159.4686,KA-0119,EDD05268,389,934.0_R,21.905198,-159.493872,EAST LAWAI 934,21.905198_-159.493872,-159.493872,21.905198
165,-1,16,402,0.044743,5,-159.4686,21.9414,-159.430537,21.964919,16,Mauka,21.9414,-159.4686,KA-0119,EDD05268,402,1006.0_R,21.964919,-159.430537,HALENANAHO 1006,21.964919_-159.430537,-159.430537,21.964919
166,-1,16,455,0.054427,6,-159.4686,21.9414,-159.5026,21.8989,16,Mauka,21.9414,-159.4686,KA-0119,EDD05268,455,934.1_R,21.8989,-159.5026,LAWAI 1.8 S,21.898900_-159.502600,-159.5026,21.8989
167,-1,16,390,0.055034,7,-159.4686,21.9414,-159.489633,21.890544,16,Mauka,21.9414,-159.4686,KA-0119,EDD05268,390,935.0_R,21.890544,-159.489633,KUKUIULA 935,21.890544_-159.489633,-159.489633,21.890544
168,-1,16,547,0.05523,8,-159.4686,21.9414,-159.510395,21.905295,16,Mauka,21.9414,-159.4686,KA-0119,EDD05268,547,934.2_R,21.905295,-159.510395,Lawai NTBG 0621,21.905295_-159.510395,-159.510395,21.905295
169,-1,16,399,0.059995,9,-159.4686,21.9414,-159.5181,21.9075,16,Mauka,21.9414,-159.4686,KA-0119,EDD05268,399,986.3_R,21.9075,-159.5181,KALAHEO 1.1 SSE,21.907500_-159.518100,-159.5181,21.9075
170,-1,16,393,0.061499,10,-159.4686,21.9414,-159.422207,21.90103,16,Mauka,21.9414,-159.4686,KA-0119,EDD05268,393,941.1_R,21.90103,-159.422207,MAHAULEPU 941.1,21.901030_-159.422207,-159.422207,21.90103
171,-1,17,407,0.01518,1,-159.3647,22.0062,-159.3586,21.9923,17,Okinawa,22.0062,-159.3647,KA-0014,EDD05CBA,407,1022.1_R,21.9923,-159.3586,LIHUE 1.2 NNW,21.992300_-159.358600,-159.3586,21.9923
172,-1,17,414,0.028377,2,-159.3647,22.0062,-159.3868,22.024,17,Okinawa,22.0062,-159.3647,KA-0014,EDD05CBA,414,1059.0_R,22.024,-159.3868,Lihue Variety Stn,22.024000_-159.386800,-159.3868,22.024
173,-1,17,418,0.028471,3,-159.3647,22.0062,-159.387,22.0239,17,Okinawa,22.0062,-159.3647,KA-0014,EDD05CBA,418,1062.1_R,22.0239,-159.387,LIHUE VRTY STA 1062.1,22.023900_-159.387000,-159.387,22.0239
174,-1,17,406,0.032887,4,-159.3647,22.0062,-159.338,21.987,17,Okinawa,22.0062,-159.3647,KA-0014,EDD05CBA,406,1020.6_R,21.987,-159.338,LIHUE 1.3 NE,21.987000_-159.338000,-159.338,21.987
175,-1,17,405,0.033356,5,-159.3647,22.0062,-159.342206,21.98157,17,Okinawa,22.0062,-159.3647,KA-0014,EDD05CBA,405,1020.1_R,21.98157,-159.342206,LIHUE WEATHER SERVICE OFFICE AIRPORT 1020.1,21.981570_-159.342206,-159.342206,21.98157
176,-1,17,404,0.034592,6,-159.3647,22.0062,-159.368873,21.97186,17,Okinawa,22.0062,-159.3647,KA-0014,EDD05CBA,404,1020.0_R,21.97186,-159.368873,LIHUE 1020,21.971860_-159.368873,-159.368873,21.97186
177,-1,17,420,0.039003,7,-159.3647,22.0062,-159.340538,22.036817,17,Okinawa,22.0062,-159.3647,KA-0014,EDD05CBA,420,1065.0_R,22.036817,-159.340538,WAILUA KAI 1065,22.036817_-159.340538,-159.340538,22.036817
178,-1,17,403,0.052542,8,-159.3647,22.0062,-159.397205,21.96492,17,Okinawa,22.0062,-159.3647,KA-0014,EDD05CBA,403,1013.0_R,21.96492,-159.397205,PUHI 1013,21.964920_-159.397205,-159.397205,21.96492
179,-1,17,419,0.053101,9,-159.3647,22.0062,-159.365,22.0593,17,Okinawa,22.0062,-159.3647,KA-0014,EDD05CBA,419,1063.2_R,22.0593,-159.365,"KAPAA 2.7 SSW, HI US",22.059300_-159.365000,-159.365,22.0593
180,-1,17,416,0.062026,10,-159.3647,22.0062,-159.400536,22.056826,17,Okinawa,22.0062,-159.3647,KA-0014,EDD05CBA,416,1061.0_R,22.056826,-159.400536,Ekw 5,22.056826_-159.400536,-159.400536,22.056826
181,-1,18,397,0.032229,1,-159.5258,21.9564,-159.533872,21.925198,18,Alexander,21.9564,-159.5258,KA-0098,EDD067F2,397,985.0_R,21.925198,-159.533872,BRYDESWOOD STA 985,21.925198_-159.533872,-159.533872,21.925198
182,-1,18,398,0.038106,2,-159.5258,21.9564,-159.5265,21.918301,18,Alexander,21.9564,-159.5258,KA-0098,EDD067F2,398,986.2_R,21.918301,-159.5265,Kalaheo,21.918301_-159.526500,-159.5265,21.918301
183,-1,18,399,0.049503,3,-159.5258,21.9564,-159.5181,21.9075,18,Alexander,21.9564,-159.5258,KA-0098,EDD067F2,399,986.3_R,21.9075,-159.5181,KALAHEO 1.1 SSE,21.907500_-159.518100,-159.5181,21.9075
184,-1,18,547,0.053376,4,-159.5258,21.9564,-159.510395,21.905295,18,Alexander,21.9564,-159.5258,KA-0098,EDD067F2,547,934.2_R,21.905295,-159.510395,Lawai NTBG 0621,21.905295_-159.510395,-159.510395,21.905295
185,-1,18,401,0.059411,5,-159.5258,21.9564,-159.46694,21.94833,18,Alexander,21.9564,-159.5258,KA-0098,EDD067F2,401,994.0_R,21.94833,-159.46694,KOLOA MAUKA 994,21.948330_-159.466940,-159.46694,21.94833
186,-1,18,389,0.060341,6,-159.5258,21.9564,-159.493872,21.905198,18,Alexander,21.9564,-159.5258,KA-0098,EDD067F2,389,934.0_R,21.905198,-159.493872,EAST LAWAI 934,21.905198_-159.493872,-159.493872,21.905198
187,-1,18,455,0.062004,7,-159.5258,21.9564,-159.5026,21.8989,18,Alexander,21.9564,-159.5258,KA-0098,EDD067F2,455,934.1_R,21.8989,-159.5026,LAWAI 1.8 S,21.898900_-159.502600,-159.5026,21.8989
188,-1,18,396,0.063974,8,-159.5258,21.9564,-159.5866,21.936501,18,Alexander,21.9564,-159.5258,KA-0098,EDD067F2,396,966.4_R,21.936501,-159.5866,Hanapepe,21.936501_-159.586600,-159.5866,21.936501
189,-1,18,388,0.066758,9,-159.5258,21.9564,-159.517207,21.890197,18,Alexander,21.9564,-159.5258,KA-0098,EDD067F2,388,931.0_R,21.890197,-159.517207,WEST LAWAI 931,21.890197_-159.517207,-159.517207,21.890197
190,-1,18,387,0.067802,10,-159.5258,21.9564,-159.557208,21.896311,18,Alexander,21.9564,-159.5258,KA-0098,EDD067F2,387,930.0_R,21.896311,-159.557208,WAHIAWA 930,21.896311_-159.557208,-159.557208,21.896311
191,-1,19,402,0.002363,1,-159.4328,21.9656,-159.430537,21.964919,19,Halenanahu,21.9656,-159.4328,KA-0121,EDD06920,402,1006.0_R,21.964919,-159.430537,HALENANAHO 1006,21.964919_-159.430537,-159.430537,21.964919
192,-1,19,403,0.035601,2,-159.4328,21.9656,-159.397205,21.96492,19,Halenanahu,21.9656,-159.4328,KA-0121,EDD06920,403,1013.0_R,21.96492,-159.397205,PUHI 1013,21.964920_-159.397205,-159.397205,21.96492
193,-1,19,401,0.03826,3,-159.4328,21.9656,-159.46694,21.94833,19,Halenanahu,21.9656,-159.4328,KA-0121,EDD06920,401,994.0_R,21.94833,-159.46694,KOLOA MAUKA 994,21.948330_-159.466940,-159.46694,21.94833
194,-1,19,404,0.064233,4,-159.4328,21.9656,-159.368873,21.97186,19,Halenanahu,21.9656,-159.4328,KA-0121,EDD06920,404,1020.0_R,21.97186,-159.368873,LIHUE 1020,21.971860_-159.368873,-159.368873,21.97186
195,-1,19,393,0.065434,5,-159.4328,21.9656,-159.422207,21.90103,19,Halenanahu,21.9656,-159.4328,KA-0121,EDD06920,393,941.1_R,21.90103,-159.422207,MAHAULEPU 941.1,21.901030_-159.422207,-159.422207,21.90103
196,-1,19,503,0.065603,6,-159.4328,21.9656,-159.4651,22.0227,19,Halenanahu,21.9656,-159.4328,KA-0121,EDD06920,503,1052.3_R,22.0227,-159.4651,Waiahi Rain Gage,22.022700_-159.465100,-159.4651,22.0227
197,-1,19,391,0.065685,7,-159.4328,21.9656,-159.462206,21.906865,19,Halenanahu,21.9656,-159.4328,KA-0121,EDD06920,391,936.0_R,21.906865,-159.462206,KOLOA 936,21.906865_-159.462206,-159.462206,21.906865
198,-1,19,400,0.0732,8,-159.4328,21.9656,-159.4768,21.907101,19,Halenanahu,21.9656,-159.4328,KA-0121,EDD06920,400,992.1_R,21.907101,-159.4768,Omao,21.907101_-159.476800,-159.4768,21.907101
199,-1,19,418,0.074139,9,-159.4328,21.9656,-159.387,22.0239,19,Halenanahu,21.9656,-159.4328,KA-0121,EDD06920,418,1062.1_R,22.0239,-159.387,LIHUE VRTY STA 1062.1,22.023900_-159.387000,-159.387,22.0239
200,-1,19,414,0.074341,10,-159.4328,21.9656,-159.3868,22.024,19,Halenanahu,21.9656,-159.4328,KA-0121,EDD06920,414,1059.0_R,22.024,-159.3868,Lihue Variety Stn,22.024000_-159.386800,-159.3868,22.024
201,-1,20,401,0.025014,1,-159.4613,21.9727,-159.46694,21.94833,20,Papuaa,21.9727,-159.4613,KA-0120,EDD07484,401,994.0_R,21.94833,-159.46694,KOLOA MAUKA 994,21.948330_-159.466940,-159.46694,21.94833
202,-1,20,402,0.031731,2,-159.4613,21.9727,-159.430537,21.964919,20,Papuaa,21.9727,-159.4613,KA-0120,EDD07484,402,1006.0_R,21.964919,-159.430537,HALENANAHO 1006,21.964919_-159.430537,-159.430537,21.964919
203,-1,20,503,0.050144,3,-159.4613,21.9727,-159.4651,22.0227,20,Papuaa,21.9727,-159.4613,KA-0120,EDD07484,503,1052.3_R,22.0227,-159.4651,Waiahi Rain Gage,22.022700_-159.465100,-159.4651,22.0227
204,-1,20,403,0.064565,4,-159.4613,21.9727,-159.397205,21.96492,20,Papuaa,21.9727,-159.4613,KA-0120,EDD07484,403,1013.0_R,21.96492,-159.397205,PUHI 1013,21.964920_-159.397205,-159.397205,21.96492
205,-1,20,391,0.065842,5,-159.4613,21.9727,-159.462206,21.906865,20,Papuaa,21.9727,-159.4613,KA-0120,EDD07484,391,936.0_R,21.906865,-159.462206,KOLOA 936,21.906865_-159.462206,-159.462206,21.906865
206,-1,20,400,0.067406,6,-159.4613,21.9727,-159.4768,21.907101,20,Papuaa,21.9727,-159.4613,KA-0120,EDD07484,400,992.1_R,21.907101,-159.4768,Omao,21.907101_-159.476800,-159.4768,21.907101
207,-1,20,389,0.07495,7,-159.4613,21.9727,-159.493872,21.905198,20,Papuaa,21.9727,-159.4613,KA-0120,EDD07484,389,934.0_R,21.905198,-159.493872,EAST LAWAI 934,21.905198_-159.493872,-159.493872,21.905198
208,-1,20,393,0.081639,8,-159.4613,21.9727,-159.422207,21.90103,20,Papuaa,21.9727,-159.4613,KA-0120,EDD07484,393,941.1_R,21.90103,-159.422207,MAHAULEPU 941.1,21.901030_-159.422207,-159.422207,21.90103
209,-1,20,547,0.083389,9,-159.4613,21.9727,-159.510395,21.905295,20,Papuaa,21.9727,-159.4613,KA-0120,EDD07484,547,934.2_R,21.905295,-159.510395,Lawai NTBG 0621,21.905295_-159.510395,-159.510395,21.905295
210,-1,20,455,0.08457,10,-159.4613,21.9727,-159.5026,21.8989,20,Papuaa,21.9727,-159.4613,KA-0120,EDD07484,455,934.1_R,21.8989,-159.5026,LAWAI 1.8 S,21.898900_-159.502600,-159.5026,21.8989
211,-1,21,299,0.004768,1,-157.8049,21.3905,-157.809475,21.391844,21,Kaneohe,21.3905,-157.8049,OA-0124,EDD07A56,299,781.11_R,21.391844,-157.809475,LulukuRaingageatalt,21.391844_-157.809475,-157.809475,21.391844
212,-1,21,501,0.005831,2,-157.8049,21.3905,-157.8099,21.387501,21,Kaneohe,21.3905,-157.8049,OA-0124,EDD07A56,501,781.12_R,21.387501,-157.8099,Luluku,21.387501_-157.809900,-157.8099,21.387501
213,-1,21,301,0.005852,3,-157.8049,21.3905,-157.8098,21.3873,21,Kaneohe,21.3905,-157.8049,OA-0124,EDD07A56,301,781.7_R,21.3873,-157.8098,LULUKU 781.7,21.387300_-157.809800,-157.8098,21.3873
214,-1,21,538,0.009563,4,-157.8049,21.3905,-157.806,21.4,21,Kaneohe,21.3905,-157.8049,OA-0124,EDD07A56,538,781.31_R,21.4,-157.806,Kaneohe HI US D9459-DW9459,21.400000_-157.806000,-157.806,21.4
215,-1,21,302,0.012804,5,-157.8049,21.3905,-157.792808,21.386289,21,Kaneohe,21.3905,-157.8049,OA-0124,EDD07A56,302,781.9_R,21.386289,-157.792808,RBKamooaliiRaingagenrKaneohe,21.386289_-157.792808,-157.792808,21.386289
216,-1,21,300,0.013777,6,-157.8049,21.3905,-157.8017,21.4039,21,Kaneohe,21.3905,-157.8049,OA-0124,EDD07A56,300,781.13_R,21.4039,-157.8017,"KANEOHE 0.8 SW, HI US",21.403900_-157.801700,-157.8017,21.4039
217,-1,21,296,0.017789,7,-157.8049,21.3905,-157.8166,21.3771,21,Kaneohe,21.3905,-157.8049,OA-0124,EDD07A56,296,777.3_R,21.3771,-157.8166,Wilson Tunnel,21.377100_-157.816600,-157.8166,21.3771
218,-1,21,298,0.018873,8,-157.8049,21.3905,-157.810588,21.408496,21,Kaneohe,21.3905,-157.8049,OA-0124,EDD07A56,298,781.0_R,21.408496,-157.810588,KANEOHE MAUKA 781,21.408496_-157.810588,-157.810588,21.408496
219,-1,21,537,0.020617,9,-157.8049,21.3905,-157.794,21.408,21,Kaneohe,21.3905,-157.8049,OA-0124,EDD07A56,537,781.21_R,21.408,-157.794,Kaneohe HI US G0987-GW0987,21.408000_-157.794000,-157.794,21.408
220,-1,21,295,0.02316,10,-157.8049,21.3905,-157.822256,21.375164,21,Kaneohe,21.3905,-157.8049,OA-0124,EDD07A56,295,777.0_R,21.375164,-157.822256,KALIHI RES SITE 777,21.375164_-157.822256,-157.822256,21.375164
221,-1,22,304,0.001077,1,-157.807,21.3536,-157.807534,21.352665,22,Nuuanu No 4,21.3536,-157.807,OA-0001,EDD08400,304,783.0_R,21.352665,-157.807534,NUUANU RES 4 783,21.352665_-157.807534,-157.807534,21.352665
222,-1,22,549,0.008503,2,-157.807,21.3536,-157.80556,21.34522,22,Nuuanu No 4,21.3536,-157.807,OA-0001,EDD08400,549,784.11_R,21.34522,-157.80556,Kalawahine 0506,21.345220_-157.805560,-157.80556,21.34522
223,-1,22,303,0.011896,3,-157.807,21.3536,-157.8184,21.350201,22,Nuuanu No 4,21.3536,-157.807,OA-0001,EDD08400,303,782.3_R,21.350201,-157.8184,Nuuanu Upper,21.350201_-157.818400,-157.8184,21.350201
224,-1,22,305,0.01878,4,-157.807,21.3536,-157.81059,21.335166,22,Nuuanu No 4,21.3536,-157.807,OA-0001,EDD08400,305,784.0_R,21.335166,-157.81059,PAUOA FLATS 784,21.335166_-157.810590,-157.81059,21.335166
225,-1,22,527,0.021086,5,-157.807,21.3536,-157.8025,21.333,22,Nuuanu No 4,21.3536,-157.807,OA-0001,EDD08400,527,785.12_R,21.333,-157.8025,Lyon 0501,21.333000_-157.802500,-157.8025,21.333
226,-1,22,306,0.021107,6,-157.807,21.3536,-157.8024,21.333,22,Nuuanu No 4,21.3536,-157.807,OA-0001,EDD08400,306,785.4_R,21.333,-157.8024,Manoa Lyon Arbo,21.333000_-157.802400,-157.8024,21.333
227,-1,22,563,0.023665,7,-157.807,21.3536,-157.83063,21.35489,22,Nuuanu No 4,21.3536,-157.807,OA-0001,EDD08400,563,775.14_R,21.35489,-157.83063,Napuumaia 0505,21.354890_-157.830630,-157.83063,21.35489
228,-1,22,296,0.025385,8,-157.807,21.3536,-157.8166,21.3771,22,Nuuanu No 4,21.3536,-157.807,OA-0001,EDD08400,296,777.3_R,21.3771,-157.8166,Wilson Tunnel,21.377100_-157.816600,-157.8166,21.3771
229,-1,22,484,0.026002,9,-157.807,21.3536,-157.801,21.3283,22,Nuuanu No 4,21.3536,-157.807,OA-0001,EDD08400,484,785.11_R,21.3283,-157.801,WAIHI STREAM NEAR HONOLULU 3NE,21.328300_-157.801000,-157.801,21.3283
230,-1,22,295,0.026415,10,-157.807,21.3536,-157.822256,21.375164,22,Nuuanu No 4,21.3536,-157.807,OA-0001,EDD08400,295,777.0_R,21.375164,-157.822256,KALIHI RES SITE 777,21.375164_-157.822256,-157.822256,21.375164
231,-1,23,433,0.032783,1,-159.3713,22.1316,-159.3856,22.1021,23,Kaneha,22.1316,-159.3713,KA-0015,EDD08AD2,433,1094.2_R,22.1021,-159.3856,Kapahi,22.102100_-159.385600,-159.3856,22.1021
232,-1,23,434,0.038266,2,-159.3713,22.1316,-159.3758,22.0936,23,Kaneha,22.1316,-159.3713,KA-0015,EDD08AD2,434,1094.3_R,22.0936,-159.3758,KAPAA 1.4 W,22.093600_-159.375800,-159.3758,22.0936
233,-1,23,437,0.049244,3,-159.3713,22.1316,-159.3786,22.0829,23,Kaneha,22.1316,-159.3713,KA-0015,EDD08AD2,437,1097.4_R,22.0829,-159.3786,KAPAA 1.9 WSW,22.082900_-159.378600,-159.3786,22.0829
234,-1,23,447,0.050225,4,-159.3713,22.1316,-159.377758,22.181408,23,Kaneha,22.1316,-159.3713,KA-0015,EDD08AD2,447,1137.0_R,22.181408,-159.377758,KOLOKO RESERVOIR 113,22.181408_-159.377758,-159.377758,22.181408
235,-1,23,436,0.051354,5,-159.3713,22.1316,-159.3662,22.0805,23,Kaneha,22.1316,-159.3713,KA-0015,EDD08AD2,436,1097.3_R,22.0805,-159.3662,KAPAA 1.4 SW,22.080500_-159.366200,-159.3662,22.0805
236,-1,23,435,0.051583,6,-159.3713,22.1316,-159.3659,22.0803,23,Kaneha,22.1316,-159.3713,KA-0015,EDD08AD2,435,1097.2_R,22.0803,-159.3659,KAPAA 1.4 SSW,22.080300_-159.365900,-159.3659,22.0803
237,-1,23,438,0.059583,7,-159.3713,22.1316,-159.312,22.1374,23,Kaneha,22.1316,-159.3713,KA-0015,EDD08AD2,438,1111.4_R,22.1374,-159.312,Anahola,22.137400_-159.312000,-159.312,22.1374
238,-1,23,421,0.059636,8,-159.3713,22.1316,-159.3766,22.0722,23,Kaneha,22.1316,-159.3713,KA-0015,EDD08AD2,421,1065.1_R,22.0722,-159.3766,"KAPAA 2.3 SW, HI US",22.072200_-159.376600,-159.3766,22.0722
239,-1,23,422,0.059745,9,-159.3713,22.1316,-159.3767,22.0721,23,Kaneha,22.1316,-159.3713,KA-0015,EDD08AD2,422,1065.2_R,22.0721,-159.3767,"KAPAA 2.3 SW, HI US",22.072100_-159.376700,-159.3767,22.0721
240,-1,23,541,0.059785,10,-159.3713,22.1316,-159.376,22.072,23,Kaneha,22.1316,-159.3713,KA-0015,EDD08AD2,541,1065.3_R,22.072,-159.376,Kapaa HI US F9608-FW9608,22.072000_-159.376000,-159.376,22.072
241,-1,24,434,0.025642,1,-159.3623,22.1154,-159.3758,22.0936,24,Mimino,22.1154,-159.3623,KA-0016,EDD099A4,434,1094.3_R,22.0936,-159.3758,KAPAA 1.4 W,22.093600_-159.375800,-159.3758,22.0936
242,-1,24,433,0.026829,2,-159.3623,22.1154,-159.3856,22.1021,24,Mimino,22.1154,-159.3623,KA-0016,EDD099A4,433,1094.2_R,22.1021,-159.3856,Kapahi,22.102100_-159.385600,-159.3856,22.1021
243,-1,24,436,0.035117,3,-159.3623,22.1154,-159.3662,22.0805,24,Mimino,22.1154,-159.3623,KA-0016,EDD099A4,436,1097.3_R,22.0805,-159.3662,KAPAA 1.4 SW,22.080500_-159.366200,-159.3662,22.0805
244,-1,24,435,0.035284,4,-159.3623,22.1154,-159.3659,22.0803,24,Mimino,22.1154,-159.3623,KA-0016,EDD099A4,435,1097.2_R,22.0803,-159.3659,KAPAA 1.4 SSW,22.080300_-159.365900,-159.3659,22.0803
245,-1,24,437,0.036358,5,-159.3623,22.1154,-159.3786,22.0829,24,Mimino,22.1154,-159.3623,KA-0016,EDD099A4,437,1097.4_R,22.0829,-159.3786,KAPAA 1.9 WSW,22.082900_-159.378600,-159.3786,22.0829
246,-1,24,421,0.045505,6,-159.3623,22.1154,-159.3766,22.0722,24,Mimino,22.1154,-159.3623,KA-0016,EDD099A4,421,1065.1_R,22.0722,-159.3766,"KAPAA 2.3 SW, HI US",22.072200_-159.376600,-159.3766,22.0722
247,-1,24,541,0.045511,7,-159.3623,22.1154,-159.376,22.072,24,Mimino,22.1154,-159.3623,KA-0016,EDD099A4,541,1065.3_R,22.072,-159.376,Kapaa HI US F9608-FW9608,22.072000_-159.376000,-159.376,22.072
248,-1,24,422,0.045632,8,-159.3623,22.1154,-159.3767,22.0721,24,Mimino,22.1154,-159.3623,KA-0016,EDD099A4,422,1065.2_R,22.0721,-159.3767,"KAPAA 2.3 SW, HI US",22.072100_-159.376700,-159.3767,22.0721
249,-1,24,423,0.052071,9,-159.3623,22.1154,-159.395889,22.075611,24,Mimino,22.1154,-159.3623,KA-0016,EDD099A4,423,1068.0_R,22.075611,-159.395889,LBOpaekaaRainGagenrKapaa,22.075611_-159.395889,-159.395889,22.075611
250,-1,24,438,0.054901,10,-159.3623,22.1154,-159.312,22.1374,24,Mimino,22.1154,-159.3623,KA-0016,EDD099A4,438,1111.4_R,22.1374,-159.312,Anahola,22.137400_-159.312000,-159.312,22.1374
251,-1,25,231,0.024424,1,-156.2578,20.9133,-156.282,20.91,25,Kapalaalea,20.9133,-156.2578,MA-0094,EDD0A2EC,231,492.2_R,20.91,-156.282,HALEHAKU 492.2,20.910000_-156.282000,-156.282,20.91
252,-1,25,230,0.049579,2,-156.2578,20.9133,-156.30306,20.89306,25,Kapalaalea,20.9133,-156.2578,MA-0094,EDD0A2EC,230,490.7_R,20.89306,-156.30306,KUIAHA 490.7,20.893060_-156.303060,-156.30306,20.89306
253,-1,25,228,0.049854,3,-156.2578,20.9133,-156.307185,20.92012,25,Kapalaalea,20.9133,-156.2578,MA-0094,EDD0A2EC,228,486.7_R,20.92012,-156.307185,HAIKU 3.2 SE,20.920120_-156.307185,-156.307185,20.92012
254,-1,25,552,0.050658,4,-156.2578,20.9133,-156.212316,20.890997,25,Kapalaalea,20.9133,-156.2578,MA-0094,EDD0A2EC,552,446.2_R,20.890997,-156.212316,EMI Base Yard 0155,20.890997_-156.212316,-156.212316,20.890997
255,-1,25,218,0.051162,5,-156.2578,20.9133,-156.212189,20.890122,25,Kapalaalea,20.9133,-156.2578,MA-0094,EDD0A2EC,218,446.0_R,20.890122,-156.212189,KAILUA 446,20.890122_-156.212189,-156.212189,20.890122
256,-1,25,229,0.066554,6,-156.2578,20.9133,-156.3225,20.9289,25,Kapalaalea,20.9133,-156.2578,MA-0094,EDD0A2EC,229,489.0_R,20.9289,-156.3225,Haiku,20.928900_-156.322500,-156.3225,20.9289
257,-1,25,523,0.080773,7,-156.2578,20.9133,-156.2948,20.8415,25,Kapalaalea,20.9133,-156.2578,MA-0094,EDD0A2EC,523,434.11_R,20.8415,-156.2948,Piiholo 0115,20.841500_-156.294800,-156.2948,20.8415
258,-1,25,227,0.087717,8,-156.2578,20.9133,-156.345517,20.913454,25,Kapalaalea,20.9133,-156.2578,MA-0094,EDD0A2EC,227,485.0_R,20.913454,-156.345517,HAMAKUAPOKO 485,20.913454_-156.345517,-156.345517,20.913454
259,-1,25,216,0.094895,9,-156.2578,20.9133,-156.340518,20.866793,25,Kapalaalea,20.9133,-156.2578,MA-0094,EDD0A2EC,216,423.0_R,20.866793,-156.340518,HALIIMAILE 423,20.866793_-156.340518,-156.340518,20.866793
260,-1,25,453,0.09755,10,-156.2578,20.9133,-156.313853,20.833462,25,Kapalaalea,20.9133,-156.2578,MA-0094,EDD0A2EC,453,432.0_R,20.833462,-156.313853,HALEAKALA RANCH 432,20.833462_-156.313853,-156.313853,20.833462
261,-1,26,229,0.010155,1,-156.3268,20.9197,-156.3225,20.9289,26,Haiku,20.9197,-156.3268,MA-0095,EDD0AC3E,229,489.0_R,20.9289,-156.3225,Haiku,20.928900_-156.322500,-156.3225,20.9289
262,-1,26,228,0.01962,2,-156.3268,20.9197,-156.307185,20.92012,26,Haiku,20.9197,-156.3268,MA-0095,EDD0AC3E,228,486.7_R,20.92012,-156.307185,HAIKU 3.2 SE,20.920120_-156.307185,-156.307185,20.92012
263,-1,26,227,0.019732,3,-156.3268,20.9197,-156.345517,20.913454,26,Haiku,20.9197,-156.3268,MA-0095,EDD0AC3E,227,485.0_R,20.913454,-156.345517,HAMAKUAPOKO 485,20.913454_-156.345517,-156.345517,20.913454
264,-1,26,230,0.035683,4,-156.3268,20.9197,-156.30306,20.89306,26,Haiku,20.9197,-156.3268,MA-0095,EDD0AC3E,230,490.7_R,20.89306,-156.30306,KUIAHA 490.7,20.893060_-156.303060,-156.30306,20.89306
265,-1,26,231,0.045838,5,-156.3268,20.9197,-156.282,20.91,26,Haiku,20.9197,-156.3268,MA-0095,EDD0AC3E,231,492.2_R,20.91,-156.282,HALEHAKU 492.2,20.910000_-156.282000,-156.282,20.91
266,-1,26,215,0.049256,6,-156.3268,20.9197,-156.373849,20.905122,26,Haiku,20.9197,-156.3268,MA-0095,EDD0AC3E,215,406.0_R,20.905122,-156.373849,PAIA 406,20.905122_-156.373849,-156.373849,20.905122
267,-1,26,216,0.054657,7,-156.3268,20.9197,-156.340518,20.866793,26,Haiku,20.9197,-156.3268,MA-0095,EDD0AC3E,216,423.0_R,20.866793,-156.340518,HALIIMAILE 423,20.866793_-156.340518,-156.340518,20.866793
268,-1,26,459,0.08146,8,-156.3268,20.9197,-156.380516,20.85846,26,Haiku,20.9197,-156.3268,MA-0095,EDD0AC3E,459,410.0_R,20.85846,-156.380516,KEAHUA 410,20.858460_-156.380516,-156.380516,20.85846
269,-1,26,217,0.08429,9,-156.3268,20.9197,-156.3307,20.835501,26,Haiku,20.9197,-156.3268,MA-0095,EDD0AC3E,217,426.6_R,20.835501,-156.3307,Pukalani,20.835501_-156.330700,-156.3307,20.835501
270,-1,26,523,0.084494,10,-156.3268,20.9197,-156.2948,20.8415,26,Haiku,20.9197,-156.3268,MA-0095,EDD0AC3E,523,434.11_R,20.8415,-156.2948,Piiholo 0115,20.841500_-156.294800,-156.2948,20.8415
271,-1,27,229,0.009613,1,-156.323,20.9193,-156.3225,20.9289,27,Pauwela,20.9193,-156.323,MA-0096,EDD0B19A,229,489.0_R,20.9289,-156.3225,Haiku,20.928900_-156.322500,-156.3225,20.9289
272,-1,27,228,0.015836,2,-156.323,20.9193,-156.307185,20.92012,27,Pauwela,20.9193,-156.323,MA-0096,EDD0B19A,228,486.7_R,20.92012,-156.307185,HAIKU 3.2 SE,20.920120_-156.307185,-156.307185,20.92012
273,-1,27,227,0.023263,3,-156.323,20.9193,-156.345517,20.913454,27,Pauwela,20.9193,-156.323,MA-0096,EDD0B19A,227,485.0_R,20.913454,-156.345517,HAMAKUAPOKO 485,20.913454_-156.345517,-156.345517,20.913454
274,-1,27,230,0.032957,4,-156.323,20.9193,-156.30306,20.89306,27,Pauwela,20.9193,-156.323,MA-0096,EDD0B19A,230,490.7_R,20.89306,-156.30306,KUIAHA 490.7,20.893060_-156.303060,-156.30306,20.89306
275,-1,27,231,0.042042,5,-156.323,20.9193,-156.282,20.91,27,Pauwela,20.9193,-156.323,MA-0096,EDD0B19A,231,492.2_R,20.91,-156.282,HALEHAKU 492.2,20.910000_-156.282000,-156.282,20.91
276,-1,27,215,0.052789,6,-156.323,20.9193,-156.373849,20.905122,27,Pauwela,20.9193,-156.323,MA-0096,EDD0B19A,215,406.0_R,20.905122,-156.373849,PAIA 406,20.905122_-156.373849,-156.373849,20.905122
277,-1,27,216,0.055352,7,-156.323,20.9193,-156.340518,20.866793,27,Pauwela,20.9193,-156.323,MA-0096,EDD0B19A,216,423.0_R,20.866793,-156.340518,HALIIMAILE 423,20.866793_-156.340518,-156.340518,20.866793
278,-1,27,523,0.082753,8,-156.323,20.9193,-156.2948,20.8415,27,Pauwela,20.9193,-156.323,MA-0096,EDD0B19A,523,434.11_R,20.8415,-156.2948,Piiholo 0115,20.841500_-156.294800,-156.2948,20.8415
279,-1,27,459,0.083723,9,-156.323,20.9193,-156.380516,20.85846,27,Pauwela,20.9193,-156.323,MA-0096,EDD0B19A,459,410.0_R,20.85846,-156.380516,KEAHUA 410,20.858460_-156.380516,-156.380516,20.85846
280,-1,27,217,0.084152,10,-156.323,20.9193,-156.3307,20.835501,27,Pauwela,20.9193,-156.323,MA-0096,EDD0B19A,217,426.6_R,20.835501,-156.3307,Pukalani,20.835501_-156.330700,-156.3307,20.835501
281,-1,28,227,0.008781,1,-156.3475,20.9049,-156.345517,20.913454,28,#15,20.9049,-156.3475,MA-0069,EDD0BF48,227,485.0_R,20.913454,-156.345517,HAMAKUAPOKO 485,20.913454_-156.345517,-156.345517,20.913454
282,-1,28,215,0.02635,2,-156.3475,20.9049,-156.373849,20.905122,28,#15,20.9049,-156.3475,MA-0069,EDD0BF48,215,406.0_R,20.905122,-156.373849,PAIA 406,20.905122_-156.373849,-156.373849,20.905122
283,-1,28,229,0.034655,3,-156.3475,20.9049,-156.3225,20.9289,28,#15,20.9049,-156.3475,MA-0069,EDD0BF48,229,489.0_R,20.9289,-156.3225,Haiku,20.928900_-156.322500,-156.3225,20.9289
284,-1,28,216,0.038742,4,-156.3475,20.9049,-156.340518,20.866793,28,#15,20.9049,-156.3475,MA-0069,EDD0BF48,216,423.0_R,20.866793,-156.340518,HALIIMAILE 423,20.866793_-156.340518,-156.340518,20.866793
285,-1,28,228,0.043092,5,-156.3475,20.9049,-156.307185,20.92012,28,#15,20.9049,-156.3475,MA-0069,EDD0BF48,228,486.7_R,20.92012,-156.307185,HAIKU 3.2 SE,20.920120_-156.307185,-156.307185,20.92012
286,-1,28,230,0.04599,6,-156.3475,20.9049,-156.30306,20.89306,28,#15,20.9049,-156.3475,MA-0069,EDD0BF48,230,490.7_R,20.89306,-156.30306,KUIAHA 490.7,20.893060_-156.303060,-156.30306,20.89306
287,-1,28,459,0.05698,7,-156.3475,20.9049,-156.380516,20.85846,28,#15,20.9049,-156.3475,MA-0069,EDD0BF48,459,410.0_R,20.85846,-156.380516,KEAHUA 410,20.858460_-156.380516,-156.380516,20.85846
288,-1,28,214,0.064565,8,-156.3475,20.9049,-156.41,20.8887,28,#15,20.9049,-156.3475,MA-0069,EDD0BF48,214,398.0_R,20.8887,-156.41,KAHULUI AIRPORT,20.888700_-156.410000,-156.41,20.8887
289,-1,28,231,0.065698,9,-156.3475,20.9049,-156.282,20.91,28,#15,20.9049,-156.3475,MA-0069,EDD0BF48,231,492.2_R,20.91,-156.282,HALEHAKU 492.2,20.910000_-156.282000,-156.282,20.91
290,-1,28,458,0.067176,10,-156.3475,20.9049,-156.41427,20.897526,28,#15,20.9049,-156.3475,MA-0069,EDD0BF48,458,400.0_R,20.897526,-156.41427,SPRECKELSVILLE 400,20.897526_-156.414270,-156.41427,20.897526
291,-1,29,227,0.004209,1,-156.3487,20.9107,-156.345517,20.913454,29,#14,20.9107,-156.3487,MA-0068,EDD0C70A,227,485.0_R,20.913454,-156.345517,HAMAKUAPOKO 485,20.913454_-156.345517,-156.345517,20.913454
292,-1,29,215,0.025761,2,-156.3487,20.9107,-156.373849,20.905122,29,#14,20.9107,-156.3487,MA-0068,EDD0C70A,215,406.0_R,20.905122,-156.373849,PAIA 406,20.905122_-156.373849,-156.373849,20.905122
293,-1,29,229,0.031901,3,-156.3487,20.9107,-156.3225,20.9289,29,#14,20.9107,-156.3487,MA-0068,EDD0C70A,229,489.0_R,20.9289,-156.3225,Haiku,20.928900_-156.322500,-156.3225,20.9289
294,-1,29,228,0.04257,4,-156.3487,20.9107,-156.307185,20.92012,29,#14,20.9107,-156.3487,MA-0068,EDD0C70A,228,486.7_R,20.92012,-156.307185,HAIKU 3.2 SE,20.920120_-156.307185,-156.307185,20.92012
295,-1,29,216,0.044663,5,-156.3487,20.9107,-156.340518,20.866793,29,#14,20.9107,-156.3487,MA-0068,EDD0C70A,216,423.0_R,20.866793,-156.340518,HALIIMAILE 423,20.866793_-156.340518,-156.340518,20.866793
296,-1,29,230,0.04893,6,-156.3487,20.9107,-156.30306,20.89306,29,#14,20.9107,-156.3487,MA-0068,EDD0C70A,230,490.7_R,20.89306,-156.30306,KUIAHA 490.7,20.893060_-156.303060,-156.30306,20.89306
297,-1,29,459,0.061166,7,-156.3487,20.9107,-156.380516,20.85846,29,#14,20.9107,-156.3487,MA-0068,EDD0C70A,459,410.0_R,20.85846,-156.380516,KEAHUA 410,20.858460_-156.380516,-156.380516,20.85846
298,-1,29,214,0.065128,8,-156.3487,20.9107,-156.41,20.8887,29,#14,20.9107,-156.3487,MA-0068,EDD0C70A,214,398.0_R,20.8887,-156.41,KAHULUI AIRPORT,20.888700_-156.410000,-156.41,20.8887
299,-1,29,231,0.066704,9,-156.3487,20.9107,-156.282,20.91,29,#14,20.9107,-156.3487,MA-0068,EDD0C70A,231,492.2_R,20.91,-156.282,HALEHAKU 492.2,20.910000_-156.282000,-156.282,20.91
300,-1,29,458,0.06688,10,-156.3487,20.9107,-156.41427,20.897526,29,#14,20.9107,-156.3487,MA-0068,EDD0C70A,458,400.0_R,20.897526,-156.41427,SPRECKELSVILLE 400,20.897526_-156.414270,-156.41427,20.897526
301,-1,30,265,0.002111,1,-157.8155,21.2976,-157.816702,21.299335,30,Test,21.2976,-157.8155,OA-0000,EDD0C9D8,265,713.0_R,21.299335,-157.816702,UNIV OF HAWAII 713,21.299335_-157.816702,-157.816702,21.299335
302,-1,30,262,0.005185,2,-157.8155,21.2976,-157.812722,21.293222,30,Test,21.2976,-157.8155,OA-0000,EDD0C9D8,262,711.6_R,21.293222,-157.812722,"ManoaRGatKanewaiFld,Honolulu",21.293222_-157.812722,-157.812722,21.293222
303,-1,30,263,0.008156,3,-157.8155,21.2976,-157.815556,21.289444,30,Test,21.2976,-157.8155,OA-0000,EDD0C9D8,263,711.7_R,21.289444,-157.815556,H-1RainGageatKapiolaniAve,21.289444_-157.815556,-157.815556,21.289444
304,-1,30,264,0.012867,4,-157.8155,21.2976,-157.814757,21.310446,30,Test,21.2976,-157.8155,OA-0000,EDD0C9D8,264,712.1_R,21.310446,-157.814757,MANOA 712.1,21.310446_-157.814757,-157.814757,21.310446
305,-1,30,260,0.014081,5,-157.8155,21.2976,-157.8293,21.3004,30,Test,21.2976,-157.8155,OA-0000,EDD0C9D8,260,707.5_R,21.3004,-157.8293,HONOLULU 2.0 SW,21.300400_-157.829300,-157.8293,21.3004
306,-1,30,259,0.016759,6,-157.8155,21.2976,-157.83059,21.304891,30,Test,21.2976,-157.8155,OA-0000,EDD0C9D8,259,707.2_R,21.304891,-157.83059,EWA KALAELOA AIRPORT,21.304891_-157.830590,-157.83059,21.304891
307,-1,30,272,0.021195,7,-157.8155,21.2976,-157.7944,21.299601,30,Test,21.2976,-157.8155,OA-0000,EDD0C9D8,272,721.4_R,21.299601,-157.7944,Palolo Fire Stn,21.299601_-157.794400,-157.7944,21.299601
308,-1,30,536,0.023503,8,-157.8155,21.2976,-157.792,21.298,30,Test,21.2976,-157.8155,OA-0000,EDD0C9D8,536,721.5_R,21.298,-157.792,Honolulu HI US AU956-KH6CTR,21.298000_-157.792000,-157.792,21.298
309,-1,30,268,0.025893,9,-157.8155,21.2976,-157.818092,21.271837,30,Test,21.2976,-157.8155,OA-0000,EDD0C9D8,268,717.2_R,21.271837,-157.818092,WAIKIKI 717.2,21.271837_-157.818092,-157.818092,21.271837
310,-1,30,271,0.030187,10,-157.8155,21.2976,-157.785313,21.297668,30,Test,21.2976,-157.8155,OA-0000,EDD0C9D8,271,721.0_R,21.297668,-157.785313,WILHELMINA RISE 721,21.297668_-157.785313,-157.785313,21.297668
