,Unnamed: 0,ELEV.m.,Island,LAT,LON,NCEI.id,NESDIS.id,NWS.id,Network,Observer,SCAN.id,SKN,SMART_NODE_RF.id,Station.Name,UID
0,0,957.0,BI,19.1089,-155.7467,USC00512566,,,COOP,COOP,,2.1_R_R,,KAHUKU MAUKA,19.108900_-155.746700
1,1,647.0,BI,19.10778,-155.78944,USC00518652,,,COOP,COOP,,2.32_R_R,,SOUTH KONA 2 2.32,19.107780_-155.789440
2,2,280.0,BI,19.186302,-155.886763,USC00516304,,,COOP,COOP,,2.34_R_R,,MILOLII 2.34,19.186302_-155.886763
3,3,533.0,BI,19.14472,-155.84944,USC00513376,,,COOP,COOP,,2.36_R_R,,KAPUA 2.36,19.144720_-155.849440
4,4,1273.0,BI,19.135,-155.747,US1HIHI0035,,,CoCoRaHS,HAWAIIAN OCEAN VIEW 4.7 NNE,,3.22_R_R,,HAWAIIAN OCEAN VIEW 4.7 NNE,19.135000_-155.747000
5,5,238.0,BI,19.4594,-155.8938,US1HIHI0019,,,CoCoRaHS,CAPTAIN COOK 2.9 SSE,,3.23_R_R,,CAPTAIN COOK 2.9 SSE,19.459400_-155.893800
6,6,953.7192,BI,19.10083333,-155.6697222,,32D620C2,LKHH1,RAWS,LOWER KAHUKU CS,,3.9_R_R,,LOWER KAHUKU CS,19.100833_-155.669722
7,7,391.0,BI,19.0424,-155.6354,US1HIHI0001,,,CoCoRaHS,NAALEHU 4.6 WSW,,4.12_R_R,,NAALEHU 4.6 WSW,19.042400_-155.635400
8,8,436.0,BI,19.0424,-155.643,US1HIHI0010,,,CoCoRaHS,NAALEHU 5.0 WSW,,4.13_R_R,,NAALEHU 5.0 WSW,19.042400_-155.643000
9,9,393.18,BI,19.0421,-155.6371,US1HIHI0057,,,CoCoRaHs,CoCoRaHs,,4.14_R_R,,"NAALEHU 4.7 WSW, HI US",19.042100_-155.637100
10,10,317.0,BI,19.01361,-155.66194,USC00513054,,,COOP,COOP,,5.1_R_R,,Kamaoa Puueo 5.1,19.013610_-155.661940
11,11,587.0,BI,19.07032619,-155.6355484,USC00514625,,,COOP,STATE DIV FTRY,,6.0_R_R,,KIOLAKAA A&F 6,19.070326_-155.635548
12,12,679.0,BI,19.0732,-155.6632,US1HIHI0012,,,CoCoRaHS,NAALEHU 5.7 W,,6.2_R_R,,NAALEHU 5.7 W,19.073200_-155.663200
13,13,710.4888,BI,19.34805556,-155.1258333,,32D64524,AHMH1,RAWS,Nene Cabin,,9.2_R_R,,Nene Cabin,19.348056_-155.125833
14,14,21.0,BI,19.13310292,-155.5152744,USC00518600,,,COOP,SEA MOUNTAIN,,12.15_R_R,,SEA MOUNTAIN 12.15,19.133103_-155.515274
15,15,206.0,BI,19.06032754,-155.5855501,USC00516588,,,COOP,KAU SUGAR,,14.0_R_R,,NAALEHU 14,19.060328_-155.585550
16,16,346.8624,BI,19.2042999,-155.4872,USC00517421,B16084B2,PPLH1,HydroNet-UaNet,KAU SUGAR,,21.0_R_R,,Pahala,19.204300_-155.487200
17,17,332.0,BI,19.20667,-155.48861,USC00517437,,,COOP,COOP,,21.3_R_R,,PAHALA MAUKA 21.3,19.206670_-155.488610
18,18,733.03,BI,19.0908,-155.7552,US1HIHI0059,,,CoCoRaHs,CoCoRaHs,,21.4_R_R,,"HAWAIIAN OCEAN VIEW 1.7 NNE, HI US",19.090800_-155.755200
19,19,1796.4912,BI,19.23222222,-155.78,,32639544,KRCH1,RAWS,RAWS,,23.0_R_R,,KAHUKU,19.232222_-155.780000
20,20,396.0,BI,19.27032215,-155.8738768,USC00517166,,,COOP,TRUMAN LORNA,,24.1_R_R,,OPIHIHALE 2 24.1,19.270322_-155.873877
21,21,442.0,BI,19.48975723,-155.9122125,USC00513977,,,COOP,GREENWELL ESTATE,,26.2_R_R,,KEALAKEKUA 26.2,19.489757_-155.912213
22,22,332.0,BI,19.4403158,-155.8788789,USC00511665,,,COOP,TANAKA S,,27.0_R_R,,HONAUNAU 27,19.440316_-155.878879
23,23,398.0688,BI,19.4629002,-155.8824,,15D12742,HAUH1,HydroNet-UaNet,NWS,,27.6_R_R,,Honaunau No. 2,19.462900_-155.882400
24,24,122.0,BI,19.46864784,-155.9055458,USC00516697,,,COOP,KONA EXP STATION,,28.0_R_R,,NAPOOPOO 28,19.468648_-155.905546
25,25,537.972,BI,19.5181007,-155.9159,,81708572,KLEH1,HydroNet-UaNet,NWS,,29.12_R_R,,Kealakekua,19.518101_-155.915900
26,26,638.556,BI,19.2754993,-155.4514,USC00513300,B16097C4,KAYH1,HydroNet-UaNet,NWS,,34.0_R_R,,Kapapala Ranch,19.275499_-155.451400
27,27,1081.0,BI,19.25811,-155.441781,,AA10E258,KPRH1,RAWS,KAPAPALA RANCH,,36.3_R_R,,KAPAPALA RANCH,19.258110_-155.441781
28,28,29.5656,BI,19.29277778,-155.1075,,32807432,KMOH1,RAWS,KAELAKOMO,,38.9_R_R,,KAELAKOMO,19.292778_-155.107500
29,29,3397.0,BI,19.5362,-155.5763,USC00516198,,MOBH1,ESRL/GMD,NWS,,39.0_R_R,,Mauna Loa Observatory,19.536200_-155.576300
30,30,3341.0,BI,19.53863295,-155.5722206,,,,STATE,NWS,,39.1_R_R,,Mauna Loa Upper,19.538633_-155.572221
31,31,3398.0,BI,19.5354,-155.576,USW00021514,CD07379A,MLBH1,USCRN,MAUNA LOA 5 NNE,,39.2_R_R,,MAUNA LOA 5 NNE,19.535400_-155.576000
32,32,34.126,BI,20.025,-155.8211111,,32D61558,PHRH1,RAWS,PUHE CS,,43.3_R_R,,PUHE CS,20.025000_-155.821111
33,33,847.344,BI,19.3175,-155.2922222,USR0000HPAL,FA900222,PLIH1,RAWS,RAWS,,48.0_R_R,,PALI 2,19.317500_-155.292222
34,34,1682.496,BI,19.47361111,-155.3588889,USR0000HKMO,,HKMO,RAWS,RAWS,,49.0_R_R,,KEAUMO,19.473611_-155.358889
35,35,1210.0,BI,19.429741,-155.257146,USC00511303,,,COOP,HAW VOL NATL PARK,,54.0_R_R,,HAWAII VOLCNS NP HQ 54,19.429741_-155.257146
36,36,802.2336,BI,19.5076008,-155.1707,USC00510744,,GLNH1,HydroNet-UaNet,HELBUSH XL,,54.2_R_R,,Glenwood,19.507601_-155.170700
37,37,1202.0,BI,19.41528,-155.23833,,,,HavoNet,Thurston,,54.8_R_R,,Thurston,19.415280_-155.238330
38,38,1040.0,BI,19.47833,-155.215,,,,HavoNet,Ola a,,54.9_R_R,,Ola a,19.478330_-155.215000
39,39,1158.0,BI,19.4338,-155.2417,US1HIHI0040,,,CoCoRaHS,VOLCANO 4.4 S,,55.3_R_R,,VOLCANO 4.4 S,19.433800_-155.241700
40,40,671.0,BI,19.52194,-155.14389,USC00510746,,,COOP,COOP,,55.4_R_R,,GLENWOOD NO 2 55.4,19.521940_-155.143890
41,41,7.62,BI,19.67277778,-156.0202778,,FA667668,KHOH1,RAWS,RAWS,,63.0_R_R,,KALOKO-HONOKOHAU,19.672778_-156.020278
42,42,137.0,BI,19.5043,-154.9165,US1HIHI0003,,,CoCoRaHS,PAHOA 2.1 E,,65.4_R_R,,PAHOA 2.1 E,19.504300_-154.916500
43,43,339.63,BI,19.5021,-155.029,US1HIHI0055,,,CoCoRaHs,CoCoRaHs,,65.6_R_R,,"KURTISTOWN 6.6 SSE, HI US",19.502100_-155.029000
44,44,284.69,BI,19.4573,-154.9338,US1HIHI0056,,,CoCoRaHs,CoCoRaHs,,67.14_R_R,,"PAHOA 3.0 SSE, HI US",19.457300_-154.933800
45,45,259.0,BI,19.4654,-154.927,US1HIHI0051,,,CoCoRaHS,PAHOA 2.7 SSE,,67.7_R_R,,PAHOA 2.7 SSE,19.465400_-154.927000
46,46,9.0,BI,19.67944,-156.02333,USC00511880,,,COOP,COOP,,68.14_R_R,,HONOKOHAU HARBOR 68.14,19.679440_-156.023330
47,47,27.0,BI,19.73556,-156.04889,USW00021510,,HKO,NWS,KAILUA KONA KE AHOLE AIRPORT,,68.21_R_R,,KAILUA KONA KE AHOLE AIRPORT,19.735560_-156.048890
48,48,416.0,BI,19.6799,-155.9699,US1HIHI0049,,,CoCoRaHS,HOLUALOA 4.0 NW,,68.22_R_R,,HOLUALOA 4.0 NW,19.679900_-155.969900
49,49,297.0,BI,19.73756,-155.99582,,,,HIPPNET,Hilo Forest Service,,69.25_R_R,,Palamanui,19.737560_-155.995820
50,50,398.0,BI,19.7189,-155.9859,US1HIHI0038,,,CoCoRaHS,KALAOA 2.2 ESE,,69.26_R_R,,KALAOA 2.2 ESE,19.718900_-155.985900
51,51,304.5,BI,19.7238,-155.9926,US1HIHI0006,,,CoCoRaHS,KALAOA 1.7,,69.27_R_R,,KALAOA 1.7,19.723800_-155.992600
52,52,460.5528,BI,19.6331997,-155.9486,,9321011E,WIHH1,HydroNet-UaNet,NWS,,70.16_R_R,,Waiaha Stream,19.633200_-155.948600
53,53,1659.0,BI,19.72544,-155.87389,,,,HIPPNET,Hilo Forest Service,,70.7_R_R,,Puuwaawaa,19.725440_-155.873890
54,54,713.232,BI,19.5310993,-155.9066,,,KNUH1,HydroNet-UaNet,NWS,,73.29_R_R,,Kainaliu Upper,19.531099_-155.906600
55,55,416.0,BI,19.53333333,-155.9333333,,,,SCAN,SCAN,2096.0,73.34_R_R,,Kainaliu,19.533333_-155.933333
56,56,433.0,BI,19.5106,-155.9217,USC00513987,,,COOP,COOP,,74.8_R_R,,KEALAKEKUA 4 74.8,19.510600_-155.921700
57,57,1641.348,BI,19.66694444,-155.7077778,USR0000HPTK,32666200,PKAH1,RAWS,RAWS,,75.1_R_R,,PTA KIPUKA ALALA,19.666944_-155.707778
58,58,1576.0,BI,19.54863532,-155.3005575,USC00515011,,,COOP,DEPT SOCIAL SVC,,79.0_R_R,,KULANI CAMP 79,19.548635_-155.300557
59,59,1623.3648,BI,19.5543995,-155.3089,,,KNWH1,HydroNet-UaNet,NWS,,79.6_R_R,,Kulani NWR,19.554399_-155.308900
60,60,1286.256,BI,19.68586111,-155.2942222,,DDF6B6E4,SDQH1,USGS,USGS,,83.0_R_R,,QuarryRainGageatSaddleRd,19.685861_-155.294222
61,61,303.8856,BI,19.6585999,-155.1277,USC00519084,,WKAH1,HydroNet-UaNet,NWS,,85.2_R_R,,Waiakea Uka,19.658600_-155.127700
62,62,11.6,BI,19.7191,-155.053,USW00021504,,HTO,HydroNet-UaNet,NWS,,87.0_R_R,,HILO INTERNATIONAL AIRPORT 87,19.719100_-155.053000
63,63,189.0,BI,19.645,-155.0827,USW00021515,,,USCRN,HILO 5 S,,87.5_R_R,,HILO 5 S,19.645000_-155.082700
64,64,107.0,BI,19.692,-155.0925,US1HIHI0039,,,CoCoRaHS,HILO 0.4 SW,,87.8_R_R,,HILO 0.4 SW,19.692000_-155.092500
65,65,111.0,BI,19.69748,-155.0954,,,,HIPPNET,Hilo Forest Service,,87.9_R_R,,IPIF,19.697480_-155.095400
66,66,343.0,BI,19.68362898,-155.1405634,USC00513510,,,COOP,HILO SUGAR,,88.1_R_R,,KAUMANA 88.1,19.683629_-155.140563
67,67,287.0,BI,19.65529741,-155.1205634,USC00519025,,,COOP,SHINICHI KANESHIRO,,88.2_R_R,,WAIAKEA SCD 88.2,19.655297_-155.120563
68,68,296.8752,BI,19.7098007,-155.1395,USC00518053,,PIIH1,HydroNet-UaNet,NWS,,89.11_R_R,,Piihonua,19.709801_-155.139500
69,69,379.67,BI,19.7509,-155.1362,USC00512802,,,COOP,COOP,,89.13_R_R,,"KAIWIKI HOMESTEAD 89.11, HI US",19.750900_-155.136200
70,70,390.0,BI,19.73529295,-155.1455638,USC00510150,,,COOP,HILO SUGAR,,89.2_R_R,,AMAUULU 89.2,19.735293_-155.145564
71,71,463.0,BI,19.5487,-155.1101,USC00516552,,,COOP,PU SUGAR,,91.0_R_R,,MOUNTAIN VIEW 91,19.548700_-155.110100
72,72,244.0,BI,19.61861,-155.08667,USC00518315,,,COOP,COOP,,91.11_R_R,,PUNA MACADAMIA O 91.11,19.618610_-155.086670
73,73,88.0,BI,19.533,-154.917,USC00511300,,,COOP,COOP,,91.12_R_R,,HAWAIIAN BEACHES 91.12,19.533000_-154.917000
74,74,223.0,BI,19.59,-155.083,USC00515102,,,COOP,COOP,,91.14_R_R,,KURTISTOWN 91.14,19.590000_-155.083000
75,75,346.5576,BI,19.5674992,-155.0841,,,MTVH1,HydroNet-UaNet,Mountain View,,91.15_R_R,,Mountain View,19.567499_-155.084100
76,76,482.19,BI,19.5808,-155.1216,US1HIHI0060,,,CoCoRaHs,CoCoRaHs,,91.16_R_R,,"MOUNTAIN VIEW 4.5 NNE, HI US",19.580800_-155.121600
77,77,148.5,BI,19.5407,-154.9728,USC00517460,,,COOP,COOP,,91.17_R_R,,"PAHOA BEACON 91.9, HI US",19.540700_-154.972800
78,78,295.0,BI,19.5145,-155.0206,US1HIHI0037,,,CoCoRaHS,KURTISTOWN 6.1 SSE,,91.6_R_R,,KURTISTOWN 6.1 SSE,19.514500_-155.020600
79,79,694.0,BI,19.488,-155.149,USC00518638,,,COOP,COOP,,91.8_R_R,,S GLEWNWOOD 91.8,19.488000_-155.149000
80,80,187.1472,BI,19.5149994,-154.9644,,,PHAH1,HydroNet-UaNet,NWS,,91.9_R_R,,Pahoa Beacon,19.514999_-154.964400
81,81,87.0,BI,19.62918887,-155.0333418,USC00513872,,,COOP,PU SUGAR,,92.0_R_R,,KEAAU 92,19.629189_-155.033342
82,82,283.96692,BI,19.82580556,-155.8925833,,DD60236E,KIRH1,USGS,USGS,,92.5_R_R,,KiholoRainGage,19.825806_-155.892583
83,83,4.0,BI,19.48892483,-154.8200037,USC00513368,,,COOP,ARRUDA GENVIEVE,,93.11_R_R,,KAPOHO BEACH 93.11,19.488925_-154.820004
84,84,830.58,BI,19.83277778,-155.7697222,,48703040,PULH1,RAWS,RAWS,,93.12_R_R,,PUUANAHULU,19.832778_-155.769722
85,85,636.0,BI,19.80256,-155.85062,,,,HIPPNET,Hilo Forest Service,,93.13_R_R,,Mamalahoa,19.802560_-155.850620
86,86,53.95,BI,19.5473,-154.8988,US1HIHI0065,,,CoCoRaHs,CoCoRaHs,,93.61_R_R,,"PAHOA 4.7 NE, HI US",19.547300_-154.898800
87,87,372.1608,BI,19.80333333,-155.9180556,,4870E628,KPLH1,RAWS,RAWS,,94.0_R_R,,KAUPULEHU LAVA FLOW,19.803333_-155.918056
88,88,708.9648,BI,19.795,-155.8452778,USR0000HPUW,487046D0,PWWH1,RAWS,RAWS,,94.5_R_R,,PUU WAAWAA,19.795000_-155.845278
89,89,265.0,BI,19.9465,-155.7883,US1HIHI0047,,,CoCoRaHS,WAIKOLOA VILLAGE 2.7 ENE,,95.11_R_R,,WAIKOLOA VILLAGE 2.7 ENE,19.946500_-155.788300
90,90,297.7896,BI,19.92416667,-155.7936111,,4870C0C4,WKVH1,RAWS,RAWS,,95.6_R_R,,WAIKOLOA,19.924167_-155.793611
91,91,268.0,BI,19.93389178,-155.7877744,USC00519142,,,COOP,BOISE CASCADE,,95.8_R_R,,WAIKOLOA 95.8,19.933892_-155.787774
92,92,24.0,BI,19.91278,-155.87778,USC00519144,,,COOP,COOP,,95.9_R_R,,WAIKOLOA BEACH RT 95.9,19.912780_-155.877780
93,93,43.0,BI,20.02666416,-155.81944,USC00518422,,,COOP,ROSE FUJIMORI,,98.1_R_R,,PUUKOHOLA HEIAU 98.1,20.026664_-155.819440
94,94,29.5656,BI,19.42194444,-155.9075,,32D6803A,PERH1,RAWS,PUHO CS,,98.2_R_R,,PUHO CS,19.421944_-155.907500
95,95,1307.592,BI,19.77166667,-155.7022222,USR0000HPTW,32667176,PKWH1,RAWS,RAWS,,99.0_R_R,,PTA WEST,19.771667_-155.702222
96,96,1417.0,BI,19.82,-155.6508,,,,STATE,PARKER RANCH,,100.0_R_R,,Waikii,19.820000_-155.650800
97,97,1025.9568,BI,19.90222222,-155.6786111,,328FB7BE,PKMH1,RAWS,RAWS,,101.1_R_R,,PTA KEAMUKU,19.902222_-155.678611
98,98,2001.9264,BI,19.83638889,-155.6130556,,4870D3B2,AHMH1,RAWS,RAWS,,102.8_R_R,,AUHMOA,19.836389_-155.613056
99,99,1288.0,BI,19.96,-155.54,,,,SCAN,Mana House,2097.0,103.3_R_R,,Mana House,19.960000_-155.540000
100,100,2835.0,BI,19.77,-155.42,,,,SCAN,Silversword,2101.0,104.1_R_R,,Silversword,19.770000_-155.420000
101,101,1959.864,BI,19.68277778,-155.5452778,USR0000HPTA,3266D18E,PTAH1,RAWS,RAWS,,107.4_R_R,,PTA EAST,19.682778_-155.545278
102,102,1734.312,BI,19.74583333,-155.6261111,,3279630C,,RAWS,RAWS,,109.0_R_R,,PTA RANGE 17,19.745833_-155.626111
103,103,2811.0,BI,19.76029046,-155.4555569,USC00511065,,,COOP,STATE DIV FTRY,,111.0_R_R,,HALEPOHAKU 111,19.760290_-155.455557
104,104,2165.0,BI,19.92666,-155.44,,3181742E,PMLH1,RAWS,RAWS,,113.2_R_R,,PUU MALI,19.926660_-155.440000
105,105,1949.0,BI,19.8,-155.3333333,,,,SCAN,SCAN,2098.0,125.12_R_R,,Pua Akala,19.800000_-155.333333
106,106,1145.0,BI,19.93217,-155.29129,,,,HIPPNET,Hilo Forest Service,,127.5_R_R,,Laupahoehoe,19.932170_-155.291290
107,107,1665.0,BI,19.83873,-155.30797,,,,HIPPNET,Hilo Forest Service,,128.1_R_R,,Hakalau,19.838730_-155.307970
108,108,1950.72,BI,19.82111111,-155.3305556,USR0000HHAK,8374D370,HKUH1,RAWS,RAWS,,129.0_R_R,,HAKALAU,19.821111_-155.330556
109,109,454.0,BI,19.96358,-155.25014,,,,HIPPNET,Hilo Forest Service,,132.2_R_R,,Spencer,19.963580_-155.250140
110,110,82.0,BI,19.9522,-155.185,USC00518067,,,COOP,COOP,,132.3_R_R,,POHAKUPUKA,19.952200_-155.185000
111,111,335.0,BI,19.95,-155.217,USC00513329,,,COOP,COOP,,132.4_R_R,,KAPEHU MAUKA 132.4,19.950000_-155.217000
112,112,302.0,BI,19.97278,-155.23944,USC00514459,,,COOP,COOP,,132.5_R_R,,KIHALANI 132.5,19.972780_-155.239440
113,113,140.0,BI,19.98027372,-155.2305601,USC00515427,,,COOP,BARNARD EW,,133.1_R_R,,LAUPAHOEHOE 133.1,19.980274_-155.230560
114,114,499.872,BI,19.9792,-155.2372,,B159741A,LPHH1,HydroNet-UaNet,NWS,,133.3_R_R,,Laupahoehoe,19.979200_-155.237200
115,115,61.0,BI,19.8875,-155.12528,USC00519432,,,COOP,WAILEA 137.4,,137.4_R_R,,WAILEA 137.4,19.887500_-155.125280
116,116,424.0,BI,19.86139,-155.16361,USC00512595,,,COOP,COOP,,138.2_R_R,,KAHUNA FALLS 138.2,19.861390_-155.163610
117,117,385.0,BI,19.8494,-155.15,US1HIHI0014,,,CoCoRaHS,HONOMU 2.8 SW,,138.3_R_R,,HONOMU 2.8 SW,19.849400_-155.150000
118,118,427.0,BI,19.78695738,-155.1388973,USC00517724,,,COOP,MAU KEA SUGAR,,140.1_R_R,,PAPAIKOU MAUKA NO 2 140,19.786957_-155.138897
119,119,457.0,BI,19.835,-155.149,USC00513473,,,COOP,COOP,,140.5_R_R,,KAUKU 140.5,19.835000_-155.149000
120,120,61.0,BI,19.78362447,-155.0922318,USC00517711,,,COOP,MAU KEA SUGAR,,144.1_R_R,,PAPAIKOU 144.1,19.783624_-155.092232
121,121,178.0,BI,19.8313,-155.1077,US1HIHI0002,,,CoCoRaHS,PEPEEKEO 0.2 SSE,,144.11_R_R,,PEPEEKEO 0.2 SSE,19.831300_-155.107700
122,122,108.0,BI,19.8095,-155.0988,US1HIHI0011,,,CoCoRaHS,PAPAIKOU 1.1 N,,144.12_R_R,,PAPAIKOU 1.1 N,19.809500_-155.098800
123,123,421.0,BI,20.10027112,-155.8322151,USC00516270,,,COOP,KAHUA RANCH,,147.1_R_R,,MIDDLE PEN 147.1,20.100271_-155.832215
124,124,328.8792,BI,20.08305556,-155.8325,,4870B654,KHRH1,RAWS,KOHALA RANCH,,147.2_R_R,,KOHALA RANCH,20.083056_-155.832500
125,125,34.0,BI,20.265,-155.8582,,B15017A0,UPLH1,HydroNet-UaNet,NWS,,160.3_R_R,,Upolu Airport,20.265000_-155.858200
126,126,183.0,BI,20.23692665,-155.8272119,USC00511339,,,COOP,KOHALA SUGAR,,168.0_R_R,,HAWI 168,20.236927_-155.827212
127,127,163.0,BI,20.2252605,-155.7922137,USC00514680,,,COOP,BOND ESTATE,,175.1_R_R,,KOHALA MISSION 175.1,20.225261_-155.792214
128,128,987.552,BI,20.1249008,-155.7884,,15D293C2,KASH1,HydroNet-UaNet,KAHUA RANCH,,176.3_R_R,,Kahua Ranch HQ,20.124901_-155.788400
129,129,762.0,BI,20.12554592,-155.7774941,USC00518101,,,COOP,PONOHOLO RCH 178.11,,178.12_R_R,,PONOHOLO RCH 178.11,20.125546_-155.777494
130,130,149.0,BI,20.20694,-155.73778,USC00518086,,,COOP,POLOLU LOOKOUT 179.3,,179.3_R_R,,POLOLU LOOKOUT 179.3,20.206940_-155.737780
131,131,1237.488,BI,20.08533333,-155.6811667,,DDF6A592,KWSH1,USGS,USGS,,185.7_R_R,,KawainuiRainGagenearKamuela,20.085333_-155.681167
132,132,927.0,BI,20.01666667,-155.6,,,,SCAN,SCAN,2099.0,189.0_R_R,,Waimea Plain,20.016667_-155.600000
133,133,799.0,BI,20.01083015,-155.6763867,USC00515260,,,COOP,DOWALD,,191.1_R_R,,LALAMILO FLD OF 191.1,20.010830_-155.676387
134,134,948.5376,BI,20.0319996,-155.6667,USC00513080,817075F6,KUUH1,HydroNet-UaNet,NWS,,192.7_R_R,,Kamuela Upper,20.032000_-155.666700
135,135,299.0,BI,20.11526922,-155.5822202,USC00514928,,,COOP,HONOKAA SUGAR,,199.0_R_R,,KUKUIHAELE HIC 199,20.115269_-155.582220
136,136,877.824,BI,20.0394993,-155.6084,,81706680,KMUH1,HydroNet-UaNet,NWS,,201.3_R_R,,Kamuela 1,20.039499_-155.608400
137,137,226.0,BI,20.12167,-155.57417,USC00514927,,,COOP,COOP,,206.1_R_R,,KUKUIHAELE 206.1,20.121670_-155.574170
138,138,140.0,BI,20.09193527,-155.4738903,USC00510840,,,COOP,HONOKAA SUGAR,,214.0_R_R,,HAINA 214,20.091935_-155.473890
139,139,326.0,BI,20.08026947,-155.4672231,USC00511856,,,COOP,HONOKAA SUGAR,,215.0_R_R,,HONOKAA TOWN 215,20.080269_-155.467223
140,140,591.9216,BI,20.0656,-155.49,,B15047DC,HNKH1,HydroNet-UaNet,NWS,,215.5_R_R,,Honokaa,20.065600_-155.490000
141,141,757.0,BI,20.0417,-155.4777,US1HIHI0033,,,CoCoRaHS,HONOKAA 2.5 SSW,,216.6_R_R,,HONOKAA 2.5 SSW,20.041700_-155.477700
142,142,396.0,BI,20.06111,-155.43528,USC00512982,,,COOP,COOP,,216.8_R_R,,KALOPA 216.8,20.061110_-155.435280
143,143,333.0,BI,20.0606,-155.43,US1HIHI0034,,,CoCoRaHS,HONOKAA 2.7 ESE,,216.9_R_R,,HONOKAA 2.7 ESE,20.060600_-155.430000
144,144,122.0,BI,20.08360173,-155.4372236,USC00517204,,,COOP,PAAUHAU SUGAR,,217.0_R_R,,PAAUHAU 217,20.083602_-155.437224
145,145,341.0,BI,20.07306,-155.44722,USC00517209,,,COOP,COOP,,217.2_R_R,,PAAUHAU MAUKA 217.2,20.073060_-155.447220
146,146,244.0,BI,20.03860487,-155.3688913,USC00517312,,,COOP,HAMAKUA MILL,,221.0_R_R,,PAAUILO 221,20.038605_-155.368891
147,147,613.0,BI,20.019,-155.3988,US1HIHI0050,,,CoCoRaHS,PAAUILO 2.4 SW,,221.7_R_R,,PAAUILO 2.4 SW,20.019000_-155.398800
148,148,256.0,BI,20.02693892,-155.3422253,USC00514815,,,COOP,HAMAKUA MILL,,222.0_R_R,,KUKAIAU 222,20.026939_-155.342225
149,149,131.0,BI,20.01527222,-155.2838932,USC00517131,,,COOP,LAUPAHOEHOE SUG,,223.0_R_R,,OOKALA 223,20.015272_-155.283893
150,150,30.0,MA,20.6420893,-156.4388486,USC00515842,,,COOP,MAKE GC,,249.1_R_R,,MAKENA GOLF CRS 249.1,20.642089_-156.438849
151,151,579.0,MA,20.648174,-156.398497,USC00518760,,,COOP,ULUPALAKUA RANCH,,250.0_R_R,,ULUPALAKUA RANCH 250,20.648174_-156.398497
152,152,581.5584,MA,20.6487999,-156.3981,,8170531A,ULUH1,HydroNet-UaNet,NWS,,250.2_R_R,,Ulupalakua Ranch,20.648800_-156.398100
153,153,1166.0,MA,20.64422222,-156.3420556,,,,HaleNet,HaleNet,,253.0_R_R,,AUWAHI HN-141,20.644222_-156.342056
154,154,225.552,MA,20.6195,-156.2518889,,F000D4EA,KPNH1,USGS,USGS,,255.0_R_R,,KepuniGulchRainGage,20.619500_-156.251889
155,155,67.0,MA,20.63014664,-156.2038592,USC00519765,,,COOP,HALEAKALA RANCH,,256.0_R_R,,WAIOPAI RANCH 256,20.630147_-156.203859
156,156,24.0,MA,20.662925,-156.04248,USC00517000,,,COOP,HALEAKALA TL PK,,258.6_R_R,,OHE'O 258.6,20.662925_-156.042480
157,157,1228.344,MA,20.68416667,-156.1519444,USR0000HKAU,FA45A6E0,KPGH1,RAWS,RAWS,,266.0_R_R,,KAUPO GAP,20.684167_-156.151944
158,158,916.0,MA,20.70013977,-156.3555187,USC00515004,,,COOP,KULA SATORIUM,,267.0_R_R,,KULA HOSPITAL 267,20.700140_-156.355519
159,159,1998.5736,MA,20.68305556,-156.3216667,,AA10F12E,KLFH1,RAWS,KULA 1,,267.8_R_R,,KULA 1,20.683056_-156.321667
160,160,1650.0,MA,20.72655556,-156.09225,,,,HaleNet,HaleNet,,276.0_R_R,,BIG BOG HN-164,20.726556_-156.092250
161,161,1930.0,MA,20.73630556,-156.1071389,,,,HaleNet,HaleNet,,277.0_R_R,,HORSHOE PU'U HN-163,20.736306_-156.107139
162,162,2195.0,MA,20.73422222,-156.1228889,,,,HaleNet,HaleNet,,278.0_R_R,,TREE LINE HN-162,20.734222_-156.122889
163,163,2228.0,MA,20.73492113,-156.1234398,,,,Little HaleNet,Lakes - Subalpine,,278.1_R_R,,Lakes - Subalpine,20.734921_-156.123440
164,164,1993.0,MA,20.745673,-156.1425145,,,,Little HaleNet,Puu Alaea - Cloud forest,,278.11_R_R,,Puu Alaea - Cloud forest,20.745673_-156.142515
165,165,2033.0,MA,20.74567736,-156.1424321,,,,Little HaleNet,Puu Alaea - Forest line,,278.12_R_R,,Puu Alaea - Forest line,20.745677_-156.142432
166,166,2182.0,MA,20.735063,-156.1222481,,,,Little HaleNet,Lakes - Forest line,,278.2_R_R,,Lakes - Forest line,20.735063_-156.122248
167,167,2143.0,MA,20.73575551,-156.1214124,,,,Little HaleNet,Lakes - Cloud forest,,278.3_R_R,,Lakes - Cloud forest,20.735756_-156.121412
168,168,2304.0,MA,20.73450891,-156.1273482,,,,Little HaleNet,Lakes - Alpine,,278.4_R_R,,Lakes - Alpine,20.734509_-156.127348
169,169,2320.0,MA,20.73857613,-156.1365744,,,,Little HaleNet,Frisbee - Alpine,,278.5_R_R,,Frisbee - Alpine,20.738576_-156.136574
170,170,2191.0,MA,20.74071537,-156.1350318,,,,Little HaleNet,Frisbee - Subalpine,,278.6_R_R,,Frisbee - Subalpine,20.740715_-156.135032
171,171,2135.0,MA,20.74195056,-156.1342138,,,,Little HaleNet,Frisbee - Forest line,,278.7_R_R,,Frisbee - Forest line,20.741951_-156.134214
172,172,2087.0,MA,20.73622225,-156.1341472,,,,Little HaleNet,Frisbee - Cloud forest,,278.71_R_R,,Frisbee - Cloud forest,20.736222_-156.134147
173,173,2320.0,MA,20.74402239,-156.1421477,,,,Little HaleNet,Puu Alaea - Alpine,,278.8_R_R,,Puu Alaea - Alpine,20.744022_-156.142148
174,174,2075.0,MA,20.74489428,-156.1421289,,,,Little HaleNet,Puu Alaea - Subalpine,,278.9_R_R,,Puu Alaea - Subalpine,20.744894_-156.142129
175,175,2460.0,MA,20.73061111,-156.1413056,,,,HaleNet,HaleNet,,279.0_R_R,,POHAKAU PALAHA HN-161,20.730611_-156.141306
176,176,128.016,MA,20.66836111,-156.0522222,,,,USGS,OheoGulchRGatdamnearKipahulu,,280.1_R_R,,OheoGulchRGatdamnearKipahulu,20.668361_-156.052222
177,177,50.0,MA,20.81346495,-156.5071787,USC00518060,,,COOP,WAILUKU SUGAR,,307.2_R_R,,POHAKEA BRIDGE 307.2,20.813465_-156.507179
178,178,3.6576,MA,20.7975,-156.4772222,,32B2C438,KPDH1,RAWS,Kealia Pond NWR,,311.2_R_R,,Kealia Pond NWR,20.797500_-156.477222
179,179,54.5592,MA,20.7061005,-156.437,,93202508,KHIH1,HydroNet-UaNet,NWS,,311.5_R_R,,Kihei 2,20.706101_-156.437000
180,180,965.0,MA,20.75788889,-156.3200278,,,,HaleNet,HaleNet,,324.6_R_R,,KULA AG HN-119,20.757889_-156.320028
181,181,944.88,MA,20.7577991,-156.3217,USC00515000,93220610,KBSH1,HydroNet-UaNet,NWS,,324.7_R_R,,Kula Branch Stn,20.757799_-156.321700
182,182,960.0,MA,20.75763889,-156.2775,,,,HaleNet,HaleNet,,328.4_R_R,,PU'U PAHU HN-106,20.757639_-156.277500
183,183,1595.0,MA,20.79179801,-156.2521891,USC00518744,,,COOP,HALEAKALA RANCH,,333.0_R_R,,UKULELE 333,20.791798_-156.252189
184,184,2898.0,MA,20.703948,-156.241101,,,,CraterNet,south rim,,337.0_R_R,,south rim,20.703948_-156.241101
185,185,2697.0,MA,20.714563,-156.2394,,,,CraterNet,Sliding Sands,,337.1_R_R,,Sliding Sands,20.714563_-156.239400
186,186,2461.0,MA,20.7300298,-156.140176,,,,CraterNet,Pohaku Palaha,,337.11_R_R,,Pohaku Palaha,20.730030_-156.140176
187,187,2282.0,MA,20.73782363,-156.1453106,,,,CraterNet,Puu Alaea,,337.12_R_R,,Puu Alaea,20.737824_-156.145311
188,188,1927.0,MA,20.71236611,-156.1437572,,,,CraterNet,Paliku,,337.13_R_R,,Paliku,20.712366_-156.143757
189,189,2424.0,MA,20.709651,-156.224485,,,,CraterNet,Puu o Pele,,337.2_R_R,,Puu o Pele,20.709651_-156.224485
190,190,2270.0,MA,20.718443,-156.212261,,,,CraterNet,Lava lake,,337.3_R_R,,Lava lake,20.718443_-156.212261
191,191,2186.0,MA,20.731704,-156.205387,,,,CraterNet,Silversword loop,,337.4_R_R,,Silversword loop,20.731704_-156.205387
192,192,2722.0,MA,20.74337371,-156.2288651,,,,CraterNet,Leleiwi,,337.5_R_R,,Leleiwi,20.743374_-156.228865
193,193,2261.0,MA,20.717807,-156.188007,,,,CraterNet,Puu Nole,,337.6_R_R,,Puu Nole,20.717807_-156.188007
194,194,2645.0,MA,20.73567887,-156.1754875,,,,CraterNet,Hanakauhi,,337.7_R_R,,Hanakauhi,20.735679_-156.175488
195,195,2455.0,MA,20.73555054,-156.1587809,,,,CraterNet,Aloha Park,,337.8_R_R,,Aloha Park,20.735551_-156.158781
196,196,2051.0,MA,20.7229056,-156.1544823,,,,CraterNet,Laie,,337.9_R_R,,Laie,20.722906_-156.154482
197,197,2143.0,MA,20.75846738,-156.2455233,USC00511004,,,COOP,HAWAII T PARK,,338.0_R_R,,HALEAKALA RANGER STATION 338,20.758467_-156.245523
198,198,3037.0,MA,20.71667,-156.26667,USC00511008,,,COOP,SMITHSONIAN INST 1,,338.4_R_R,,HALEAKALA SUMMIT 338,20.716670_-156.266670
199,199,2120.0,MA,20.75980556,-156.2481667,,,,HaleNet,HaleNet,,339.4_R_R,,PARK HQ HN-151,20.759806_-156.248167
200,200,2590.0,MA,20.73819444,-156.2458333,,,,HaleNet,HaleNet,,339.5_R_R,,NENE NEST HN-152,20.738194_-156.245833
201,201,2990.0,MA,20.71036111,-156.25675,,,,HaleNet,HaleNet,,339.6_R_R,,SUMMIT HN-153,20.710361_-156.256750
202,202,472.44,MA,20.81436111,-156.1429722,,DD5E710A,WWKH1,USGS,USGS,,348.5_R_R,,WestWailuaikiRainGagenrKeanae,20.814361_-156.142972
203,203,390.0,MA,20.81179461,-156.1171956,USC00517194,,,COOP,EMI,,350.0_R_R,,PAAKEA 350,20.811795_-156.117196
204,204,19.0,MA,20.7946,-156.0157,USC00511125,B150314C,HNAH1,HydroNet-UaNet,NWS,,353.0_R_R,,Hana AP,20.794600_-156.015700
205,205,24.0,MA,20.792,-156.017,USC00511125,,,COOP,HAWN AIRLINES,,355.0_R_R,,HANA AIRPORT 355,20.792000_-156.017000
206,206,238.0488,MA,20.8909,-156.6556,,81700366,LAHH1,HydroNet-UaNet,NWS,,361.1_R_R,,Lahainaluna,20.890900_-156.655600
207,207,177.0,MA,20.89679257,-156.6621736,USC00518955,,,COOP,PIONEER MILL,,364.0_R_R,,WAHIKULI 364,20.896793_-156.662174
208,208,1759.0,MA,20.89083333,-156.6008333,USC00514887,DD73556E,PKKH1,USGS,BALDWIN PKRS,,380.0_R_R,,PuuKukuiRainGageatalt,20.890833_-156.600833
209,209,55.0,MA,20.89345755,-156.4971783,USC00519484,,,COOP,WAILUKU SUGAR,,386.0_R_R,,WAILUKU 386,20.893458_-156.497178
210,210,146.9136,MA,20.8831005,-156.5124,,9321D776,WUKH1,HydroNet-UaNet,NWS,,386.6_R_R,,Wailuku,20.883101_-156.512400
211,211,130.0,MA,20.8491,-156.5092,USC00519376,,,COOP,WAILUKU SUGAR,,390.0_R_R,,WAIKAPU 390,20.849100_-156.509200
212,212,145.9992,MA,20.8346996,-156.5135,,9320E016,WCCH1,HydroNet-UaNet,NWS,,390.4_R_R,,Waikapu Country Club,20.834700_-156.513500
213,213,18.0,MA,20.8717927,-156.4538466,USC00518543,,,COOP,HC&S,,396.0_R_R,,PUUNENE 396,20.871793_-156.453847
214,214,12.0,MA,20.8887,-156.41,USW00022516,,HOG,NWS,NOAA-NWS,,398.0_R_R,,KAHULUI AIRPORT,20.888700_-156.410000
215,215,50.0,MA,20.9051221,-156.3738494,USC00517566,,,COOP,HC&S,,406.0_R_R,,PAIA 406,20.905122_-156.373849
216,216,326.0,MA,20.86679262,-156.3405177,USC00511075,,,COOP,MAUI PINE,,423.0_R_R,,HALIIMAILE 423,20.866793_-156.340518
217,217,495.9096,MA,20.8355007,-156.3307,,15D2B52E,PUKH1,HydroNet-UaNet,NWS,,426.6_R_R,,Pukalani,20.835501_-156.330700
218,218,213.0,MA,20.89012208,-156.2121892,USC00512679,,,COOP,EMI,,446.0_R_R,,KAILUA 446,20.890122_-156.212189
219,219,128.0,MA,20.93194,-156.67611,USC00518407,,,COOP,COOP,,457.1_R_R,,PUUKOLII 457.1,20.931940_-156.676110
220,220,73.0,MA,20.9625,-156.6753,USC00513317,,,NWS,KAPALUA W.MAUI AIRPORT 462.4,,462.4_R_R,,KAPALUA W.MAUI AIRPORT 462.4,20.962500_-156.675300
221,221,257.0,MA,20.94678808,-156.6555055,USC00515715,,,COOP,PIONEER MILL,,466.0_R_R,,MAHINAHINA 466,20.946788_-156.655506
222,222,319.0,MA,20.9951177,-156.6391163,USC00510541,,,COOP,MAUI PINE,,474.0_R_R,,FIELD 46 474,20.995118_-156.639116
223,223,91.0,MA,20.94012106,-156.5255102,USC00519315,,,COOP,WAILUKU SUGAR,,482.0_R_R,,WAIHEE VALLEY 482,20.940121_-156.525510
224,224,334.0,MA,20.9539,-156.5342,USC00512450,,,COOP,NWS,,482.4_R_R,,KAHAKULOA MAUKA 482,20.953900_-156.534200
225,225,335.28,MA,20.9540997,-156.5342,,781001B6,KHKH1,HydroNet-UaNet,Kahakuloa,,482.5_R_R,,Kahakuloa,20.954100_-156.534200
226,226,98.0,MA,20.91623388,-156.5088444,USC00519275,,,COOP,WAILUKU SUGAR,,484.0_R_R,,WAIEHU CAMP 484,20.916234_-156.508844
227,227,98.0,MA,20.91345401,-156.3455169,USC00511086,,,COOP,HC&S,,485.0_R_R,,HAMAKUAPOKO 485,20.913454_-156.345517
228,228,416.0,MA,20.92011989,-156.3071849,US1HIMI0001,,,CoCoRaHS,HAIKU 3.2 SE,,486.7_R_R,,HAIKU 3.2 SE,20.920120_-156.307185
229,229,99.3648,MA,20.9288998,-156.3225,USC00510822,50A30568,AIKH1,HydroNet-UaNet,NWS,,489.0_R_R,,Haiku,20.928900_-156.322500
230,230,341.0,MA,20.89306,-156.30306,USC00514806,,,COOP,COOP,,490.7_R_R,,KUIAHA 490.7,20.893060_-156.303060
231,231,210.0,MA,20.91,-156.282,USC00511016,,,COOP,COOP,,492.2_R_R,,HALEHAKU 492.2,20.910000_-156.282000
232,232,38.0,MA,21.00011804,-156.655505,USC00511887,,,COOP,MAUI LAND&PINE CO,,493.0_R_R,,HONOKOHUA 493,21.000118_-156.655505
233,233,61.0,MA,21.010978,-156.633839,USC00511914,,,COOP,MAUI LAND&PINE CO,,494.0_R_R,,HONOLUA FIELD 49 494,21.010978_-156.633839
234,234,104.0,MA,21.02511528,-156.6005068,USC00516645,,,COOP,MAUI LAND&PINE CO,,497.0_R_R,,NAKALELE FIELD 60 497,21.025115_-156.600507
235,235,335.28,KO,20.5625,-156.5630556,USR0000HLUA,,HLUA,RAWS,RAWS,,499.11_R_R,,LUA MAKIKA,20.562500_-156.563056
236,236,251.46,KO,20.54361111,-156.6408333,USR0000HKLL,32792006,KLLH1,RAWS,RAWS,,499.12_R_R,,KEALIALALO,20.543611_-156.640833
237,237,365.76,KO,20.58027778,-156.5711111,USR0000HHAI,3279159C,HKIH1,RAWS,RAWS,,499.13_R_R,,HAKIOAWA,20.580278_-156.571111
238,238,248.412,KO,20.52222222,-156.5658333,USR0000HKAN,32793370,KAOH1,RAWS,RAWS,,499.9_R_R,,KANELOA,20.522222_-156.565833
239,239,314.0,MO,21.13348648,-157.2121842,USC00516190,,,COOP,MOLOKAI RANCH CO,,511.0_R_R,,MAUNALOA 511,21.133486_-157.212184
240,240,141.0,MO,21.15514996,-157.0924625,USW00022534,,HMK,NWS,ALOHA AIRLINES,,524.0_R_R,,MOLOKAI KAUNAKAKAI MOLOKAI AIRPORT,21.155150_-157.092463
241,241,3.0,MO,21.08876308,-157.0216311,USC00513541,,,COOP,MOLOKAI RANCH,,536.0_R_R,,KAUNAKAKAI 536,21.088763_-157.021631
242,242,28.3464,MO,21.0946007,-157.0174,,50A0F2E2,KACH1,HydroNet-UaNet,MOLOKAI GEN HOSP,,536.5_R_R,,Kaunakakai Mauka,21.094601_-157.017400
243,243,13.0,MO,21.068,-156.963,US1HIMI0002,,,CoCoRaHS,KAUNAKAKAI 3.5 ESE,,536.6_R_R,,KAUNAKAKAI 3.5 ESE,21.068000_-156.963000
244,244,833.0184,MO,21.115,-156.9475,USR0000HMLK,487016AC,MLKH1,RAWS,RAWS,,538.0_R_R,,MOLOKAI 1,21.115000_-156.947500
245,245,1159.764,MO,21.14083333,-156.9022222,,32D6062E,PAFH1,RAWS,Puu ALII WEST,,541.2_R_R,,Puu ALII WEST,21.140833_-156.902222
246,246,93.0,MO,21.1804,-157.2319,US1HIMI0006,,,CoCoRaHS,MAUNALOA 3.2 NNW,,550.3_R_R,,MAUNALOA 3.2 NNW,21.180400_-157.231900
247,247,22.86,MO,21.20333333,-156.9661111,USR0000HMAK,FA9024CE,MKPH1,RAWS,RAWS,,553.0_R_R,,MAKAPULAPAI,21.203333_-156.966111
248,248,9.0,MO,21.19014673,-156.9824624,USC00512896,,,COOP,CIVIL AIR PATROL,,563.0_R_R,,KALAUPAPA 563,21.190147_-156.982462
249,249,498.0432,LA,20.8262997,-156.9182,USC00515286,,LANH1,HydroNet-UaNet,NWS,,672.1_R_R,,Lanai City,20.826300_-156.918200
250,250,387.096,LA,20.87333333,-157.0063889,USR0000HLAN,48702336,LNIH1,RAWS,RAWS,,679.0_R_R,,LANAI 1,20.873333_-157.006389
251,251,2.0,OA,21.313926,-157.999529,USC00511918,,,COOP,USC&GEODETIC SURVEY,,702.2_R_R,,HONOLULU OBSERV 702.2,21.313926_-157.999529
252,252,15.0,OA,21.31667,-158.06667,USW00022551,,HJR,NWS,NWS,,702.7_R_R,,Kapolei-Kalaeloa AP,21.316670_-158.066670
253,253,1.524,OA,21.3150005,-157.9992,,,PTWH1,HydroNet-UaNet,NWS,,702.8_R_R,,PTWC,21.315001_-157.999200
254,254,2.1,OA,21.324,-157.9294,USW00022521,,,NWS,USWB,,703.0_R_R,,HONOLULU INTERNATIONAL AIRPORT,21.324000_-157.929400
255,255,1.0,OA,21.3287,-157.9298,USC00511925,,,COOP,COOP,,703.1_R_R,,"HONOLULU FIRE STATION 703.1, HI US",21.328700_-157.929800
256,256,6.0,OA,21.305169,-157.8522571,USC00510211,,,COOP,BWS,,705.0_R_R,,BERETANIA PUMP STN 705,21.305169_-157.852257
257,257,38.1,OA,21.3034,-157.8627,,,ALOH1,HydroNet-UaNet,NWS,,705.12_R_R,,Aloha Tower,21.303400_-157.862700
258,258,2.0,OA,21.32180556,-157.8694722,,,,PrivateObs,J_Delay,,706.5_R_R,,Niuhelewai HCC JD,21.321806_-157.869472
259,259,14.0,OA,21.30489073,-157.8305905,USW00022551,,,STATE,LYDECKER RC,,707.2_R_R,,EWA KALAELOA AIRPORT,21.304891_-157.830590
260,260,12.0,OA,21.3004,-157.8293,US1HIHN0023,,,CoCoRaHS,CoCoRaHS,,707.5_R_R,,HONOLULU 2.0 SW,21.300400_-157.829300
261,261,108.0,OA,21.31016855,-157.846146,USC00518316,,,COOP,T MEM CEMETERY,,709.0_R_R,,PUNCHBOWL CRATER 709,21.310169_-157.846146
262,262,11.5824,OA,21.29322222,-157.8127222,,,,USGS,USGS,,711.6_R_R,,"ManoaRGatKanewaiFld,Honolulu",21.293222_-157.812722
263,263,6.096,OA,21.28944444,-157.8155556,,,,USGS,USGS,,711.7_R_R,,H-1RainGageatKapiolaniAve,21.289444_-157.815556
264,264,61.0,OA,21.31044568,-157.8147571,USC00516122,,,COOP,BEAUMONT MRS J,,712.1_R_R,,MANOA 712.1,21.310446_-157.814757
265,265,24.0,OA,21.29933514,-157.8167017,USC00518815,,,COOP,UH MET DEPT,,713.0_R_R,,UNIV OF HAWAII 713,21.299335_-157.816702
266,266,15.0,OA,21.27433592,-157.7880917,USC00519185,,,COOP,TINKER SPENCER,,715.0_R_R,,WAIALAE KAHALA,21.274336_-157.788092
267,267,198.0,OA,21.32794416,-157.7914236,USC00516130,,,COOP,BWS,,716.0_R_R,,MANOA TUN 2 716,21.327944_-157.791424
268,268,3.0,OA,21.27183682,-157.8180917,USC00519397,,,COOP,PURINTON J,,717.2_R_R,,WAIKIKI 717.2,21.271837_-157.818092
269,269,302.0,OA,21.32183297,-157.7717015,USC00517664,,,COOP,BWS,,718.0_R_R,,PALOLO VALLEY 718,21.321833_-157.771702
270,270,113.0,OA,21.285,-157.7816,US1HIHN0010,,,CoCoRaHS,CoCoRaHS,,720.6_R_R,,HONOLULU 2.7 SSE,21.285000_-157.781600
271,271,335.0,OA,21.29766804,-157.7853133,USC00519980,,,COOP,BWS,,721.0_R_R,,WILHELMINA RISE 721,21.297668_-157.785313
272,272,59.436,OA,21.2996006,-157.7944,USC00517662,19014414,PFSH1,HydroNet-UaNet,NWS,,721.4_R_R,,Palolo Fire Stn,21.299601_-157.794400
273,273,3.0,OA,21.28172556,-157.7282194,USC00517540,,,COOP,GRUBB DL,,723.4_R_R,,PAIKO DRIVE 723.4,21.281726_-157.728219
274,274,19.812,OA,21.2896996,-157.7332,USC00516865,1900D38C,NIUH1,HydroNet-UaNet,NWS,,723.8_R_R,,Niu Valley,21.289700_-157.733200
275,275,9.0,OA,21.29889,-157.66444,USC00511308,,,COOP,UNOAA-NWS,,724.19_R_R,,HAWAII KAI GC 724.19,21.298890_-157.664440
276,276,242.316,OA,21.3085995,-157.6791,,190046EE,KMHH1,HydroNet-UaNet,NWS,,724.21_R_R,,Kamehame,21.308599_-157.679100
277,277,722.376,OA,21.385,-158.1041667,,4870F55E,PLHH1,RAWS,RAWS,,728.2_R_R,,PALEHUA,21.385000_-158.104167
278,278,85.0392,OA,21.3869991,-158.0358,,,KUNH1,HydroNet-UaNet,NWS,,740.5_R_R,,Kunia,21.386999_-158.035800
279,279,12.0,OA,21.3401713,-158.0339215,USC00510507,,,COOP,EWA PLANTATION,,741.0_R_R,,EWA PLANTATION 741,21.340171_-158.033921
280,280,1.524,OA,21.35666667,-158.0205556,,327BF39A,HOFH1,RAWS,FWS,,742.4_R_R,,HONOULIULI PHB,21.356667_-158.020556
281,281,18.0,OA,21.38683459,-158.0072536,USC00519738,,,COOP,OAHU SUGAR,,750.0_R_R,,WAIPAHU 750,21.386835_-158.007254
282,282,1.524,OA,21.38694444,-157.9811111,,3274C092,WWFH1,RAWS,FWS,,752.6_R_R,,WAIAWA PHB,21.386944_-157.981111
283,283,238.0,OA,21.39488776,-157.91031,USC00510123,,,COOP,G FOWLER,,764.6_R_R,,AIEA HEIGHTS 764.6,21.394888_-157.910310
284,284,175.0,OA,21.393,-157.9186,US1HIHN0014,,,CoCoRaHS,CoCoRaHS,,764.7_R_R,,AIEA 0.7 ENE,21.393000_-157.918600
285,285,6.0,OA,21.34794527,-157.8950332,USC00516395,,,COOP,ROXBURGH J,,770.0_R_R,,MOANALUA 770,21.347945_-157.895033
286,286,335.28,OA,21.40488889,-157.8504444,,DD75A524,TNLH1,USGS,USGS,,771.11_R_R,,N.HalawaValleyRGattunnel,21.404889_-157.850444
287,287,210.312,OA,21.382,-157.9033333,,,,USGS,USGS,,771.9_R_R,,NHalawaRainGagenrHonolulu,21.382000_-157.903333
288,288,103.058976,OA,21.37823611,-157.8700306,,,,USGS,USGS,,772.0_R_R,,MoanaluaRaingagenrHonolulu,21.378236_-157.870031
289,289,97.536,OA,21.39295833,-157.8908639,,,,USGS,USGS,,772.1_R_R,,N.HalawaRaingagenrAiea,21.392958_-157.890864
290,290,304.8,OA,21.39338889,-157.8401111,,1689664A,MOGH1,USGS,USGS,,772.3_R_R,,MoanaluaRGNo.1atalt1000,21.393389_-157.840111
291,291,72.2376,OA,21.3736,-157.8801,USC00516400,1900B66A,MOAH1,HydroNet-UaNet,USGS,,772.5_R_R,,Moanalua Stream,21.373600_-157.880100
292,292,350.52,OA,21.38823333,-157.8486389,,,,USGS,USGS,,772.6_R_R,,MoanaluaRaingagenrKaneohe,21.388233_-157.848639
293,293,188.0,OA,21.33933391,-157.8567005,USC00513268,,,COOP,KAMEHAMEHA SCH,,773.0_R_R,,KAPALAMA 773,21.339334_-157.856700
294,294,125.0,OA,21.339125,-157.835905,USC00516933,,,COOP,BWS,,775.0_R_R,,NUUANU RES 5 775,21.339125_-157.835905
295,295,277.0,OA,21.37516437,-157.8222555,USC00512960,,,COOP,BWS,,777.0_R_R,,KALIHI RES SITE 777,21.375164_-157.822256
296,296,314.5536,OA,21.3771,-157.8166,,,WITH1,HydroNet-UaNet,NOAA-NWS,,777.3_R_R,,Wilson Tunnel,21.377100_-157.816600
297,297,404.0,OA,21.32711168,-157.8239234,USC00518738,,,COOP,NEWMAN N,,780.5_R_R,,TANTALUS 2 780.5,21.327112_-157.823923
298,298,61.0,OA,21.40849568,-157.8105878,USC00513113,,,COOP,STATE HOSPITAL,,781.0_R_R,,KANEOHE MAUKA 781,21.408496_-157.810588
299,299,67.056,OA,21.39184444,-157.809475,,,,USGS,USGS,,781.11_R_R,,LulukuRaingageatalt,21.391844_-157.809475
300,300,20.0,OA,21.4039,-157.8017,US1HIHN0027,,,CoCoRaHs,CoCoRaHs,,781.13_R_R,,"KANEOHE 0.8 SW, HI US",21.403900_-157.801700
301,301,84.0,OA,21.3873,-157.8098,USC00515655,,,COOP,NWS,,781.7_R_R,,LULUKU 781.7,21.387300_-157.809800
302,302,59.484768,OA,21.38628889,-157.7928083,,,,USGS,USGS,,781.9_R_R,,RBKamooaliiRaingagenrKaneohe,21.386289_-157.792808
303,303,248.412,OA,21.3502007,-157.8184,USC00516938,156097FE,NUUH1,HydroNet-UaNet,NWS,,782.3_R_R,,Nuuanu Upper,21.350201_-157.818400
304,304,320.0,OA,21.35266525,-157.807534,USC00516928,,,COOP,BWS,,783.0_R_R,,NUUANU RES 4 783,21.352665_-157.807534
305,305,549.0,OA,21.33516641,-157.8105899,USC00517810,,,COOP,BWS,,784.0_R_R,,PAUOA FLATS 784,21.335166_-157.810590
306,306,151.7904,OA,21.3330002,-157.8024,USC00516128,,MNLH1,HydroNet-UaNet,NWS,,785.4_R_R,,Manoa Lyon Arbo,21.333000_-157.802400
307,307,127.0,OA,21.351,-157.7668,USC00516222,,,COOP,HSPA,,787.1_R_R,,MAUNAWILI 787.1,21.351000_-157.766800
308,309,143.0,OA,21.3666,-157.7785,USC00518601,,,COOP,ST STEPHEN SEMIN,,788.0_R_R,,ST STEPHENS SEMINARY,21.366600_-157.778500
309,310,146.0,OA,21.37183016,-157.7839226,USC00517656,,,COOP,C&C PARKS & RECR,,788.1_R_R,,PALI GOLF COURSE 788.1,21.371830_-157.783923
310,311,142.9512,OA,21.3666992,-157.7786,,19005598,STVH1,HydroNet-UaNet,NWS,,788.2_R_R,,St Stephens Seminary,21.366699_-157.778600
311,312,45.1104,OA,21.3777008,-157.7507,USC00517052,19011468,OFSH1,HydroNet-UaNet,NWS,,790.11_R_R,,Olomana Fire Stn,21.377701_-157.750700
312,313,38.0,OA,21.3727,-157.725,US1HIHN0022,,,CoCoRaHS,CoCoRaHS,,793.1_R_R,,WAIMANALO EXPERIMENTAL FARM,21.372700_-157.725000
313,314,18.0,OA,21.33516407,-157.7105906,USC00519523,,,COOP,HAES,,795.1_R_R,,WAIMANALO EXP F 795.1,21.335164_-157.710591
314,315,20.1168,OA,21.3356991,-157.7116,,224185AC,WMLH1,HydroNet-UaNet,NWS,,795.3_R_R,,Waimanalo Nonokio,21.335699_-157.711600
315,316,3.0,OA,21.44683495,-158.1855845,USC00519231,,,COOP,CAPITAL INVESTMENT,,798.0_R_R,,WAIANAE 798,21.446835_-158.185585
316,317,453.8472,OA,21.48,-158.1072222,,328FC12E,SCSH1,RAWS,RAWS,,799.0_R_R,,WAIAWA PHB,21.480000_-158.107222
317,318,80.0,OA,21.47833333,-158.1963889,USC00515758,,,COOP,Alan Mair,,800.3_R_R,,MAKAHA CTRY CLUB 800.3,21.478333_-158.196389
318,319,19.812,OA,21.4566994,-158.18,,,WAIH1,HydroNet-UaNet,MT VIEW DAIRY,,801.1_R_R,,Waianae Kawiwi,21.456699_-158.180000
319,320,291.6936,OA,21.48055556,-158.1552778,USR0000HWVA,487005DA,WNVH1,RAWS,RAWS,,803.2_R_R,,WAIANAE VALLEY,21.480556_-158.155278
320,321,35.9664,OA,21.4211006,-158.1352,USC00515647,8170406C,LUAH1,HydroNet-UaNet,US VY,,804.0_R_R,,Lualualei,21.421101_-158.135200
321,322,255.0,OA,21.48722,-158.02806,USW00022508,B14101B2,WAFH1,NWS,COOP,,810.1_R_R,,WHEELER ARMY AIR FIELD 810.1,21.487220_-158.028060
322,323,226.7712,OA,21.4638004,-157.9991,USC00516261,,MITH1,HydroNet-UaNet,NWS,,820.6_R_R,,Mililani,21.463800_-157.999100
323,324,262.23468,OA,21.48880556,-157.9960556,,,,USGS,USGS,,821.3_R_R,,"SFKaukonahuaRainGage,nrWaawa",21.488806_-157.996056
324,325,124.968,OA,21.4199009,-158.0058,,,PECH1,HydroNet-UaNet,NWS,,824.2_R_R,,Waipio,21.419901_-158.005800
325,326,381.0,OA,21.49944444,-157.9933333,USR0000HSCH,325AB384,SCEH1,RAWS,RAWS,,828.0_R_R,,SCHOFIELD EAST,21.499444_-157.993333
326,327,210.312,OA,21.47027778,-157.9708333,,,,USGS,USGS,,832.2_R_R,,KipapaRaingagenrWaawa,21.470278_-157.970833
327,328,235.6104,OA,21.4440994,-157.9669,USC00519257,,WAWH1,HydroNet-UaNet,NWS,,834.13_R_R,,Waiawa CF,21.444099_-157.966900
328,329,261.8232,OA,21.4298,-157.9452,,,PACH1,HydroNet-UaNet,NWS,,835.2_R_R,,Palisades,21.429800_-157.945200
329,330,227.0,OA,21.47016136,-157.8833636,USC00518964,,,COOP,OAHU SUGAR,,837.0_R_R,,WAIAHOLE 837 ,21.470161_-157.883364
330,331,4.2672,OA,21.48197222,-157.8458333,,,,USGS,USGS,,837.11_R_R,,WaiaholeRGatKamehamehaHwy,21.481972_-157.845833
331,332,34.0,OA,21.45167,-157.84889,USC00519281,,,COOP,COOP,,837.5_R_R,,WAIHEE 837.5,21.451670_-157.848890
332,333,24.0,OA,21.4551,-157.8294,US1HIHN0011,,,CoCoRaHS,CoCoRaHS,,837.6_R_R,,KANEOHE 3.9 NW,21.455100_-157.829400
333,334,18.0,OA,21.42349474,-157.803921,USC00513117,,,COOP,DL AH YOU,,838.1_R_R,,KANEOHE 838.1,21.423495_-157.803921
334,335,73.0,OA,21.432,-157.8373,USC00510055,,,COOP,MITCHELL DON,,839.12_R_R,,AHUIMANU LOOP 839.12,21.432000_-157.837300
335,336,74.0664,OA,21.4319992,-157.8373,,15CE7632,AHUH1,HydroNet-UaNet,NWS,,839.15_R_R,,Ahuimanu Loop ,21.431999_-157.837300
336,337,134.112,OA,21.40628611,-157.829475,,,,USGS,USGS,,839.31_R_R,,HaikuRaingagenrHeeia,21.406286_-157.829475
337,338,64.3128,OA,21.4463997,-157.8584,USC00519286,195042AC,WPPH1,HydroNet-UaNet,USGS,,839.8_R_R,,Waihee Pump,21.446400_-157.858400
338,339,3.0,OA,21.44404851,-157.7730876,USW00022519,,,NWS,USMC,,840.0_R_R,,KANEOHE BAY MCAS,21.444049_-157.773088
339,340,5.0,OA,21.43321608,-157.7869766,USC00510350,,,COOP,UH MARINE LAB,,840.1_R_R,,COCONUT ISLAND 840.1,21.433216_-157.786977
340,341,267.0048,OA,21.57027778,-158.26,,48710720,KKRH1,RAWS,S&PF,,841.2_R_R,,KUAOKALA,21.570278_-158.260000
341,342,378.0,OA,21.56322317,-158.2430755,USC00512410,,,COOP,LOCKHEED BALLISTIC,,841.3_R_R,,KAENA POINT 841.3,21.563223_-158.243076
342,343,286.097472,OA,21.50158333,-158.1801667,,DD1423F8,MKHH1,USGS,USGS,,842.1_R_R,,MakahaRainGage,21.501583_-158.180167
343,344,158.496,OA,21.52611111,-158.2041667,USR0000HMAP,324C075A,MAPH1,RAWS,RAWS,,842.7_R_R,,MAKUA VALLEY,21.526111_-158.204167
344,345,6.096,OA,21.52861111,-158.2261111,USR0000HMAR,3266B468,MKRH1,RAWS,RAWS,,842.8_R_R,,MAKUA RANGE,21.528611_-158.226111
345,346,533.4,OA,21.54277778,-158.1988889,USR0000HMRG,3266C2F8,MKGH1,RAWS,RAWS,,842.9_R_R,,MAKUA RIDGE,21.542778_-158.198889
346,347,2.4,OA,21.576507,-158.159729,US1HIHN0025,,,COOP,COOP,,843.8_R_R,,WAIALUA 2.0,21.576507_-158.159729
347,348,1204.01,OA,21.50675,-158.1448611,,,,PrivateObs,J_Delay,,844.5_R_R,,MT Kahala JD,21.506750_-158.144861
348,349,341.26,OA,21.50638889,-158.1766667,,,,NREM,Mair_Fares,,845.1_R_R,,Makaha Valley 1,21.506389_-158.176667
349,350,469.57,OA,21.50972222,-158.1819444,,,,NREM,Mair_Fares,,845.2_R_R,,Makaha Valley 2,21.509722_-158.181944
350,351,598.02,OA,21.50138889,-158.1725,,,,NREM,Mair_Fares,,845.3_R_R,,Makaha Valley 3,21.501389_-158.172500
351,352,507.78,OA,21.53194444,-158.1688889,,,,NREM,Mair_Fares,,845.4_R_R,,Makaha Valley 4A,21.531944_-158.168889
352,353,606.92,OA,21.51,-158.1633333,,,,NREM,Mair_Fares,,845.5_R_R,,Makaha Valley 5,21.510000_-158.163333
353,354,726.62,OA,21.50611111,-158.1561111,,,,NREM,Mair_Fares,,845.6_R_R,,Makaha Valley 6,21.506111_-158.156111
354,355,296.98,OA,21.50222222,-158.18,,,,NREM,Mair_Fares,,845.7_R_R,,Makaha Valley MAK2,21.502222_-158.180000
355,356,223.0,OA,21.5384949,-158.0855832,USC00514318,,,COOP,WAIALUA AG,,855.0_R_R,,KEMOO CAMP 8 855,21.538495_-158.085583
356,357,220.0656,OA,21.5382004,-158.0893,,,POAH1,HydroNet-UaNet,NWS,,855.3_R_R,,Poamoho Exp Farm,21.538200_-158.089300
357,358,220.1,OA,21.53833,-158.08917,USC00518055,,,COOP,COOP,,855.4_R_R,,POAMOHO EXPERIMENTAL FARM 855,21.538330_-158.089170
358,359,346.8624,OA,21.50861111,-158.1147222,USR0000HSFB,,,RAWS,RAWS,,857.4_R_R,,SCHOFIELD FIREBREAK,21.508611_-158.114722
359,360,298.704,OA,21.495,-158.0819444,USR0000HSCO,3266A71E,SCBH1,RAWS,RAWS,,858.0_R_R,,SCHOFIELD BARRACKS,21.495000_-158.081944
360,361,388.3152,OA,21.58722222,-158.0130556,,3278C10E,KWLH1,RAWS,RAWS,,869.0_R_R,,KAWAILOA TRAINING AREA,21.587222_-158.013056
361,362,323.0,OA,21.5698814,-158.0278054,USC00517150,,,COOP,WAIALUA AG,,870.0_R_R,,OPAEULA 870,21.569881_-158.027805
362,363,340.0,OA,21.50849545,-158.0089181,USC00518838,,,COOP,RUTHERFORD WB,,874.3_R_R,,UPPER WAHIAWA 874.3,21.508495_-158.008918
363,364,597.408,OA,21.53341667,-157.9366944,,,,USGS,USGS,,882.4_R_R,,PoamohoRainGageNo.2nrWaawa,21.533417_-157.936694
364,365,755.904,OA,21.53386111,-157.9213889,,DD9836AA,PMHH1,USGS,USGS,,883.12_R_R,,"PoamohoRainGageNo1,nrWaawa",21.533861_-157.921389
365,366,73.152,OA,21.55644444,-157.899,,17918722,PNSH1,USGS,USGS,,884.4_R_R,,PunaluuRainGageatalt,21.556444_-157.899000
366,367,25.0,OA,21.53,-157.85028,USC00514829,,,COOP,COOP,,885.6_R_R,,KUALOA RANCH 885.6,21.530000_-157.850280
367,368,698.9,OA,21.47747,-157.9369,,8379F6FA,OFRH1,RAWS,RAWS,,885.7_R_R,,OAHU FOREST NWR,21.477470_-157.936900
368,369,74.04,OA,21.51083,-157.86222,USC00514828,,,COOP,COOP,,886.11_R_R,,"KUALOA RANCH HAKIPUU 886.11, HI US",21.510830_-157.862220
369,370,28.956,OA,21.54041667,-157.8825556,,17B972EE,KNRH1,USGS,USGS,,886.4_R_R,,KahanaRainGageatalt,21.540417_-157.882556
370,371,22.86,OA,21.49684167,-157.86225,,,,USGS,USGS,,886.6_R_R,,WaikaneRaingageatalt,21.496842_-157.862250
371,372,8.5344,OA,21.5067005,-157.8547,USC00510920,16C69380,PTRH1,HydroNet-UaNet,RILEY W,,886.8_R_R,,Hakipuu Mauka,21.506701_-157.854700
372,373,7.0,OA,21.5213,-157.8374,USC00514830,,,COOP,COOP,,886.9_R_R,,KUALOA RANCH HEADQUATERTERS 886.9,21.521300_-157.837400
373,374,8.0,OA,21.638859,-158.058759,USC00519603,,,COOP,COOP / WB,,892.2_R_R,,WAIMEA ARBORETUM 892.2,21.638859_-158.058759
374,375,179.832,OA,21.62044167,-158.015025,,,,USGS,USGS,,897.1_R_R,,KamananuiRaingagenrMaunawai,21.620442_-158.015025
375,376,219.456,OA,21.62238889,-158.0143056,,DD34C1E4,KMRH1,USGS,USGS,,897.11_R_R,,KamananuiRainGageatalt,21.622389_-158.014306
376,377,353.568,OA,21.59902778,-158.0169167,,1713D512,PPRH1,USGS,USGS,,897.9_R_R,,PupukeaRdRainGageatalt,21.599028_-158.016917
377,378,7.6,OA,21.6793,-157.945,USC00514500,,,COOP,NWS,,901.2_R_R,,KII KAHUKU 911,21.679300_-157.945000
378,379,2.0,OA,21.64515375,-157.9291927,USC00510242,,,COOP,BYU-HAWAII,,903.1_R_R,,B Y U LAIE 903.1,21.645154_-157.929193
379,380,2.0,OA,21.65,-157.9287,US1HIHN0002,,,CoCoRaHS,CoCoRaHS,,903.2_R_R,,LAIE 0.2 WNW,21.650000_-157.928700
380,381,1.0,OA,21.60987636,-157.9100271,USC00513208,,,COOP,HON. FIRE DEPT,,904.1_R_R,,KAPAKA FARM 904.1,21.609876_-157.910027
381,382,4.0,OA,21.5843,-157.8915,USC00518314,,,COOP,FUJII D,,905.2_R_R,,PUNALULU PUMP 905.2,21.584300_-157.891500
382,383,3.9624,OA,21.5842991,-157.8916,,19051152,PUNH1,HydroNet-UaNet,NWS,,905.22_R_R,,Punaluu Pump,21.584299_-157.891600
383,384,181.6608,OA,21.67916667,-157.9894444,USR0000HKAH,325A861E,KTAH1,RAWS,RAWS,,909.0_R_R,,KAHUKU TRAINING AREA,21.679167_-157.989444
384,385,1.524,OA,21.68833333,-157.9525,USR0000HKII,8375210E,KFWH1,RAWS,RAWS,,911.1_R_R,,KII,21.688333_-157.952500
385,386,870.0,OA,21.41435556,-158.0979028,,,,USGS,FORTINI_MUDD,,916.0_R_R,,Honouliuli,21.414356_-158.097903
386,387,50.0,KA,21.90353436,-159.5772088,USC00510470,,,COOP,MCBRYDE SUGAR,,927.0_R_R,,ELEELE 927,21.903534_-159.577209
387,388,66.0,KA,21.89631087,-159.5572079,USC00518941,,,COOP,MCBRYDE SUGAR,,930.0_R_R,,WAHIAWA 930,21.896311_-159.557208
388,389,64.0,KA,21.89019743,-159.5172067,USC00519955,,,COOP,MCBRYDE SUGAR,,931.0_R_R,,WEST LAWAI 931,21.890197_-159.517207
389,390,134.0,KA,21.90519794,-159.4938722,USC00510456,,,COOP,MCBRYDE SUGAR,,934.0_R_R,,EAST LAWAI 934,21.905198_-159.493872
390,391,32.0,KA,21.890544,-159.489633,USC00514950,,,COOP,MCBRYDE SUGAR,,935.0_R_R,,KUKUIULA 935,21.890544_-159.489633
391,392,73.0,KA,21.90686471,-159.4622057,USC00514742,,,COOP,MCBRYDE SUGAR,,936.0_R_R,,KOLOA 936,21.906865_-159.462206
392,393,12.0,KA,21.8788,-159.4518,US1HIKI0020,,,CoCoRaHS,CoCoRaHS,,940.2_R_R,,KOLOA 2.1 SSE,21.878800_-159.451800
393,394,24.0,KA,21.90102957,-159.422207,USC00515710,,,COOP,GROVE FARM,,941.1_R_R,,MAHAULEPU 941.1,21.901030_-159.422207
394,395,159.7152,KA,21.96638889,-159.6638889,,487090B8,WHGH1,RAWS,RAWS,,946.0_R_R,,WAIMEA HTS,21.966389_-159.663889
395,396,43.0,KA,21.91909048,-159.6272113,USC00515864,,,COOP,OLOKELE SUGAR,,965.0_R_R,,MAKAWELI 965,21.919090_-159.627211
396,397,110.6424,KA,21.9365005,-159.5866,,156011EA,HNPH1,HydroNet-UaNet,NWS,,966.4_R_R,,Hanapepe,21.936501_-159.586600
397,398,220.0,KA,21.92519845,-159.5338717,USC00510240,,,COOP,MCBRYDE SUGAR,,985.0_R_R,,BRYDESWOOD STA 985,21.925198_-159.533872
398,399,263.0424,KA,21.9183006,-159.5265,,,KHEH1,HydroNet-UaNet,KUKUILONO GOLF COU,,986.2_R_R,,Kalaheo,21.918301_-159.526500
399,400,160.0,KA,21.9075,-159.5181,US1HIKI0018,,,CoCoRaHS,CoCoRaHS,,986.3_R_R,,KALAHEO 1.1 SSE,21.907500_-159.518100
400,401,99.9744,KA,21.9071007,-159.4768,USC00517116,195001A6,OMAH1,HydroNet-UaNet,NWS,,992.1_R_R,,Omao,21.907101_-159.476800
401,402,195.0,KA,21.94833,-159.46694,USC00514750,,,COOP,MCBRYDE SUGAR,,994.0_R_R,,KOLOA MAUKA 994,21.948330_-159.466940
402,403,149.0,KA,21.96491938,-159.4305374,USC00511038,,,COOP,GROVE FARM,,1006.0_R_R,,HALENANAHO 1006,21.964919_-159.430537
403,404,101.0,KA,21.96491954,-159.3972052,USC00518217,,,COOP,LIHUE PLANTATION,,1013.0_R_R,,PUHI 1013,21.964920_-159.397205
404,405,63.0,KA,21.97186009,-159.3688726,USC00515575,,,COOP,LIHUE 1020,,1020.0_R_R,,LIHUE 1020,21.971860_-159.368873
405,406,45.0,KA,21.98156999,-159.3422063,USW00022536,,HLI,NWS,LIHUE WEATHER SERVICE OFFICE AIRPORT 1020.1,,1020.1_R_R,,LIHUE WEATHER SERVICE OFFICE AIRPORT 1020.1,21.981570_-159.342206
406,407,25.0,KA,21.987,-159.338,US1HIKI0009,,,CoCoRaHS,CoCoRaHS,,1020.6_R_R,,LIHUE 1.3 NE,21.987000_-159.338000
407,408,60.0,KA,21.9923,-159.3586,US1HIKI0002,,,CoCoRaHS,CoCoRaHS,,1022.1_R_R,,LIHUE 1.2 NNW,21.992300_-159.358600
408,409,26.2128,KA,22.02944444,-159.7622222,,4870603C,MNRH1,RAWS,RAWS,,1029.0_R_R,,MANA,22.029444_-159.762222
409,410,652.8816,KA,22.04083333,-159.6958333,,4870734A,POPH1,RAWS,RAWS,,1036.0_R_R,,PUU OPAE,22.040833_-159.695833
410,411,1219.2,KA,22.08972222,-159.5925,,DDF7C28E,WLGH1,USGS,USGS,,1042.0_R_R,,WaialaeRainGagenrWaimea,22.089722_-159.592500
411,412,1389.888,KA,22.07605556,-159.5361111,,,,USGS,USGS,,1045.0_R_R,,WaialealeTrailRaingagenrLihue,22.076056_-159.536111
412,413,1569.72,KA,22.07088889,-159.4979722,USC00516565,DD5E818E,WLLH1,USGS,USGS,,1047.0_R_R,,Mt.WaialealeRainGagenrLihue,22.070889_-159.497972
413,414,338.328,KA,22.0625,-159.4677222,USC00516888,1732B3E0,WLDH1,USGS,LIHUE PLANTATION,,1051.0_R_R,,NWailuaDitchRainGagenrLihue,22.062500_-159.467722
414,415,117.0432,KA,22.0240002,-159.3868,,1561501A,LIHH1,HydroNet-UaNet,NWS,,1059.0_R_R,,Lihue Variety Stn,22.024000_-159.386800
415,416,158.1912,KA,22.0660992,-159.396,USC00519475,,WUHH1,HydroNet-UaNet,NWS,,1060.0_R_R,,Wailua UH Exp Stn,22.066099_-159.396000
416,417,145.0,KA,22.05682632,-159.4005358,,,,STATE,LIHUE PLANTATION,,1061.0_R_R,,Ekw 5,22.056826_-159.400536
417,418,158.0,KA,22.066,-159.3962,,15C163D6,WUHH1,HydroNet-UaNet,NWS,,1061.5_R_R,,Wailua UH Exp Stn,22.066000_-159.396200
418,419,117.0,KA,22.0239,-159.387,USC00515560,,,COOP,HSPA,,1062.1_R_R,,LIHUE VRTY STA 1062.1,22.023900_-159.387000
419,420,90.04,KA,22.0593,-159.365,US1HIKI0023,,,CoCoRaHs,CoCoRaHs,,1063.2_R_R,,"KAPAA 2.7 SSW, HI US",22.059300_-159.365000
420,421,21.0,KA,22.036817,-159.3405379,USC00519467,,,COOP,LIHUE PLANTATION,,1065.0_R_R,,WAILUA KAI 1065,22.036817_-159.340538
421,422,105.74,KA,22.0722,-159.3766,US1HIKI0025,,,CoCoRaHs,CoCoRaHs,,1065.1_R_R,,"KAPAA 2.3 SW, HI US",22.072200_-159.376600
422,423,105.03,KA,22.0721,-159.3767,US1HIKI0026,,,CoCoRaHs,CoCoRaHs,,1065.2_R_R,,"KAPAA 2.3 SW, HI US",22.072100_-159.376700
423,424,143.256,KA,22.07561111,-159.3958889,,,,USGS,USGS,,1068.0_R_R,,LBOpaekaaRainGagenrKapaa,22.075611_-159.395889
424,425,1021.08,KA,22.08916667,-159.6791667,,487083CE,PLRH1,RAWS,RAWS,,1069.0_R_R,,PUU LUA,22.089167_-159.679167
425,426,544.9824,KA,22.13055556,-159.7152778,USR0000HMAH,3286026C,MKAH1,RAWS,RAWS,,1074.0_R_R,,MAKAHA RIDGE,22.130556_-159.715278
426,427,1097.0,KA,22.12972,-159.65861,USC00513099,,,COOP,BD OF AGR&FTRY,,1075.0_R_R,,KANALOHULUHULU 1075,22.129720_-159.658610
427,428,1279.2456,KA,22.1485996,-159.6448,,1900E616,KOKH1,HydroNet-UaNet,NWS,,1076.0_R_R,,Kokee,22.148600_-159.644800
428,429,1127.76,KA,22.13492222,-159.6260833,USC00517790,,,USGS,USGS,,1080.0_R_R,,PaukahanaRaingagenrWaimea,22.134922_-159.626083
429,430,1042.416,KA,22.1245,-159.6220833,519130,17B79574,WKRH1,USGS,USGS,,1082.0_R_R,,WaiakoaliRainGagenrWaimea,22.124500_-159.622083
430,431,1042.416,KA,22.11708333,-159.6009722,USC00516433,D109224A,MCRH1,USGS,USGS,,1083.0_R_R,,MoCrsgRainGagenrWaimea,22.117083_-159.600972
431,432,1219.2,KA,22.15408333,-159.5946111,USC00514610,DDCC972A,KLOH1,USGS,USGS,,1084.0_R_R,,KilohanaRainGafenrHanalei,22.154083_-159.594611
432,433,1219.2,KA,22.11425,-159.5866667,,,,USGS,USGS,,1085.0_R_R,,Mo-KoaieDivideRainGage,22.114250_-159.586667
433,434,158.496,KA,22.1021004,-159.3856,USC00513171,15608488,KPIH1,HydroNet-UaNet,NWS,,1094.2_R_R,,Kapahi,22.102100_-159.385600
434,435,139.0,KA,22.0936,-159.3758,US1HIKI0005,,,CoCoRaHS,CoCoRaHS,,1094.3_R_R,,KAPAA 1.4 W,22.093600_-159.375800
435,436,111.0,KA,22.0803,-159.3659,US1HIKI0012,,,CoCoRaHS,CoCoRaHS,,1097.2_R_R,,KAPAA 1.4 SSW,22.080300_-159.365900
436,437,111.0,KA,22.0805,-159.3662,US1HIKI0003,,,CoCoRaHS,CoCoRaHS,,1097.3_R_R,,KAPAA 1.4 SW,22.080500_-159.366200
437,438,157.0,KA,22.0829,-159.3786,US1HIKI0019,,,CoCoRaHS,CoCoRaHS,,1097.4_R_R,,KAPAA 1.9 WSW,22.082900_-159.378600
438,439,75.2856,KA,22.1373997,-159.312,,1560029C,ANHH1,HydroNet-UaNet,HAWN FRUIT PACKERS,,1111.4_R_R,,Anahola,22.137400_-159.312000
439,440,35.0,KA,22.1959,-159.5564,USC00518155,,,COOP,MCBRYDE SUGAR,,1115.0_R_R,,PH WAINIHA 1115,22.195900_-159.556400
440,441,10.457,KA,22.2103,-159.5492,US1HIKI0024,,,CoCoRaHs,CoCoRaHs,,1116.1_R_R,,"HANALEI 3.0 W, HI US",22.210300_-159.549200
441,442,90.0,KA,22.213196,-159.4722008,USC00518165,,,COOP,PRINCEVILLE RANCH,,1117.0_R_R,,PRINCEVILLE RANCH 1117,22.213196_-159.472201
442,443,4.8768,KA,22.1982002,-159.4951,USC00513386,,HNIH1,HydroNet-UaNet,NWS,,1117.8_R_R,,Hanalei,22.198200_-159.495100
443,444,18.288,KA,22.17958333,-159.4663889,,,,USGS,USGS,,1131.7_R_R,,HanaleiRainGageatHanalei,22.179583_-159.466389
444,445,96.0,KA,22.21194093,-159.4072015,USC00514561,,,COOP,RAPOZO N,,1134.0_R_R,,KILAUEA 1134,22.211941_-159.407202
445,446,96.0,KA,22.208,-159.4062,US1HIKI0001,,,CoCoRaHS,CoCoRaHS,,1134.1_R_R,,KILAUEA 0.3 SE,22.208000_-159.406200
446,447,79.0,KA,22.2057,-159.4048,US1HIKI0006,,,CoCoRaHS,CoCoRaHS,,1134.2_R_R,,KILAUEA 0.5 SE,22.205700_-159.404800
447,448,224.0,KA,22.18140774,-159.3777576,USC00514758,,,COOP,KILAUEA SUGAR,,1137.0_R_R,,KOLOKO RESERVOIR 113,22.181408_-159.377758
448,449,74.0,KA,22.1869,-159.3236,US1HIKI0021,,,CoCoRaHS,CoCoRaHS,,1144.1_R_R,,ANAHOLA 2.8 N,22.186900_-159.323600
449,450,101.0,KA,22.17972,-159.33194,USC00516529,,,COOP,LIHUE PLANTATION,,1145.0_R_R,,MOLOAA 1145,22.179720_-159.331940
450,451,85.344,KA,22.18333333,-159.3375,USR0000HMOL,AAB6D15A,MLDH1,RAWS,RAWS,,1146.0_R_R,,Moloaa Dairy,22.183333_-159.337500
451,44,254.2,BI,19.459069,-154.921985,US1HIHI0052,,,COOP,COOP,,66.6_R_R,,PAHOA 3.3 SEE,19.459069_-154.921985
452,71,151.5,BI,19.70799,-155.11258,US1HIHI0066,,,COOP,COOP,,89.14_R_R,,HILO 1.8 WNW,19.707990_-155.112580
453,217,564.0,MA,20.83346191,-156.3138527,USC00510999,,,COOP,HALEAKALA RANCH,,432.0_R_R,,HALEAKALA RANCH 432,20.833462_-156.313853
454,221,223.1136,MA,20.9552002,-156.6562,,190524C8,MABH1,HydroNet-UaNet,NWS,,465.1_R_R,,Mahinahina,20.955200_-156.656200
455,391,14.9,KA,21.8989,-159.5026,US1HIKI0027,,,COOP,COOP,,934.1_R_R,,LAWAI 1.8 S,21.898900_-159.502600
456,59,2530.0,BI,19.58363059,-155.4538895,USC00515018,,,COOP,NWS,,76.0_R_R,,KULANI MAUKA 76,19.583631_-155.453890
457,98,527.3,BI,19.6225861,-155.927558,US1HIHI0067,,,COOP,COOP,,98.91_R_R,,HOLUALOA 0.95,19.622586_-155.927558
458,216,20.0,MA,20.897526,-156.41427,USC00518688,,,COOP,HC&S,,400.0_R_R,,SPRECKELSVILLE 400,20.897526_-156.414270
459,218,120.0,MA,20.85846016,-156.3805162,USC00513910,,,COOP,HC&S,,410.0_R_R,,KEAHUA 410,20.858460_-156.380516
460,45,23.0,BI,19.3918,-154.9313,US1HIHI0008,,,CoCoRaHS,PAHOA 7.5 S,,67.13_R_R,,PAHOA 7.5 S,19.391800_-154.931300
461,86,88.0,BI,19.50364409,-154.8605597,USC00513369,,,COOP,BWS,,93.5_R_R,,KAPOHO LANDING 93.5,19.503644_-154.860560
462,239,8.8392,MO,21.052,-156.871,USC00513045,,KMLH1,HydroNet-UaNet,NWS,,542.11_R_R,,Kamalo,21.052000_-156.871000
463,153,1875.0,MA,20.67847493,-156.3288532,USC00518070,,,COOP,BD OF A&F,,267.2_R_R,,POLIPOLI SPRINGS 267.2,20.678475_-156.328853
464,86,18.0,BI,19.613803,-154.955684,US1HIHI0068,,,COOP,COOP,,93.64_R_R,,KEAAU 5.5,19.613803_-154.955684
465,133,916.0,BI,20.0375,-155.6347,USC00518386,,,COOP,COOP,,192.9_R_R,,PUUKAPU HMSTD 192.9,20.037500_-155.634700
466,342,31.0896,OA,21.57194444,-158.1986111,,3278D278,DLGH1,RAWS,RAWS,,843.7_R_R,,DILLIINGHAM,21.571944_-158.198611
467,40,1194.8,BI,19.441359,-155.2487445,US1HIHI0071,,,COOP,COOP,,55.6_R_R,,VOLCANO 4.0,19.441359_-155.248744
468,42,204.0,BI,19.49197865,-154.9455586,USC00517457,,,COOP,PUNA SUGAR,,65.0_R_R,,PAHOA 65,19.491979_-154.945559
469,54,1905.0,BI,19.671,-155.8764,USC00512047,,,COOP,STATE DIV FTRY,,71.0_R_R,,HONUAULA 71,19.671000_-155.876400
470,87,27.4,BI,19.5565,-154.8865,US1HIHI0070,,,COOP,COOP,,93.62_R_R,,PAHOA 5.7 NE,19.556500_-154.886500
471,84,10.1,BI,19.594568,-154.936038,US1HIHI0072,,,COOP,COOP,,93.63_R_R,,HAWAIIAN PARADISE PARK 2.4 E,19.594568_-154.936038
472,9,295.78,BI,18.9928,-155.668,,B1507246,SOPH1,STATE,NWS,,4.15_R_R,,SOUTH POINT NEAR NAALEHU 12SSW,18.992800_-155.668000
473,33,1706.88,BI,19.47555556,-155.3627778,USR0000HKEA,FA4447E8,KKUH1,RAWS,RAWS,,47.0_R_R,,KEMOKU LAVA FLOW,19.475556_-155.362778
474,179,302.0,MA,20.7903,-156.514,,15DF05C6,P36,STATE,NWS,,302.0_R_R,,MAALAEA BAY,20.790300_-156.514000
475,281,195.72,OA,21.4019,-158.067,,DD7ED01C,HOUH1,STATE,NWS,,734.5_R_R,,HONOULIULI STREAM TRIBUTARY NEAR WAIPAHU 4WNW,21.401900_-158.067000
476,318,6.66,OA,21.3667,-157.717,,B14036D2,BELH1,STATE,NWS,,793.2_R_R,,BELLOWS AFS AT WAIMANALO,21.366700_-157.717000
477,324,4.25,OA,21.4503,-158.184,,15D13434,WBHH1,STATE,NWS,,801.2_R_R,,WAIANAE BOAT HARBOR,21.450300_-158.184000
478,336,4.0,OA,21.48194,-157.8458,,162B784C,WHSH1,USGS,USGS,,837.12_R_R,,WAIAHOLE STREAM NEAR KAHALUU 2N,21.481940_-157.845800
479,390,4.0,OA,21.695,-157.9811,USC00512570,B1404042,KAHH1,COOP,KUILIMA  GOLF,,912.0_R_R,,KAUHUKU 912,21.695000_-157.981100
480,392,9.0,KA,21.89381249,-159.6010997,USW0022526,B159A272,PAKH1,COOP,FAA,,926.0_R_R,,PORT ALLEN CAA AIRPORT,21.893812_-159.601100
481,400,14.8,KA,21.8828,-159.429,,B15997E8,POIH1,STATE,NWS,,940.3_R_R,,POIPU,21.882800_-159.429000
482,448,88.497,KA,22.2114,-159.443,,B15952F6,PRIH1,STATE,NWS,,1117.9_R_R,,PRINCEVILLE AIRPORT NEAR KILAUEA 4W,22.211400_-159.443000
483,89,12.0,BI,19.8314012,-155.9858256,USC00514765,,,COOP,KO VILLAGE RES,,93.8_R_R,,KONA VILLAGE 93.8,19.831401_-155.985826
484,312,108.0,OA,21.3283,-157.801,,16EA459A,WISH1,USGS,USGS,,785.11_R_R,,WAIHI STREAM NEAR HONOLULU 3NE,21.328300_-157.801000
485,453,86.9,KA,22.217157,-159.474314,US1HIKI0028,,,COOP,COOP,,1118.8_R_R,,PRINCEVILLE 0.8 ESE,22.217157_-159.474314
486,23,5.0,BI,19.4184,-155.9112,USC00518552,,,COOP,HAW NATL HSTL PA,,27.4_R_R,,PUUHONUA O HONA 27.4,19.418400_-155.911200
487,47,232.0,BI,19.4132,-154.9522,USC00514171,,,COOP,COOP,,67.9_R_R,,KEAUOHANA 67.9,19.413200_-154.952200
488,2,1991.7737,BI,19.2564,-155.6144,,32D64524,NENH1,RAWS,Nene Cabin,,9.2_R_R,,Nene Cabin,19.256400_-155.614400
489,112,1202.0,BI,19.415215,-155.238394,,,004HI,HavoNet,HiMesonet,,54.8_R_R,,Nahuku 0201,19.415215_-155.238394
490,119,603.0,BI,19.80258,-155.850629,,,009HI,HIPPNET,HiMesonet,,93.13_R_R,,Mamalahoa,19.802580_-155.850629
491,122,2460.0,MA,20.730574,-156.141316,,,043HI,HaleNet,HiMesonet,,279.0_R_R,,POHAKAU PALAHA HN-161,20.730574_-156.141316
492,98,70.0,KA,21.964722,-159.666944,,1900E616,WMTH1,unknown,NWS,,946.1_R_R,,WAIMEA TANK AT WAIMEA,21.964722_-159.666944
493,16,522.23157,BI,19.7667,-155.1544,,D114953C,NLIH1,USGS,USGS,,89.15_R_R,,HONOLII STREAM NEAR PAPAIKOU NEAR HILO 3N ,19.766700_-155.154400
494,22,183.0,BI,19.644743,-155.0805636,,CD07410A,WEXH1,STATE,UNIV HAWAII,,88.8_R_R,,Waiakea Exp Farm,19.644743_-155.080564
495,34,1417.0152,BI,19.8614006,-155.6506,,932127F2,WHIH1,HydroNet-UaNet,Waikii,,100.3_R_R,,Waikii,19.861401_-155.650600
496,41,345.6432,BI,19.7884998,-155.1313,,,PPWH1,HydroNet-UaNet,NWS,,140.6_R_R,,Papaikou Well,19.788500_-155.131300
497,56,1149.0,MA,20.80179746,-156.2805211,,,,STATE,BD OF A&F,,329.0_R_R,,LOWER KAHUKU CS,20.801797_-156.280521
498,63,12.0,MA,20.8887,-156.436,USW00022516,,PHOG,NWS,NOAA-NWS,,398.0_R_R,,KAHULUI AIRPORT,20.888700_-156.436000
499,81,8.8392,OA,21.2991009,-157.6644,,183024DA,HAJH1,HydroNet-UaNet,NWS,,724.22_R_R,,Hawaii Kai Golf Course,21.299101_-157.664400
500,86,4.0,OA,21.32183585,-157.9089224,,,,HydroNet-UaNet,NWS,,759.0_R_R,,HNL AIRPORT,21.321836_-157.908922
501,89,84.1248,OA,21.3875008,-157.8099,,93215162,LULH1,HydroNet-UaNet,NWS,,781.12_R_R,,Luluku,21.387501_-157.809900
502,74,396.2,LA,20.7882389,-156.946639,USC00515275,,PHNY,NWS,HAWN AIRLINES,,656.0_R_R,,LANAI AIRPORT 656,20.788239_-156.946639
503,142,248.0,KA,22.0227,-159.4651,,,WIRH1,USGS,USGS,,1052.3_R_R,,Waiahi Rain Gage,22.022700_-159.465100
504,152,35.052,KA,22.1959991,-159.5563,,15C03150,WNHH1,HydroNet-UaNet,NWS,,1115.1_R_R,,PH Wainiha,22.195999_-159.556300
505,107,6.396949,OA,21.43139,-157.81528,,3B052656,HRRH1,unknown,NWS,,837.8_R_R,,Heeia NERR,21.431390_-157.815280
506,68,366.0,KO,20.55694,-156.575,USC00512558,15DEF7B8,KRTH1,COOP,COOP,,499.6_R_R,,KAHOOLAWE 499.6,20.556940_-156.575000
507,3,631.0,BI,19.16877,-155.57035,,,018HI,HiMesonet,HiMesonet,,12.16_R_R,,Kaiholena 0231,19.168770_-155.570350
508,6,1283.0,BI,19.2068247,-155.8109802,,,035HI,HiMesonet,HiMesonet,,23.1_R_R,,Kona Hema 0243,19.206825_-155.810980
509,19,537.0,BI,19.668669,-155.957474,,,029HI,HiMesonet,HiMesonet,,68.61_R_R,,Keahuolu 0241,19.668669_-155.957474
510,22,1654.0,BI,19.725393,-155.873917,,,010HI,HIPPNET,HiMesonet,,70.7_R_R,,Puuwaawaa,19.725393_-155.873917
511,34,182.0,BI,19.6061748,-155.0515231,,,033HI,HiMesonet,HiMesonet,,92.11_R_R,,Keaau 0202,19.606175_-155.051523
512,40,1161.0,BI,19.77241,-155.83118,,,034HI,HiMesonet,HiMesonet,,94.6_R_R,,Kaiaulu Puu Waawaa 0242,19.772410_-155.831180
513,50,2352.0,BI,19.845036,-155.362586,,,022HI,HiMesonet,HiMesonet,,126.2_R_R,,Kanakaleonui 0211,19.845036_-155.362586
514,56,260.0,BI,19.834341,-155.122435,,,021HI,HiMesonet,HiMesonet,,141.1_R_R,,Kulaimano 0212,19.834341_-155.122435
515,60,1158.0,BI,20.122834,-155.749329,,,025HI,HiMesonet,HiMesonet,,181.3_R_R,,Kehena 0251,20.122834_-155.749329
516,62,802.0,BI,20.019528,-155.677085,,,027HI,HiMesonet,HiMesonet,,191.41_R_R,,Lalamilo 0252,20.019528_-155.677085
517,68,713.0,MA,20.633945,-156.273889,,,019HI,HiMesonet,HiMesonet,,254.11_R_R,,Kahikinui 0144,20.633945_-156.273889
518,69,1034.0,MA,20.644215,-156.284703,,,032HI,HiMesonet,HiMesonet,,254.12_R_R,,Upper Kahikinui 0145,20.644215_-156.284703
519,72,871.0,MA,20.7067,-156.3554,,,016HI,HiMesonet,HiMesonet,,267.11_R_R,,Keokea 0116,20.706700_-156.355400
520,74,106.0,MA,20.719497,-156.002356,,,023HI,HiMesonet,HiMesonet,,283.0_R_R,,Hamoa 0165,20.719497_-156.002356
521,83,1935.0,MA,20.773636,-156.222311,,,020HI,HaleNet,HiMesonet,,341.7_R_R,,WAIKAMOI HN-142,20.773636_-156.222311
522,87,244.0,MA,20.89072,-156.65493,,,036HI,HiMesonet,HiMesonet,,361.3_R_R,,Lahaina WTP 0131,20.890720_-156.654930
523,93,637.0,MA,20.8415,-156.2948,,,017HI,HiMesonet,HiMesonet,,434.11_R_R,,Piiholo 0115,20.841500_-156.294800
524,102,187.0,MO,21.145283,-156.729459,,,030HI,HiMesonet,HiMesonet,,598.1_R_R,,Keopukaloa 0411,21.145283_-156.729459
525,103,402.0,MO,21.131411,-156.758626,,,031HI,HiMesonet,HiMesonet,,598.2_R_R,,Honolimaloo 0412,21.131411_-156.758626
526,119,117.0,OA,21.339124,-157.836859,,,012HI,HiMesonet,HiMesonet,,775.11_R_R,,Nuuanu Res1 0502,21.339124_-157.836859
527,122,151.0,OA,21.333,-157.8025,,,011HI,HiMesonet,HiMesonet,,785.12_R_R,,Lyon 0501,21.333000_-157.802500
528,186,31.0,KA,22.219805,-159.575195,,,024HI,HiMesonet,HiMesonet,,1116.2_R_R,,Lower Limahuli 0603,22.219805_-159.575195
529,187,5.0,KA,22.202647,-159.518833,,,014HI,HiMesonet,HiMesonet,,1117.11_R_R,,Waipa 0601,22.202647_-159.518833
530,190,112.0,KA,22.197439,-159.42123,,,015HI,HiMesonet,HiMesonet,,1132.11_R_R,,Common Ground 0602,22.197439_-159.421230
531,21,0.0,BI,19.707,-155.978,,,G0154,APRSWXNET,unknown,,69.28_R_R,,Kailua-Kona HI US G0154-W6SPO-13 ,19.707000_-155.978000
532,22,164.05,BI,19.61,-155.96,,,E6648,APRSWXNET,unknown,,69.51_R_R,,Kailua Kona HI US E6648-EW6648 ,19.610000_-155.960000
533,56,334.0,BI,19.9672,-155.2367,,,F9660,APRSWXNET,unknown,,132.6_R_R,,"Laupahoehoe, HI US F9660-FW9660",19.967200_-155.236700
534,68,310.01,BI,20.101,-155.531,,,E6549,APRSWXNET,unknown,,208.1_R_R,,Honokaa HI US E6549-AH6AE ,20.101000_-155.531000
535,93,233.76,MA,20.875,-156.516,,,AR427,APRSWXNET,unknown,,387.6_R_R,,Maui HI US AR427-AH6GR ,20.875000_-156.516000
536,115,111.96,OA,21.298,-157.792,,,AU956,APRSWXNET,unknown,,721.5_R_R,,Honolulu HI US AU956-KH6CTR ,21.298000_-157.792000
537,126,0.0,OA,21.408,-157.794,,,G0987,APRSWXNET,unknown,,781.21_R_R,,Kaneohe HI US G0987-GW0987 ,21.408000_-157.794000
538,127,50.0,OA,21.4,-157.806,,,D9459,APRSWXNET,unknown,,781.31_R_R,,Kaneohe HI US D9459-DW9459 ,21.400000_-157.806000
539,145,182.69,OA,21.423,-157.952,,,F9678,APRSWXNET,unknown,,834.14_R_R,,Pearl City HI US F9678-FW9678 ,21.423000_-157.952000
540,164,3.96,OA,21.65,-157.929,,,C5306,APRSWXNET,unknown,,903.4_R_R,,Laie HI US C5306-CW5306 ,21.650000_-157.929000
541,186,106.41,KA,22.072,-159.376,,,F9608,APRSWXNET,unknown,,1065.3_R_R,,Kapaa HI US F9608-FW9608 ,22.072000_-159.376000
542,27,606.0,BI,19.7064059,-155.1873737,,,040HI,HiMesonet,HiMesonet,,84.1_R_R,,Piihonua 0213,19.706406_-155.187374
543,73,88.0,MA,20.7458333,-156.4305556,,,039HI,HiMesonet,HiMesonet,,260.3_R_R,,Lipoa 0121,20.745833_-156.430556
544,121,202.0,OA,21.34666,-157.83641,,,037HI,HiMesonet,HiMesonet,,775.12_R_R,,Upper Waolani 0503,21.346660_-157.836410
545,122,98.0,OA,21.33756,-157.84092,,,038HI,HiMesonet,HiMesonet,,775.13_R_R,,Waolani 0504,21.337560_-157.840920
546,80,427.0,MA,20.79532,-156.35991,,,042HI,HiMesonet,HiMesonet,,322.2_R_R,,Pulehu 0118,20.795320_-156.359910
547,165,106.0,KA,21.905295,-159.510395,,,044HI,HiMesonet,HiMesonet,,934.2_R_R,,Lawai NTBG 0621,21.905295_-159.510395
548,105,68.0,MO,21.215984,-157.241786,,,045HI,HiMesonet,HiMesonet,,550.4_R_R,,Anapuka 0431,21.215984_-157.241786
549,128,506.0,OA,21.34522,-157.80556,,,046HI,HiMesonet,HiMesonet,,784.11_R_R,,Kalawahine 0506,21.345220_-157.805560
550,19,175.0,BI,19.501169,-154.943731,,,047HI,HiMesonet,HiMesonet,,64.1_R_R,,Pahoa 0204,19.501169_-154.943731
551,26,1840.0,BI,19.505859,-155.762429,,,050HI,HiMesonet,HiMesonet,,77.11_R_R,,Kealakekua 0244,19.505859_-155.762429
552,98,210.0,MA,20.890997,-156.212316,,,048HI,HiMesonet,HiMesonet,,446.2_R_R,,EMI Base Yard 0155,20.890997_-156.212316
553,100,271.5,MA,20.959694,156.587056,,D110B6EA,HKSH1,USGS,USGS,,480.1_R_R,,Honokohau Stream near Honokohau,20.959694_156.587056
554,161,3.0,OA,21.540352,-157.845041,,,049HI,HiMesonet,HiMesonet,,886.12_R_R,,Kaaawa Makai 0541,21.540352_-157.845041
555,0,,,,,,,,,,,2.19_R_R,,,nan_nan
556,27,1176.0,BI,19.5087559,-155.8445347,,,051HI,HiMesonet,HiMesonet,,77.12_R_R,,Kipuka Nui 0245,19.508756_-155.844535
557,74,29.0,MA,20.661092,-156.044767,,,052HI,HiMesonet,HiMesonet,,258.7_R_R,,Kipahulu VC 0166,20.661092_-156.044767
558,51,2039.0,BI,19.8541197,-155.5915919,,,054HI,HiMesonet,HiMesonet,,102.9_R_R,,Aipalaoa 0222,19.854120_-155.591592
559,52,1880.0,BI,19.9153271,-155.5002897,,,053HI,HiMesonet,HiMesonet,,105.1_R_R,,Kaluamakani 0221,19.915327_-155.500290
560,168,197.0,OA,21.63252,-158.04065,,,056HI,HiMesonet,HiMesonet,,892.3_R_R,,Kalahee Ridge 0551,21.632520_-158.040650
561,81,54.0,MA,20.82078,-156.6152,,,055HI,HiMesonet,HiMesonet,,297.1_R_R,,Olowalu 0132,20.820780_-156.615200
562,103,271.5,MA,20.959694,-156.587056,,D110B6EA,HKSH1,USGS,USGS,,480.1_R_R,,Honokohau Stream near Honokohau,20.959694_-156.587056
563,132,508.0,OA,21.35489,-157.83063,,,041HI,HiMesonet,HiMesonet,,775.14_R_R,,Napuumaia 0505,21.354890_-157.830630
