"SKN","Station.Name","Observer","Network","Island","ELEV.m.","LAT","LON","NCEI.id","NWS.id","NESDIS.id","SCAN.id","SMART_NODE_RF.id","X2022.06.01","X2022.06.02","X2022.06.03","X2022.06.04","X2022.06.05","X2022.06.06","X2022.06.07","X2022.06.08","X2022.06.09","X2022.06.10","X2022.06.11","X2022.06.12","X2022.06.13","X2022.06.14","X2022.06.15","X2022.06.16","X2022.06.17","X2022.06.18","X2022.06.19","X2022.06.20","X2022.06.21","X2022.06.22","X2022.06.23","X2022.06.24","X2022.06.25","X2022.06.26","X2022.06.27","X2022.06.28","X2022.06.29","X2022.06.30"
3.9,"LOWER KAHUKU CS","LOWER KAHUKU CS","RAWS","BI",953.7192,19.10083333,-155.6697222,NA,"LKHH1","32D620C2",NA,NA,3.04800000000006,12.446,0.253999999999905,9.65200000000004,3.81000000000006,2.03199999999993,0.508000000000038,1.01600000000008,13.7159999999999,2.53999999999996,3.048,4.572,0,0,10.922,16.764,7.87400000000002,1.524,0.507999999999925,8.63600000000008,9.65199999999993,13.7160000000001,1.01599999999996,9.90599999999995,0.761999999999944,1.52400000000011,10.414,0,3.04799999999989,0
4.15,"SOUTH POINT NEAR NAALEHU 12SSW","NWS","STATE","BI",295.78,18.9928,-155.668,NA,"SOPH1","B1507246",NA,NA,0,17.78,0.507999999999999,6.096,23.368,0.762,0,0,0,0,0.762,0,0,0,0.254,0,16.51,1.524,0,0,1.524,0.508,0.254,0.254,0.762,0,0,0,0,0
9.2,"Nene Cabin","Nene Cabin","RAWS","BI",1991.7737,19.2564,-155.6144,NA,"NENH1","32D64524",NA,NA,0,1.77800000000002,0,2.7940000000001,1.26999999999975,0,0,0,6.35000000000014,0,0,0.254,NA,0,6.60399999999981,7.62000000000012,9.65200000000004,0.761999999999944,0,11.1759999999999,3.30199999999991,1.27,0.761999999999944,1.26999999999998,0.508000000000266,0.253999999999678,0,0.254000000000133,5.08,0
21,"Pahala","KAU SUGAR","HydroNet-UaNet","BI",346.8624,19.2042999,-155.4872,"USC00517421","PPLH1","B16084B2",NA,NA,0,9.90600000000001,0.253999999999991,13.462,13.97,0.254000000000019,0,0,2.28599999999999,0,0,0,0,0,1.524,0,0.50800000000001,0.253999999999991,1.01599999999999,0.762000000000015,0,0.253999999999991,0,1.01600000000001,0.253999999999991,5.58800000000001,0.253999999999991,0,0,0
23,"KAHUKU","RAWS","RAWS","BI",1796.4912,19.23222222,-155.78,NA,"KRCH1","32639544",NA,NA,0.253999999999991,0.253999999999991,1.524,12.954,5.84200000000001,1.77799999999999,0.253999999999991,1.26999999999998,4.31799999999998,0,0,0.254000000000048,0.762,0,3.04799999999997,9.14400000000003,2.286,0.761999999999972,0,1.01600000000002,0,3.048,2.286,3.048,3.30199999999996,2.03200000000004,8.63599999999997,2.286,0.253999999999962,0
27.6,"Honaunau No. 2","NWS","HydroNet-UaNet","BI",398.0688,19.4629002,-155.8824,NA,"HAUH1","15D12742",NA,NA,0.762000000000626,1.77799999999843,5.84200000000055,1.01599999999962,10.4140000000007,4.82600000000093,0,1.77799999999843,3.81000000000131,0,0.253999999998996,0,31.190732365104,2.28600000000006,12.4459999999999,12.6999999999989,2.54000000000087,13.2080000000005,8.38199999999961,7.61999999999898,23.1140000000014,22.351999999999,10.6680000000015,9.39799999999923,19.8119999999999,10.4140000000007,15.2399999999998,3.30199999999968,0,0
29.12,"Kealakekua","NWS","HydroNet-UaNet","BI",537.972,19.5181007,-155.9159,NA,"KLEH1","81708572",NA,NA,0.378523590334758,2.46129329360783,4.064,0,4.318,11.684,0.254000000000001,6.096,2.54,0,0,1.016,30.988,0,14.224,7.36600000000001,1.524,15.494,6.604,5.08,14.986,18.796,18.796,4.31799999999998,25.146,7.62,21.59,0.761999999999972,0,0
34,"Kapapala Ranch","NWS","HydroNet-UaNet","BI",638.556,19.2754993,-155.4514,"USC00513300","KAYH1","B16097C4",NA,NA,0,5.588,1.27,13.716,11.176,1.01600000000001,0.254000000000005,0,6.60399999999999,0,0,0,0,0,0.254000000000005,0,4.57199999999999,1.01600000000001,1.27000000000001,29.718,0,0,0.762,2.53999999999999,2.54000000000001,4.318,0.254000000000005,0,0,0
36.3,"KAPAPALA RANCH","KAPAPALA RANCH","RAWS","BI",1081,19.25811,-155.441781,NA,"KPRH1","AA10E258",NA,NA,0,5.58800000000002,2.03199999999998,9.14400000000001,2.54000000000002,0.253999999999962,0,0,1.52400000000006,0,0,0,0,0,0,0,1.52399999999994,0.254000000000019,0,2.79399999999998,0.254000000000019,0,0,3.048,2.286,5.58799999999997,0,0,0,0
38.9,"KAELAKOMO","KAELAKOMO","RAWS","BI",29.5656,19.29277778,-155.1075,NA,"KMOH1","32807432",NA,NA,0,0.507999999999981,0,5.334,4.57200000000006,0.254000000000019,0,0,0,0,0.253999999999905,1.01599999999996,0,0,0,0,2.28600000000006,5.58800000000008,0,10.414,0,0,0,0,2.28599999999994,6.85800000000006,0.253999999999905,0.508000000000038,0,0
39,"Mauna Loa Observatory","NWS","ESRL/GMD","BI",3397,19.5362,-155.5763,"USC00516198","MOBH1",NA,NA,NA,0,0,0,0,0,0,0,0,0,0,0,0,NA,0,NA,NA,NA,NA,NA,0,0,0,0,0,0,0,0,0,0,0
43.3,"PUHE CS","PUHE CS","RAWS","BI",34.126,20.025,-155.8211111,NA,"PHRH1","32D61558",NA,NA,0,0.254,1.524,0,1.016,1.016,0,4.064,0,0,0,0,7.112,0.761999999999997,3.048,0.507999999999999,2.54,16.51,1.016,1.27,6.60400000000001,2.794,14.478,20.574,21.336,0.253999999999991,4.31800000000003,1.01600000000001,0,0
47,"KEMOKU LAVA FLOW","RAWS","RAWS","BI",1706.88,19.47555556,-155.3627778,"USR0000HKEA","KKUH1","FA4447E8",NA,NA,0,0,0,12.954,0.253999999999905,0,0,0,2.28600000000006,0,0,0.508000000000038,0,0,0,0,2.28600000000006,1.77800000000002,0,1.52399999999989,0,0.254000000000133,0,1.52399999999989,3.30199999999991,3.55600000000004,0,0,0,0
48,"PALI 2","RAWS","RAWS","BI",847.344,19.3175,-155.2922222,"USR0000HPAL","PLIH1","FA900222",NA,NA,0,NA,1.01600000000002,14.478,0.254000000000019,0,0,0,0,0,0,0,0,0,0,NA,NA,NA,NA,1.01600000000002,0,0,0,0,20.574,9.65199999999993,0.254000000000076,0,0,0
54.2,"Glenwood","HELBUSH XL","HydroNet-UaNet","BI",802.2336,19.5076008,-155.1707,"USC00510744","GLNH1",NA,NA,NA,0,5.08,5.08,13.462,18.542,0,0.254,0,4.318,0.508,6.35,4.064,1.65374888028603,7.366,2.70202559883398,6.05535079316806,23.0960925734061,8.68120493458907,0.293601371440965,6.096,1.524,2.54,1.27,0.254,0.508,0.508,0.508,0.508,8.9582909218621,0.508
63,"KALOKO-HONOKOHAU","RAWS","RAWS","BI",7.62,19.67277778,-156.0202778,NA,"KHOH1","FA667668",NA,NA,0,0,0.253999999999991,0.50800000000001,1.52399999999997,0,0,0,1.52400000000003,0,0,0,0.507999999999981,0,0,25.654,0,0,6.858,0.762000000000029,0.507999999999981,2.794,0,0,33.02,26.924,0,0,0,0
68.21,"KAILUA KONA KE AHOLE AIRPORT","KAILUA KONA KE AHOLE AIRPORT","NWS","BI",27,19.73556,-156.04889,"USW00021510","PHKO",NA,NA,NA,0,0,0,0.254,1.27,0,0,0,0,0,0,0,NA,0,NA,NA,NA,NA,NA,0,5.08,0,0,0,17.78,1.778,0,0,0,0
70.16,"Waiaha Stream","NWS","HydroNet-UaNet","BI",460.5528,19.6331997,-155.9486,NA,"WIHH1","9321011E",NA,NA,0,3.55599999999993,3.30200000000002,0,13.208,17.526,0.508000000000152,17.78,21.8439999999999,0,0,0,14.2239999999999,0.762000000000057,13.208,14.224,0.254000000000019,17.456959684064,23.3679999999999,14.732,4.572,21.1772953544383,9.90600000000006,0,80.7719999999999,12.446,28.448,0.254000000000133,1.77799999999979,0
75.1,"PTA KIPUKA ALALA","RAWS","RAWS","BI",1641.348,19.66694444,-155.7077778,"USR0000HPTK","PKAH1","32666200",NA,NA,0.253999999999991,0.762,0.253999999999991,0,1.77800000000002,0.253999999999991,0,0,0.50800000000001,0.253999999999991,0,0,0,0,3.048,0,0,0,0,3.30199999999999,0.254000000000019,0,0,12.192,1.26999999999998,0.762,0.253999999999991,0,0,0
79.6,"Kulani NWR","NWS","HydroNet-UaNet","BI",1623.3648,19.5543995,-155.3089,NA,"KNWH1",NA,NA,NA,0,0,0.508,7.366,3.556,0.254,0,0,3.048,0.254,3.048,1.016,0.503049562533337,1.27,2.68159484287265,4.04390939495828,12.991883945964,8.34023434272009,0,3.556,3.048,5.334,3.048,1.524,7.366,5.842,0.762,1.27,4.318,0.508
83,"QuarryRainGageatSaddleRd","USGS","USGS","BI",1286.256,19.68586111,-155.2942222,NA,"SDQH1","DDF6B6E4",NA,NA,0,1.524,2.53999999999996,7.62,7.87400000000002,1.01599999999996,0,0,5.08000000000004,1.524,6.85799999999995,2.28600000000006,1.524,6.35000000000002,1.26999999999998,4.82600000000002,21.0819999999999,14.9860000000001,0,9.90599999999995,7.3660000000001,8.38199999999995,5.58799999999997,2.03200000000004,8.88999999999987,10.9220000000001,3.80999999999995,20.066,12.192,1.524
85.2,"Waiakea Uka","NWS","HydroNet-UaNet","BI",303.8856,19.6585999,-155.1277,"USC00519084","WKAH1",NA,NA,NA,0,14.732,9.144,42.672,11.938,0,0,0,3.048,1.27,6.096,0.508,1.517465593074,8.72737055188596,2.47935519516517,5.55633723606006,21.1927737230177,7.96579816421989,0.269406065547235,21.082,5.334,8.89,3.302,3.81,7.62,4.064,2.032,1.524,5.08,7.112
87,"HILO INTERNATIONAL AIRPORT 87","NWS","HydroNet-UaNet","BI",11.6,19.7191,-155.053,"USW00021504","PHTO",NA,NA,NA,0,1.524,4.064,9.652,6.35,0.508,0,0,1.27,0,6.858,0,1.26363835689976,2.54,2.0646321994311,4.62692590026553,17.6478477586124,6.63335508203452,0.224342376895221,16.002,10.922,11.684,2.54,5.08,33.782,0,7.874,1.27,9.144,0.254
88.8,"Waiakea Exp Farm","UNIV HAWAII","STATE","BI",183,19.644743,-155.0805636,NA,"WEXH1","CD07410A",NA,NA,NA,NA,NA,NA,NA,NA,NA,NA,NA,NA,NA,NA,NA,NA,NA,NA,NA,NA,NA,NA,NA,NA,NA,7.874,4.572,2.54,6.35,2.032,4.318,1.016
89.11,"Piihonua","NWS","HydroNet-UaNet","BI",296.8752,19.7098007,-155.1395,"USC00518053","PIIH1",NA,NA,NA,0,7.112,9.144,42.926,9.906,0.254,0,0,3.302,3.81,6.096,1.27,1.41246461388377,15.24,2.30779629825117,5.17186667332686,19.7263404787779,7.41460503595894,0.250764522166378,16.764,8.636,7.112,3.048,3.302,10.668,1.524,3.556,1.524,12.954,0.254
89.15,"HONOLII STREAM NEAR PAPAIKOU NEAR HILO 3N ","USGS","USGS","BI",522.23157,19.7667,-155.1544,NA,"NLIH1","D114953C",NA,NA,0.254000000000019,8.63599999999997,13.208,34.036,12.954,0.507999999999981,0,0,1.524,5.334,13.208,5.33399999999995,4.06400000000002,22.098,0.508000000000038,5.07999999999998,26.924,20.0660000000001,0.507999999999981,37.084,13.4619999999999,9.65199999999999,9.39800000000002,2.03200000000004,20.3199999999999,2.54000000000008,4.31799999999998,4.572,19.05,NA
91.15,"Mountain View","Mountain View","HydroNet-UaNet","BI",346.5576,19.5674992,-155.0841,NA,"MTVH1",NA,NA,NA,0,5.334,6.858,28.702,13.97,1.016,0.254,0,8.128,2.032,6.604,1.778,NA,13.208,NA,NA,NA,NA,NA,19.304,19.558,10.414,6.858,28.956,9.398,3.048,1.524,3.556,7.874,3.81
91.9,"Pahoa Beacon","NWS","HydroNet-UaNet","BI",187.1472,19.5149994,-154.9644,NA,"PHAH1",NA,NA,NA,1.27,5.08,4.064,28.702,4.826,0,0,0.508,4.318,0.508,4.572,3.048,2.46918317528686,6.35,0.308647896910753,4.6297184536631,22.5312964744934,1.54323948455432,0.617295793821783,13.97,3.81,9.906,20.828,4.572,16.51,0,7.874,2.54,8.636,3.048
92.5,"KiholoRainGage","USGS","USGS","BI",283.96692,19.82580556,-155.8925833,NA,"KIRH1","DD60236E",NA,NA,0,0,0,0,2.794,0.254000000000005,0,0.762,5.842,0,0,0,0,0,0,1.27000000000001,1.524,0.253999999999991,1.524,0.254000000000005,0,0,0.507999999999996,0,3.048,0.507999999999996,0,0,0,0
93.12,"PUUANAHULU","RAWS","RAWS","BI",830.58,19.83277778,-155.7697222,NA,"PULH1","48703040",NA,NA,0,1.01600000000001,0,0,11.43,0.254000000000005,0.507999999999996,2.53999999999999,2.79400000000001,0.507999999999996,0,0,0,0,0,0,0,0,0,2.03200000000001,2.79399999999998,0,2.032,0,17.78,0.762000000000015,0,0,0,0
94,"KAUPULEHU LAVA FLOW","RAWS","RAWS","BI",372.1608,19.80333333,-155.9180556,NA,"KPLH1","4870E628",NA,NA,0,0,0,0,12.192,0,0,1.524,2.286,0,0,0,0,0,0,15.24,1.01600000000002,0,0,3.81,0.253999999999991,0.253999999999991,2.54000000000002,0,0.507999999999981,13.97,0,0,0,0
94.5,"PUU WAAWAA","RAWS","RAWS","BI",708.9648,19.795,-155.8452778,"USR0000HPUW","PWWH1","487046D0",NA,NA,0,0,0,0,19.05,0,0,0.507999999999981,0.508000000000038,0.253999999999991,0,0,0,0,0,2.286,0,NA,0,3.30200000000002,3.30199999999999,0,0.253999999999991,0.508000000000038,16.764,15.24,0,0,0,0
95.6,"WAIKOLOA","RAWS","RAWS","BI",297.7896,19.92416667,-155.7936111,NA,"WKVH1","4870C0C4",NA,NA,0,0,0,0,11.43,0,0,0,0,0,0.762,0,0,0,0,0,0,0,0,0,0.253999999999998,0.254000000000001,0.508000000000003,0,15.748,0,0,0,0,0
98.2,"PUHO CS","PUHO CS","RAWS","BI",29.5656,19.42194444,-155.9075,NA,"PERH1","32D6803A",NA,NA,0,0,0,0,0.254,0,0,0,0,0,0.508,0,0,0,NA,NA,4.572,0,0,0,0,NA,0,0,NA,0.254,NA,0,0,0
99,"PTA WEST","RAWS","RAWS","BI",1307.592,19.77166667,-155.7022222,"USR0000HPTW","PKWH1","32667176",NA,NA,0.507999999999996,1.524,NA,0,3.556,NA,0,0.507999999999996,1.27000000000001,0.761999999999986,0,0,0,0,0.50800000000001,0,0.254000000000005,0,0,2.28599999999999,0.507999999999996,0.254000000000019,0,10.668,8.38200000000001,3.30199999999999,0,0,0,0
102.8,"AUHMOA","RAWS","RAWS","BI",2001.9264,19.83638889,-155.6130556,NA,"AHMH1","4870D3B2",NA,NA,1.524,2.79399999999998,1.01600000000002,1.26999999999998,6.096,0.253999999999991,1.27000000000004,0,5.33399999999997,1.27000000000001,0.761999999999972,0.253999999999991,0,0,0,2.03200000000001,5.33400000000003,0,0,5.84200000000001,4.57199999999997,0,0.253999999999991,15.748,20.574,10.6679999999999,0.254000000000019,0.253999999999962,1.01600000000008,0
107.4,"PTA EAST","RAWS","RAWS","BI",1959.864,19.68277778,-155.5452778,"USR0000HPTA","PTAH1","3266D18E",NA,NA,0,NA,0,0,0,0,0,0,0,0,0.253999999999991,0.253999999999991,0,0,0,0,0,0.508000000000024,0,0.253999999999991,0,0.253999999999991,2.79400000000001,4.572,2.79399999999998,0.254000000000019,0,0,0.253999999999991,0
113.2,"PUU MALI","RAWS","RAWS","BI",2165,19.92666,-155.44,NA,"PMLH1","3181742E",NA,NA,0.253999999999991,0,0,14.224,1.77800000000002,0,0,0,0.507999999999981,0,0,0,0,0,0,0,4.06399999999999,0,0,1.01599999999999,0,0.253999999999991,4.57200000000003,4.31800000000001,4.82599999999999,3.55600000000001,0,0,0,0
129,"HAKALAU","RAWS","RAWS","BI",1950.72,19.82111111,-155.3305556,"USR0000HHAK","HKUH1","8374D370",NA,NA,0,0,0,2.286,0.254000000000019,0,0,0,0.254000000000019,0,0.761999999999944,0.254000000000076,0,0.761999999999887,3.04800000000006,3.30199999999996,8.12800000000004,4.572,0,3.048,0.507999999999925,4.82600000000002,2.7940000000001,2.28599999999994,6.35000000000002,3.81000000000006,0.507999999999925,0,3.048,0
133.3,"Laupahoehoe","NWS","HydroNet-UaNet","BI",499.872,19.9792,-155.2372,NA,"LPHH1","B159741A",NA,NA,0,0.508000000000038,7.62,25.146,0.254000000000019,0,0,0,0,0,2.28600000000006,0,2.03199999999993,9.90600000000006,0.253999999999905,3.81000000000006,18.542,1.26999999999998,0.508000000000038,0.507999999999925,2.28600000000006,3.55599999999993,0.508000000000038,0,4.09541592587793,0,1.524,0.507999999999925,9.39800000000002,8.38199999999995
140.6,"Papaikou Well","NWS","HydroNet-UaNet","BI",345.6432,19.7884998,-155.1313,NA,"PPWH1",NA,NA,NA,0,10.414,12.446,37.846,8.636,1.016,0,0,0.762,5.588,7.62,0.762,NA,21.336,NA,NA,NA,NA,NA,17.526,7.62,13.462,9.652,5.842,21.082,1.778,4.064,2.54,14.478,2.286
147.2,"KOHALA RANCH","KOHALA RANCH","RAWS","BI",328.8792,20.08305556,-155.8325,NA,"KHRH1","4870B654",NA,NA,0,0,0,0,4.06400000000002,0,0,0,0,0,1.01599999999999,0,0,0,0,0,0.253999999999991,0,0,0,0,24.13,0,0,1.524,3.048,0,0,0,0
160.3,"Upolu Airport","NWS","HydroNet-UaNet","BI",34,20.265,-155.8582,NA,"UPLH1","B15017A0",NA,NA,1.2700000000001,1.52399999999989,0,13.2080000000001,0.508000000000152,0,0,0,0,0,2.53999999999985,1.524,0.508000000000152,4.31799999999976,0,0,0.254000000000133,0.507999999999925,0,0,0.762000000000057,0,0,0,4.31799999999998,0.507999999999925,1.77800000000002,1.52400000000011,3.80999999999995,4.06400000000008
176.3,"Kahua Ranch HQ","KAHUA RANCH","HydroNet-UaNet","BI",987.552,20.1249008,-155.7884,NA,"KASH1","15D293C2",NA,NA,0.254000000000133,0.253999999999678,0.254000000000133,3.04800000000023,1.77799999999979,0.254000000000133,0,0,0.507999999999811,0.508000000000038,9.90599999999995,4.06400000000031,3.30199999999991,10.414,0.254000000000133,0.507999999999811,2.28600000000006,0.253999999999678,0,0.508000000000266,2.7940000000001,0.253999999999678,0,0,3.04800000000023,6.09599999999978,0.254000000000133,0.508000000000038,6.85800000000017,5.33399999999983
185.7,"KawainuiRainGagenearKamuela","USGS","USGS","BI",1237.488,20.08533333,-155.6811667,NA,"KWSH1","DDF6A592",NA,NA,10.6680000000001,15.24,10.9219999999998,39.3700000000001,11.4300000000001,0.253999999999905,4.31799999999998,0.253999999999905,8.63600000000019,10.922,25.9079999999999,24.8920000000001,16.2560000000001,29.4639999999997,2.54000000000019,8.38199999999983,33.7819999999999,7.62000000000012,0.254000000000133,17.2719999999999,10.6679999999999,11.1760000000002,4.57199999999989,3.80999999999995,11.1760000000002,10.414,1.52399999999989,1.52400000000011,32.0039999999999,9.14400000000001
192.7,"Kamuela Upper","NWS","HydroNet-UaNet","BI",948.5376,20.0319996,-155.6667,"USC00513080","KUUH1","817075F6",NA,NA,2.03199999999993,4.06399999999996,1.77800000000002,20.066,0.254000000000019,0,0,0,1.01599999999996,2.54000000000008,8.38199999999995,9.90599999999995,3.55600000000004,8.38200000000006,2.28599999999994,1.01600000000008,7.62,1.26999999999987,0,6.60400000000004,2.28600000000006,4.31799999999998,1.26999999999998,1.01600000000008,0.507999999999925,13.208,0.508000000000038,0,10.922,2.79399999999998
201.3,"Kamuela 1","NWS","HydroNet-UaNet","BI",877.824,20.0394993,-155.6084,NA,"KMUH1","81706680",NA,NA,6.85799999999927,4.57200000000012,4.0639999999994,21.3257890780988,1.32404624719718,0.253999999999905,0,0,2.54000000000087,0.761999999998807,0.50800000000072,2.03200000000015,0.761999999998807,2.54000000000087,1.01600000000053,0,5.58799999999974,2.28600000000006,0,0,1.26999999999953,1.77800000000116,0.507999999998901,1.52400000000034,2.03200000000015,5.84199999999964,0.507999999999811,0,9.39800000000014,0.253999999999905
215.5,"Honokaa","NWS","HydroNet-UaNet","BI",591.9216,20.0656,-155.49,NA,"HNKH1","B15047DC",NA,NA,18.7960000000003,18.7959999999994,16.2560000000003,38.3540000000003,3.55600000000049,0,0,0,0,0,0,0,1.01599999999962,12.9539999999997,3.04799999999977,0,9.90599999999995,0,0,0,0,5.33399999999983,0,5.58800000000065,3.30199999999968,32.2579999999998,0,0,2.54000000000087,0
250.2,"Ulupalakua Ranch","NWS","HydroNet-UaNet","MA",581.5584,20.6487999,-156.3981,NA,"ULUH1","8170531A",NA,NA,0.254000000000133,5.07999999999993,0,3.30200000000013,7.11200000000008,0,0,0,3.30199999999991,0.254000000000133,0,0,0,0,7.11199999999985,0,0,0,0,0,0,0,0,1.52399999999989,18.5420000000001,0.253999999999905,0,0,0,0
255,"KepuniGulchRainGage","USGS","USGS","MA",225.552,20.6195,-156.2518889,NA,"KPNH1","F000D4EA",NA,NA,0,0,0,0,0,0,0,0,0,0,0,0,0,0,0,0,0,0.761999999999999,0,0,0,0,0,0,0.254000000000001,0,0,0,0,0
267.8,"KULA 1","KULA 1","RAWS","MA",1998.5736,20.68305556,-156.3216667,NA,"KLFH1","AA10F12E",NA,NA,0.253999999999998,0,0.254000000000005,0.253999999999998,0.253999999999998,0.254000000000005,0.253999999999998,0,0,0,0.253999999999998,0,0,0,0.762,0.254000000000005,0.253999999999991,0.253999999999998,0,0,0.508000000000003,1.01600000000001,0.507999999999996,0,0.254000000000005,0,0.253999999999998,0,0,0
302,"MAALAEA BAY","NWS","STATE","MA",302,20.7903,-156.514,NA,"P36","15DF05C6",NA,NA,0,0,0,0,0,0,0,0,0,0,0,0,0,0,0,0,0,0,0,0,0,0,0,0,0,0,0,0,0,0
311.2,"Kealia Pond NWR","Kealia Pond NWR","RAWS","MA",3.6576,20.7975,-156.4772222,NA,"KPDH1","32B2C438",NA,NA,0,0,0,0,0,0,0,0,0,0,0,0,0,0,0,0,0,0,0,0,0,0,0,0,0,0,0,0,0,0
311.5,"Kihei 2","NWS","HydroNet-UaNet","MA",54.5592,20.7061005,-156.437,NA,"KHIH1","93202508",NA,NA,0,0,0,0,0.254000000000019,0.253999999999905,0,0,0,0,0,0,0,0,0,0,0,0,0,0,0,0,0,0,2.54000000000008,0,0,0,0,0
324.7,"Kula Branch Stn","NWS","HydroNet-UaNet","MA",944.88,20.7577991,-156.3217,"USC00515000","KBSH1","93220610",NA,NA,0,0,0,0.25400000000036,9.65200000000004,0.507999999999811,0,0,0.253999999999905,0,0,0,0,0,0,0,0,0,1.01600000000008,1.01600000000008,4.06399999999985,0.253999999999905,0,0,5.33400000000029,0.253999999999905,0,0,0,0
348.5,"WestWailuaikiRainGagenrKeanae","USGS","USGS","MA",472.44,20.81436111,-156.1429722,NA,"WWKH1","DD5E710A",NA,NA,3.81000000000017,8.38199999999995,1.52399999999989,10.414,12.954,0,0,0.254000000000019,0,8.12800000000004,18.542,23.3680000000001,7.61999999999989,3.55600000000004,7.87400000000002,18.288,24.1299999999999,18.5420000000001,0.253999999999905,19.558,19.3040000000001,24.6379999999999,5.8420000000001,8.55667546536769,29.21,16.002,24.6379999999999,10.4140000000002,23.876,22.9790715329217
353,"Hana AP","NWS","HydroNet-UaNet","MA",19,20.7946,-156.0157,"USC00511125","HNAH1","B150314C",NA,NA,1.27000000000044,4.82600000000002,0,1.01599999999962,7.11200000000008,0,0,0.253999999999905,3.30200000000059,2.03199999999924,2.03200000000015,7.36599999999999,1.77799999999934,2.53999999999996,1.01600000000053,4.31800000000021,9.65200000000004,17.2719999999999,0,2.79399999999987,3.30200000000059,1.26999999999953,2.28600000000006,19.558,21.0819999999994,NA,0,0.50800000000072,6.85800000000017,2.28600000000006
361.1,"Lahainaluna","NWS","HydroNet-UaNet","MA",238.0488,20.8909,-156.6556,NA,"LAHH1","81700366",NA,NA,0,0,0,0,0,0,0,0,0,0,0,0,0,0,0,0,0,1.77800000000002,0,0,1.01599999999985,0,0,0,0,0,0,0,0,0
380,"PuuKukuiRainGageatalt","BALDWIN PKRS","USGS","MA",1759,20.89083333,-156.6008333,"USC00514887","PKKH1","DD73556E",NA,NA,3.80999999999949,3.04800000000068,0,0.254000000000815,0.507999999999811,0.253999999998996,0,0.253999999998996,23.3680000000004,14.9860000000008,10.4140000000007,27.4319999999989,14.732,3.3020000000015,10.4139999999989,18.2880000000005,20.5740000000005,2.79399999999805,1.52400000000125,90.9320000000007,24.1299999999992,14.985999999999,7.8739999999998,3.81000000000131,7.61999999999898,2.79399999999987,12.9539999999997,1.52400000000125,23.8760000000002,27.1779999999999
386.6,"Wailuku","NWS","HydroNet-UaNet","MA",146.9136,20.8831005,-156.5124,NA,"WUKH1","9321D776",NA,NA,0,0,0,0,1.52400000000034,0.25400000000036,0,0,0,0,0,0,0,0,2.28600000000006,0,0,0,0,0,0,0,0.507999999999811,1.77799999999979,3.80999999999995,0,0,0,0,0
390.4,"Waikapu Country Club","NWS","HydroNet-UaNet","MA",145.9992,20.8346996,-156.5135,NA,"WCCH1","9320E016",NA,NA,0,0,0,0,0,0,0,0,0,0,0.254000000000133,0,0,0,0,NA,NA,NA,NA,0,0,0,0.507999999999811,0.254000000000133,1.52400000000011,0,0,0,0,0
398,"KAHULUI AIRPORT","NOAA-NWS","NWS","MA",12,20.8887,-156.436,"USW00022516","PHOG",NA,NA,NA,0,0,0,0,0,0,0,0,0,0,0,0,NA,0,NA,NA,NA,NA,NA,0,0,0,0,0,0,0,0,0,0.254,0
426.6,"Pukalani","NWS","HydroNet-UaNet","MA",495.9096,20.8355007,-156.3307,NA,"PUKH1","15D2B52E",NA,NA,0,0,0,0,0,0,0,0,2.28599999999983,0,0,0,0,0,0,0,0,0,0,2.03199999999993,0,0,0,0,0,0,0,0,0,2.03200000000015
465.1,"Mahinahina","NWS","HydroNet-UaNet","MA",223.1136,20.9552002,-156.6562,NA,"MABH1","190524C8",NA,NA,2.54,0,0,0,0,0,0,0,0.254,0.254,2.286,3.556,NA,0.762,NA,NA,NA,NA,NA,3.302,3.81,0,1.778,0.762,0,0,0,0,1.524,3.048
482.5,"Kahakuloa","Kahakuloa","HydroNet-UaNet","MA",335.28,20.9540997,-156.5342,NA,"KHKH1","781001B6",NA,NA,0.507999999999981,0,0,0.50800000000001,6.09599999999998,0,0,0,1.01599999999999,4.82600000000002,1.524,0.762,0.253999999999991,0,7.11199999999999,0.50800000000001,0.254000000000019,0,0,1.26999999999998,0,2.286,2.54000000000002,1.26999999999998,10.668,0,0.507999999999981,0,0.254000000000019,0.507999999999981
489,"Haiku","NWS","HydroNet-UaNet","MA",99.3648,20.9288998,-156.3225,"USC00510822","AIKH1","50A30568",NA,NA,0.253999999999905,0.253999999999905,0,0,0,0,0,0,0,4.82600000000025,5.07999999999993,10.9219999999998,1.0160000000003,4.06399999999985,0.253999999999905,1.77800000000002,1.27000000000021,0,0,0.507999999999811,0.508000000000038,1.01600000000008,6.096,1.77800000000002,0.761999999999944,0,0.254000000000133,0,3.80999999999995,8.63599999999974
499.9,"KANELOA","RAWS","RAWS","KO",248.412,20.52222222,-156.5658333,"USR0000HKAN","KAOH1","32793370",NA,NA,0,0.761999999999972,0,0,0,0,0,0,0,0,0,0,0,0,1.27000000000001,0,0,0,0,0,0,0,0,1.77799999999999,10.922,1.77799999999999,0,0,0,0
524,"MOLOKAI KAUNAKAKAI MOLOKAI AIRPORT","ALOHA AIRLINES","NWS","MO",141,21.15514996,-157.0924625,"USW00022534","PHMK",NA,NA,NA,0,0,0,0,0,0,0,0,0,0,0,0,NA,0,NA,NA,NA,NA,NA,0,0,0,0,0.762,0,0,0,0,0,0
536.5,"Kaunakakai Mauka","MOLOKAI GEN HOSP","HydroNet-UaNet","MO",28.3464,21.0946007,-157.0174,NA,"KACH1","50A0F2E2",NA,NA,0,0,0,0,0,0,0,0,0,0,0,0,0,0,0,0,0,NA,NA,0,0,0,0,0,0,0,0,0,NA,NA
538,"MOLOKAI 1","RAWS","RAWS","MO",833.0184,21.115,-156.9475,"USR0000HMLK","MLKH1","487016AC",NA,NA,0,1.524,0,0,0,0,0,0,1.01599999999999,0,0.50800000000001,0.50800000000001,0,0,2.03199999999998,0,0,0,0,0,0,0,0,0.254000000000019,5.07999999999998,0,0,0.253999999999991,0.50800000000001,0
541.2,"Puu ALII WEST","Puu ALII WEST","RAWS","MO",1159.764,21.14083333,-156.9022222,NA,"PAFH1","32D6062E",NA,NA,1.524,6.60399999999993,0.254000000000019,0,0.253999999999905,0.254000000000133,0,0,2.53999999999985,0.508000000000038,5.08000000000015,10.9219999999999,5.58799999999997,3.55600000000004,7.36599999999999,3.30200000000002,2.28600000000006,0.253999999999905,0,4.06400000000008,2.28599999999983,2.28600000000006,4.31800000000021,8.63599999999974,6.09600000000023,0,0,2.53999999999996,9.65199999999982,12.4460000000001
553,"MAKAPULAPAI","RAWS","RAWS","MO",22.86,21.20333333,-156.9661111,"USR0000HMAK","MKPH1","FA9024CE",NA,NA,0,0,0,0,0.50800000000001,0,0,0,0,0,0.253999999999991,1.01599999999999,0.762,0.762000000000015,0.507999999999996,NA,NA,NA,NA,0,0,0,0.507999999999996,1.77800000000001,0,0,0,0.507999999999996,0.254000000000005,0.253999999999991
656,"LANAI AIRPORT 656","HAWN AIRLINES","NWS","LA",396.2,20.7882389,-156.946639,"USC00515275","PHNY",NA,NA,NA,0,0,0,0,0,0,0,0,0.254,0,0,0,NA,0,NA,NA,NA,NA,NA,0,0,0,0,0,9.398,11.684,0,0,0,0
672.1,"Lanai City","NWS","HydroNet-UaNet","LA",498.0432,20.8262997,-156.9182,"USC00515286","LANH1","50A2F716",NA,NA,1.27,3.048,0.254000000000001,0,0,0,0,0,3.556,0,0,0,0,0,0,0,0,0,0,0,0.762,0,0,0.254000000000001,19.558,4.064,0,0,0,0
679,"LANAI 1","RAWS","RAWS","LA",387.096,20.87333333,-157.0063889,"USR0000HLAN","LNIH1","48702336",NA,NA,1.27,0,0,0,0,0,0,0,0,0,0,0,0,0.507999999999996,0.253999999999991,0,0,0,0,0.762,0,0,0,0,6.34999999999999,5.08000000000001,0,0,0,0
702.7,"Kapolei-Kalaeloa AP","NWS","NWS","OA",15,21.31667,-158.06667,"USW00022551","PHJR",NA,NA,NA,0,0,0,0,0,0,0,0,0,0,0,0,0,0,0.154860778089924,0,0,0,0,0,0,0,0,0,0,0,0,0,0,0
702.8,"PTWC","NWS","HydroNet-UaNet","OA",1.524,21.3150005,-157.9992,NA,"PTWH1",NA,NA,NA,0,0,0,0,0,0,0,0,0,0,0,0,0,0,0.33579784059266,0,0,0,0,0,0,0,0,0,0,0,0,0,0,0
703,"HONOLULU INTERNATIONAL AIRPORT","USWB","NWS","OA",2.1,21.324,-157.9294,"USW00022521","PHNL",NA,NA,NA,0,0,0,0,0,0,0,0,0,0,0,0,NA,0,NA,NA,NA,NA,NA,0,0,0,0,0,0,0,0,0,0,0
721.4,"Palolo Fire Stn","NWS","HydroNet-UaNet","OA",59.436,21.2996006,-157.7944,"USC00517662","PFSH1","19014414",NA,NA,0,0,0,0,0,0,0,0,0,0,0,0,0,0.253999999999451,1.52400000000034,1.52399999999989,2.28600000000006,0,0,1.26999999999953,1.27000000000044,2.03200000000015,2.79399999999987,1.52399999999989,0,0,0.253999999999905,1.27000000000044,4.06399999999985,3.30199999999968
723.8,"Niu Valley","NWS","HydroNet-UaNet","OA",19.812,21.2896996,-157.7332,"USC00516865","NIUH1","1900D38C",NA,NA,0,0,0,0,0,0,0,0,0,0,0,0,0,1.52400000000011,0.761999999999944,0.762000000000171,0,0,0,0,0,0,0,1.01599999999985,5.58799999999997,0.253999999999905,0,0.762000000000171,1.52399999999989,0.508000000000038
724.21,"Kamehame","NWS","HydroNet-UaNet","OA",242.316,21.3085995,-157.6791,NA,"KMHH1","190046EE",NA,NA,0,0,0,0,0,0,0,0,0,0,0,0,0,0.508000000000003,0.761999999999993,0,0,0,0,0,0,0,0.254000000000005,0,0,0,0,0.253999999999998,0.761999999999993,0.254000000000005
724.22,"Hawaii Kai Golf Course","NWS","HydroNet-UaNet","OA",8.8392,21.2991009,-157.6644,NA,"HAJH1","183024DA",NA,NA,0,0,0,0,0,0,0,0,0,0,0,0,0,0,1.016,0,0,0,0,0,0,0,0,0,0,0,0,0,0,0
728.2,"PALEHUA","RAWS","RAWS","OA",722.376,21.385,-158.1041667,NA,"PLHH1","4870F55E",NA,NA,0.507999999999981,0.254000000000019,0,0,0,0,0,0.253999999999962,0,0,0,0,0,0.254000000000019,0.254000000000019,1.01600000000002,0,0,0,0.253999999999962,0,0,0.254000000000019,0,0,0,0,0.253999999999962,0,0.254000000000019
740.5,"Kunia","NWS","HydroNet-UaNet","OA",85.0392,21.3869991,-158.0358,NA,"KUNH1",NA,NA,NA,0,0,0,0,0,0,0,0,0,0,0,0,0,0,0.893617384927016,0.269296815135143,0,0,0,0,0,0,0,0,0,0,0,0,0,0
742.4,"HONOULIULI PHB","FWS","RAWS","OA",1.524,21.35666667,-158.0205556,NA,"HOFH1","327BF39A",NA,NA,0,0,0,0,0,0,0,0,0,0,0,0,0,0,0.253999999999905,0,0,0,0,0,0,0,0,0,0,0,0,0,0,0
752.6,"WAIAWA PHB","FWS","RAWS","OA",1.524,21.38694444,-157.9811111,NA,"WWFH1","3274C092",NA,NA,0,0,0,0,0,0,0,0,0,0,0,0,0,0,2.53999999999991,0.254000000000076,0,0,0,0,0,0,0,0,0,0,0,0,0.507999999999981,0.253999999999962
772.3,"MoanaluaRGNo.1atalt1000","USGS","USGS","OA",304.8,21.39338889,-157.8401111,NA,"MOGH1","1689664A",NA,NA,2.286,16.51,0.254,0,1.778,0,0.254,0,0,0,0,3.302,2.48754766290198,6.096,9.65099945148771,19.6023504064504,8.92219085082561,1.49942206092954,0.094613573471769,2.794,4.318,4.826,0,9.398,1.778,0.254,0.254,1.72522162944116,6.858,8.636
772.5,"Moanalua Stream","USGS","HydroNet-UaNet","OA",72.2376,21.3736,-157.8801,"USC00516400","MOAH1","1900B66A",NA,NA,2.28599999999994,0.254000000000019,0,0,0,0,0,0.254000000000019,0,0,1.524,7.11200000000008,1.52399999999989,2.03200000000004,6.34999999999991,5.8420000000001,5.08000000000004,0.253999999999905,0,3.81000000000006,7.11199999999997,1.01599999999996,1.01600000000008,2.53999999999996,0.254000000000019,0,0,1.01599999999996,4.572,4.572
781.12,"Luluku","NWS","HydroNet-UaNet","OA",84.1248,21.3875008,-157.8099,NA,"LULH1","93215162",NA,NA,1.77800000000001,0.762,0,0,1.778,0.254000000000005,0,0,0,0,0,0,0.507999999999988,0.508000000000003,10.16,8.636,2.032,0,0,0.254000000000005,2.03199999999999,0.507999999999996,0.254000000000005,6.858,0.50800000000001,1.77799999999999,0,0.507999999999996,3.048,3.55600000000001
782.3,"Nuuanu Upper","NWS","HydroNet-UaNet","OA",248.412,21.3502007,-157.8184,"USC00516938","NUUH1","156097FE",NA,NA,4.06400000000008,2.79399999999998,0,0,0,0,0,0,1.01599999999996,0,0,7.11199999999997,1.52400000000011,3.30199999999991,5.58799999999997,19.3040000000001,11.176,0,0,3.30199999999991,8.8900000000001,3.55599999999993,2.28599999999994,13.4620000000001,3.30199999999991,0,0,1.52400000000011,4.31799999999987,8.8900000000001
785.11,"WAIHI STREAM NEAR HONOLULU 3NE","USGS","USGS","OA",108,21.3283,-157.801,NA,"WISH1","16EA459A",NA,NA,0,0,0,0,0,0,0,0,0,0,0,0,0,0,0,NA,0,0,0,0,0,0,0,0,0,0,0,0,0,0
785.4,"Manoa Lyon Arbo","NWS","HydroNet-UaNet","OA",151.7904,21.3330002,-157.8024,"USC00516128","MNLH1",NA,NA,NA,4.064,8.89,0,0,0.254,0,0,0,1.016,0.508,0,7.874,1.9841717379396,2.286,7.27529637244464,25.1328420138999,14.5505927448894,0,0,0.762,0.254,4.62973405519198,2.97625760690911,21.844,0.254,0,2.54,2.54,10.16,10.668
787.2,"Maunawili","NWS","HydroNet-UaNet","OA",127.1016,21.3509998,-157.7668,NA,"MAUH1","19007374",NA,NA,0,2.79399999999998,0,0,2.28599999999994,0,0,0,0,0,0,0,0.254000000000019,1.524,1.77800000000002,11.938,1.26999999999998,0,0,0,0.508000000000038,4.572,1.524,6.85799999999995,1.01600000000008,0.507999999999925,0,1.524,2.54000000000008,1.26999999999998
788.2,"St Stephens Seminary","NWS","HydroNet-UaNet","OA",142.9512,21.3666992,-157.7786,NA,"STVH1","19005598",NA,NA,0.254000000000019,1.77800000000002,0,0,4.82600000000002,0,0,0,0,0,0,0.507999999999925,0,1.2700000000001,2.03200000000004,11.6839999999999,0,0.254000000000019,0,1.2700000000001,0.507999999999925,3.30200000000002,0.762000000000057,7.36599999999999,2.03199999999993,0.508000000000038,0,0.254000000000019,3.30199999999991,0.508000000000152
790.11,"Olomana Fire Stn","NWS","HydroNet-UaNet","OA",45.1104,21.3777008,-157.7507,"USC00517052","OFSH1","19011468",NA,NA,0,0.507999999999999,0,0,0,0,0,0,0,0,0,0,0,1.016,0.507999999999997,6.096,0,0,0,0,0,1.27,0.254000000000001,3.302,0.761999999999997,0,0,0,2.286,0
793.2,"BELLOWS AFS AT WAIMANALO","NWS","STATE","OA",6.66,21.3667,-157.717,NA,"BELH1","B14036D2",NA,NA,0,0,0,0,0,0,0,0,0,0,0,0,0,0,0,0,0,0,0,0,0,1.524,0,0,0,0,0,0,1.01600000000002,0
795.3,"Waimanalo Nonokio","NWS","HydroNet-UaNet","OA",20.1168,21.3356991,-157.7116,NA,"WMLH1","224185AC",NA,NA,0,0,0,0,0,0,0,0,0,0,0,0,0,0.762,2.03200000000001,0.762,0,0,0,0,0,0,0,0,0,0,0,0,1.01600000000001,0
801.1,"Waianae Kawiwi","MT VIEW DAIRY","HydroNet-UaNet","OA",19.812,21.4566994,-158.18,NA,"WAIH1","1562920A",NA,NA,0,0,0,0,0,0,0,0,0,0,0,0,0,0,0,0.508,0,0,0,0,0,0,0,0,0,0,0,0,0,0
801.2,"WAIANAE BOAT HARBOR","NWS","STATE","OA",4.25,21.4503,-158.184,NA,"WBHH1","15D13434",NA,NA,0,0,0,0,0,0,0,0,0,0,0,0,0,0,0,0,0,0,0,0,0,0,0,0,1.52400000000034,0.253999999998996,0,0,0,0
803.2,"WAIANAE VALLEY","RAWS","RAWS","OA",291.6936,21.48055556,-158.1552778,"USR0000HWVA","WNVH1","487005DA",NA,NA,0,0,0,0,0,0,0,0,0,0,0,0,0,0,0.253999999999962,2.54000000000002,3.048,0,0,0.254000000000019,0,0.253999999999962,0,0,0,0,0,0.508000000000038,0,0
804,"Lualualei","US VY","HydroNet-UaNet","OA",35.9664,21.4211006,-158.1352,"USC00515647","LUAH1","8170406C",NA,NA,2.54000000000008,0,0,0,0,0,0,0,0.253999999999905,0.254000000000133,2.28599999999994,3.55600000000004,1.01599999999996,0.761999999999944,0.254000000000019,2.54000000000008,0,0,0,3.80999999999995,3.80999999999995,0,1.77800000000002,1.01600000000008,0,0,0,0,1.524,3.048
810.1,"WHEELER ARMY AIR FIELD 810.1","COOP","NWS","OA",255,21.48722,-158.02806,"USW00022508","WAFH1","B14101B2",NA,NA,0.253999999999451,0,0,0,0,0,0,0,0,0,1.77799999999979,1.01600000000008,0.25400000000036,0,2.28600000000006,0.507999999999811,1.01600000000053,0.507999999999356,0,0,0.508000000000266,0.253999999999905,1.01599999999962,0.25400000000036,0,0,0,2.53999999999996,3.8100000000004,0.253999999999451
820.6,"Mililani","NWS","HydroNet-UaNet","OA",226.7712,21.4638004,-157.9991,"USC00516261","MITH1",NA,NA,NA,0,0.254,0,0,0,0,0,0,0,0,0.254,1.524,0.826619912035295,0,2.87675951621469,2.13387474308231,1.92085541668799,0.17768454445051,0,0.508,0.254,0.508,0.254,0,0,0,0,0.508,0.762,0.254
824.2,"Waipio","NWS","HydroNet-UaNet","OA",124.968,21.4199009,-158.0058,NA,"PECH1",NA,NA,NA,0,0,0,0,0,0,0,0,0,0,0.254,0,0,0,1.02053285043656,0.338653138422807,0,0.0634155741951006,0,0.508,0,0,0.254,0,0,0,0,0.254,0.762,0.762
828,"SCHOFIELD EAST","RAWS","RAWS","OA",381,21.49944444,-157.9933333,"USR0000HSCH","SCEH1","325AB384",NA,NA,1.26999999999953,0.254000000000815,0,0,0,0,0,0,0,0.761999999999716,0.762000000000626,6.60399999999936,2.03200000000015,0.507999999999811,5.58799999999974,2.53999999999996,2.54000000000087,0,0,2.79399999999987,6.60399999999936,5.58799999999974,1.52400000000034,1.27000000000044,0,0,0,14.2240000000002,14.9859999999999,3.8100000000004
834.13,"Waiawa CF","NWS","HydroNet-UaNet","OA",235.6104,21.4440994,-157.9669,"USC00519257","WAWH1",NA,NA,NA,2.286,0.762,0,0,0,0,0,0,0,0,4.826,6.604,1.18153523650265,0.508,4.94309264422018,3.88124484290577,3.99235176661963,0.101493579062772,0,3.556,4.572,0.762,2.286,1.016,0,0,0,3.048,9.652,2.286
835.2,"Palisades","NWS","HydroNet-UaNet","OA",261.8232,21.4298,-157.9452,NA,"PACH1",NA,NA,NA,1.524,1.016,0,0,0,0,0,0,0,0,1.778,3.81,1.43702239984574,0,5.05296781637124,6.51681048141577,4.73369143096958,0.0995297227397069,0,0,8.128,0.762,2.032,4.826,0,0,0,0,5.30264612539003,0.254
837.12,"WAIAHOLE STREAM NEAR KAHALUU 2N","USGS","USGS","OA",4,21.48194,-157.8458,NA,"WHSH1","162B784C",NA,NA,0.253999999999991,0.762000000000015,0,0,0,0,0,0,0,0,0,0,0.507999999999996,0,1.016,3.302,2.794,0.253999999999999,0,0,1.27,3.048,0.254,2.286,0,0,0,0,2.286,0.762000000000004
839.15,"Ahuimanu Loop ","NWS","HydroNet-UaNet","OA",74.0664,21.4319992,-157.8373,NA,"AHUH1","15CE7632",NA,NA,0.507999999999981,4.06399999999996,0,0,2.54000000000002,0.254000000000019,0,0,0,0,0,0,0.254000000000019,1.01599999999996,9.90600000000001,5.84200000000004,1.26999999999992,0,0,2.03200000000004,0.507999999999981,7.11200000000002,0,9.14400000000001,5.58800000000002,0,0,0,5.334,4.82599999999991
839.8,"Waihee Pump","USGS","HydroNet-UaNet","OA",64.3128,21.4463997,-157.8584,"USC00519286","WPPH1","195042AC",NA,NA,4.572,3.048,0.254000000000019,0,10.16,0,0,0,0.254000000000019,0,0,0.762,1.524,2.03199999999998,9.14400000000001,16.002,2.28600000000006,0.507999999999981,0,2.286,3.81,6.35000000000002,0.761999999999944,3.30200000000002,2.286,0,1.01600000000002,0.507999999999981,7.62,7.87400000000002
841.2,"KUAOKALA","S&PF","RAWS","OA",267.0048,21.57027778,-158.26,NA,"KKRH1","48710720",NA,NA,0,0,0,0,0,0,0,0,0,0,0,0,0,0,0,0.253999999999991,0,2.79400000000001,0,0,0,0,0,0,0,0,0,0,0,0
842.1,"MakahaRainGage","USGS","USGS","OA",286.097472,21.50158333,-158.1801667,NA,"MKHH1","DD1423F8",NA,NA,0,0,0,0,0,0,0,0,0,0,0,0,0,0,0,0.507999999999999,1.016,0.762,0.253999999999994,0,0,0,0,0,0,0,0,0,0,0
842.8,"MAKUA RANGE","RAWS","RAWS","OA",6.096,21.52861111,-158.2261111,"USR0000HMAR","MKRH1","3266B468",NA,NA,0,0,0,0,NA,NA,NA,0,0,0,NA,NA,NA,NA,NA,1.01599999999999,0,1.01600000000002,0,0.253999999999991,0,0,0,0,0,0,0,NA,0,0
842.9,"MAKUA RIDGE","RAWS","RAWS","OA",533.4,21.54277778,-158.1988889,"USR0000HMRG","MKGH1","3266C2F8",NA,NA,0.254000000000019,0,0,0,0,0,0,0,0,0,0,0,0,0,2.53999999999996,1.01599999999996,0,2.03200000000004,0,0.507999999999925,0.254000000000133,0.253999999999905,0.254000000000019,2.79399999999998,1.01599999999996,0,0,0,0.508000000000038,0
843.7,"DILLIINGHAM","RAWS","RAWS","OA",31.0896,21.57194444,-158.1986111,NA,"DLGH1","3278D278",NA,NA,0,0,0,0,0,0,0,0,0,0,0,0,0,0,0.762,0,0,1.27000000000001,0,1.01599999999999,0,0,0,0.254000000000019,0,0,0,0,0,0
855.3,"Poamoho Exp Farm","NWS","HydroNet-UaNet","OA",220.0656,21.5382004,-158.0893,NA,"POAH1",NA,NA,NA,0,0,0,0,0,0,0,0,0,0,0,0.254,0,0,0.937854160701604,0.375141664280633,0,0.87442196824453,0,3.302,0,3.81,0.762,0,0,0,0,0,0,2.032
858,"SCHOFIELD BARRACKS","RAWS","RAWS","OA",298.704,21.495,-158.0819444,"USR0000HSCO","SCBH1","3266A71E",NA,NA,0.254000000000019,0,0,0,0,0,0,0,0,0,0,0,0,0,0,0,0,0.253999999999991,0,0,0.254000000000019,0,0,0,0,0,0,0.762,0.507999999999981,0.253999999999991
884.4,"PunaluuRainGageatalt","USGS","USGS","OA",73.152,21.55644444,-157.899,NA,"PNSH1","DD989652",NA,NA,1.77800000000025,5.33399999999983,0.50800000000072,0,0.253999999999905,0.253999999999905,0,0,0,0,1.77799999999934,1.27000000000044,2.79399999999987,1.52399999999943,6.60400000000118,8.1279999999997,8.1279999999997,3.30199999999968,0.254000000000815,12.445999999999,2.03200000000106,7.36599999999908,0.50800000000072,2.28600000000006,1.77799999999934,0,0,0,4.82600000000002,12.9539999999997
885.7,"OAHU FOREST NWR","RAWS","RAWS","OA",698.9,21.47747,-157.9369,NA,"OFRH1","8379F6FA",NA,NA,3.30200000000002,1.26999999999998,0,0,0,0,0,0,0,1.77800000000002,0.762000000000057,5.84199999999998,2.28600000000006,1.26999999999987,7.11200000000008,4.82600000000002,8.88999999999987,3.04800000000012,0,5.07999999999993,8.12800000000004,6.60400000000004,1.01599999999996,3.048,0,0,1.26999999999998,3.80999999999995,3.04800000000012,4.82599999999991
886.4,"KahanaRainGageatalt","USGS","USGS","OA",28.956,21.54041667,-157.8825556,NA,"KNRH1","17B972EE",NA,NA,2.286,2.54000000000002,0.254000000000019,0,1.01599999999996,0.507999999999981,0.0640485819589423,0,0,0,0.254,1.27,2.286,1.27,5.08,2.54,1.524,1.524,0,11.43,4.318,17.018,0.253999999999998,3.048,2.286,0,0,0,8.89,4.826
886.8,"Hakipuu Mauka","RILEY W","HydroNet-UaNet","OA",8.5344,21.5067005,-157.8547,"USC00510920","HAKH1","16C69380",NA,NA,0.254000000000133,1.77800000000002,0,0,0,0,0,0,0,0,0,1.52399999999989,0.254000000000133,1.26999999999998,5.58799999999997,5.08000000000015,1.01599999999985,1.01600000000008,0,3.04799999999977,1.27000000000021,10.922,0,4.06399999999985,0,0,0.253999999999905,0,3.30200000000013,0
897.11,"KamananuiRainGageatalt","USGS","USGS","OA",219.456,21.62238889,-158.0143056,NA,"KMRH1","DD34C1E4",NA,NA,2.032,1.27,0.254,0,0,0,0.0505396366571183,0,0,0.508,2.032,4.826,1.36591241319124,2.286,3.99686701021783,7.40220239384476,6.01590743605094,1.21893649347287,0.0564771924341902,7.874,6.35,6.35,1.778,3.302,3.048,0,0,0.987029792332555,3.302,7.112
897.9,"PupukeaRdRainGageatalt","USGS","USGS","OA",353.568,21.59902778,-158.0169167,NA,"PPRH1","1713D512",NA,NA,1.524,1.524,0,0,0,0,0,0.132770987327741,0,0.164979001741946,3.048,4.572,1.7732132816484,2.54,6.11140466862182,9.51783261137801,7.13918158800765,0.848094771439959,0.0550249064703571,10.16,6.096,6.35,3.81,3.81,0.508,0,0,0.531083949310904,4.318,9.906
905.22,"Punaluu Pump","NWS","HydroNet-UaNet","OA",3.9624,21.5842991,-157.8916,NA,"PUNH1","19051152",NA,NA,0,2.53999999999996,0,0,7.61999999999989,0,0,0,0,0.762000000000171,0,0,0.253999999999905,0.254000000000133,2.79399999999987,1.26999999999998,2.03199999999993,0,0,2.03200000000015,0,8.88999999999987,0.508000000000038,2.54000000000019,0,0,0.253999999999905,0,0,5.33400000000006
909,"KAHUKU TRAINING AREA","RAWS","RAWS","OA",181.6608,21.67916667,-157.9894444,"USR0000HKAH","KTAH1","325A861E",NA,NA,0.508000000000038,0.507999999999981,0,0,0,0,0,0,0,0,1.26999999999998,0,1.01600000000002,0.50800000000001,3.048,2.286,1.77799999999996,0.253999999999991,0,0.254000000000019,4.06399999999999,3.30200000000002,0.253999999999991,3.04800000000003,0,0,0,0.253999999999991,1.26999999999998,2.28599999999997
911.1,"KII","RAWS","RAWS","OA",1.524,21.68833333,-157.9525,"USR0000HKII","KFWH1","8375210E",NA,NA,0,0.762,0,0,0,0,0,0,0,0,0.254000000000019,0,0.253999999999991,0,0.761999999999972,3.30200000000002,0.762,0,0,1.77799999999999,0.507999999999981,4.31800000000004,0,2.53999999999999,0,0,0,0,2.03199999999998,0
912,"KAUHUKU 912","KUILIMA  GOLF","COOP","OA",4,21.695,-157.9811,"USC00512570","KAHH1","B1404042",NA,NA,1.27000000000044,1.52399999999943,0,0,0,0,0,0,0,0,0,0,0.25400000000036,0,1.26999999999998,1.77799999999979,0.508000000000266,0,0,2.79399999999987,0,6.85799999999972,0,1.52400000000034,0,0,0,0,3.55600000000004,0
926,"PORT ALLEN CAA AIRPORT","FAA","COOP","KA",9,21.89381249,-159.6010997,"USW0022526","PAKH1","B159A272",NA,NA,NA,NA,NA,NA,NA,NA,NA,NA,NA,NA,NA,NA,NA,NA,NA,NA,NA,NA,NA,NA,NA,NA,NA,0,0,0,0,NA,NA,0.254
940.3,"POIPU","NWS","STATE","KA",14.8,21.8828,-159.429,NA,"POIH1","B15997E8",NA,NA,0.254000000000019,0,0,0,0.253999999999991,0,0,0,0,0,0,0,2.53999999999999,0.254000000000019,5.84199999999998,2.53999999999999,0.254000000000019,0,0.253999999999991,0,0,0,0,1.016,0.254,0,0,0,0,0.254
946,"WAIMEA HTS","RAWS","RAWS","KA",159.7152,21.96638889,-159.6638889,NA,"WHGH1","487090B8",NA,NA,0,0,0,0,0,0,0,0,0,0,0,0,0,0,0,0,0,4.57199999999997,0,0,0,0.50800000000001,0,0,0,0.253999999999991,0.254000000000019,0,0,0
946.1,"WAIMEA TANK AT WAIMEA","NWS","unknown","KA",70,21.964722,-159.666944,NA,"WMTH1","1900E616",NA,NA,0,0,0,0,0,0,0,0,0,0,0,0,0,0,0,0,0,2.53999999999996,0,0,0,1.01599999999985,0,0,0,0,0,0,0,0
966.4,"Hanapepe","NWS","HydroNet-UaNet","KA",110.6424,21.9365005,-159.5866,NA,"HNPH1","156011EA",NA,NA,0,0,0,0,0,0,0,0,0,0,0,0.254000000000001,0,0,1.27,0.762,0,0,0,0,0,0,0,0,0,0,0,0,0,1.778
986.2,"Kalaheo","KUKUILONO GOLF COU","HydroNet-UaNet","KA",263.0424,21.9183006,-159.5265,NA,"KHEH1","1560740C",NA,NA,2.28600000000006,0,0,0,0.507999999999811,0,0,0,0,0,1.01600000000008,0,2.03200000000015,0.507999999999811,4.57200000000012,2.79399999999987,0.508000000000266,0.253999999999905,0,0,0.762000000000171,4.31799999999976,0.508000000000266,2.28600000000006,0,0.507999999999811,0.507999999999811,0,0.508000000000266,2.79399999999987
992.1,"Omao","NWS","HydroNet-UaNet","KA",99.9744,21.9071007,-159.4768,"USC00517116","OMAH1","195001A6",NA,NA,3.04799999999977,0,0,0,0.25400000000036,0,0,0,0,0,0.762000000000171,0,2.28600000000006,0.507999999999811,6.85799999999972,6.096,0.508000000000266,5.84199999999964,0.508000000000266,0.507999999999811,1.52400000000034,1.01599999999962,5.8420000000001,1.77800000000025,0,2.2859999999996,0.25400000000036,0,0.761999999999716,3.30200000000013
1020.1,"LIHUE WEATHER SERVICE OFFICE AIRPORT 1020.1","LIHUE WEATHER SERVICE OFFICE AIRPORT 1020.1","NWS","KA",45,21.98156999,-159.3422063,"USW00022536","PHLI",NA,NA,NA,2.794,0,0,0,0,0,0,0,0,0,0,0,2.15458115250211,1.27,4.19576329697804,5.10295536118948,1.36078809631708,3.28857123276652,0,0,0.508,0.762,0,1.27,0.508,0,0.508,0,0.254,0
1029,"MANA","RAWS","RAWS","KA",26.2128,22.02944444,-159.7622222,NA,"MNRH1","4870603C",NA,NA,0,0,0,0,0,0,0,0,0,0,0,0,0,0,0,0,0.253999999999991,0,0,0,0,0,0,0,0,0,0,0,0,0
1036,"PUU OPAE","RAWS","RAWS","KA",652.8816,22.04083333,-159.6958333,NA,"POPH1","4870734A",NA,NA,0,0,0,0,0,0,0,0,0,0,0,0,0,0,0,0.253999999999991,4.572,0.253999999999991,0,0,0,1.01600000000002,0,1.01599999999999,0,0,0,0,0,0.507999999999981
1042,"WaialaeRainGagenrWaimea","USGS","USGS","KA",1219.2,22.08972222,-159.5925,NA,"WLGH1","DDF7C28E",NA,NA,0.254000000000019,0,0.254000000000019,0,0.253999999999991,0.253999999999991,0,0.253999999999991,0.253999999999991,0,0.253999999999991,4.82600000000005,1.26999999999995,0,10.414,5.08000000000001,0.50800000000001,6.096,0.253999999999991,0,1.26999999999998,4.57200000000003,1.26999999999995,2.286,0,1.77800000000002,0,0,3.04799999999997,20.32
1047,"Mt.WaialealeRainGagenrLihue","USGS","USGS","KA",1569.72,22.07088889,-159.4979722,"USC00516565","WLLH1","DD5E818E",NA,NA,33.2739999999999,0.762000000000171,0.253999999999905,0,2.03200000000015,0,1.01600000000008,0.507999999999811,0.253999999999905,0.508000000000266,1.77799999999979,13.7160000000003,16.2559999999999,5.07999999999993,34.29,30.7339999999999,25.4000000000001,83.8200000000002,29.4639999999999,23.6220000000003,18.288,75.4379999999996,13.9699999999998,22.098,1.27000000000044,25.4000000000001,6.85799999999927,4.31800000000067,12.6999999999998,60.4519999999998
1051,"NWailuaDitchRainGagenrLihue","LIHUE PLANTATION","USGS","KA",338.328,22.0625,-159.4677222,"USC00516888","WLDH1","1732B3E0",NA,NA,10.414,0.254000000000019,0,0,1.26999999999998,0,0.254000000000019,0,0,0,0,4.82600000000002,8.38199999999995,0.254000000000019,16.256,8.12800000000004,7.62,33.02,3.048,14.224,10.16,38.0999999999999,4.572,6.09600000000012,0.253999999999905,14.224,4.06400000000008,2.53999999999985,8.38200000000006,22.86
1052.3,"Waiahi Rain Gage","USGS","USGS","KA",248,22.0227,-159.4651,NA,"WIRH1",NA,NA,NA,7.62,0,0,0,0.762,0,NA,0,0,0.254,0,1.524,NA,0.762,NA,NA,NA,NA,NA,5.334,13.716,23.876,2.032,7.366,0.762,5.08,1.016,NA,8.89,16.256
1059,"Lihue Variety Stn","NWS","HydroNet-UaNet","KA",117.0432,22.0240002,-159.3868,NA,"LIHH1","1561501A",NA,NA,4.82600000000002,0.507999999999981,0.254000000000019,0,0.761999999999944,0,0,0,0,0.508000000000038,0.254000000000019,0,2.79399999999998,0.254000000000019,8.12799999999999,6.60399999999998,0.254000000000019,0.761999999999944,0,1.77800000000002,2.54000000000002,4.572,3.55599999999998,12.192,0.254000000000019,2.03199999999998,1.01600000000002,1.52399999999994,0.254000000000076,5.33399999999995
1060,"Wailua UH Exp Stn","NWS","HydroNet-UaNet","KA",158.1912,22.0660992,-159.396,"USC00519475","WUHH1",NA,NA,NA,5.334,0,0,0,0,0,0,0,0,0,0,1.05125401065113,4.04850636845077,0.289291699447474,7.86937314949511,7.0346902428933,3.06364999961235,10.5852474435778,0.663949901463869,4.15126430796278,3.7339228546616,12.9786245881411,1.93177501616429,4.4863941063215,0.0553291584553018,7.89466496383664,1.35319161726958,0.553291584553192,2.99567493398619,7.90415602338071
1061.5,"Wailua UH Exp Stn","NWS","HydroNet-UaNet","KA",158,22.066,-159.3962,NA,"WUHH1","15C163D6",NA,NA,5.33400000000029,0,0,0,0,0,0,0,0,0,0,0,4.82599999999979,0.508000000000038,9.39800000000014,11.4300000000001,3.04799999999977,7.36599999999999,0,2.28600000000029,3.30199999999968,10.1600000000003,2.03199999999993,6.85799999999995,0,10.4139999999998,1.0160000000003,0,2.53999999999974,6.35000000000014
1069,"PUU LUA","RAWS","RAWS","KA",1021.08,22.08916667,-159.6791667,NA,"PLRH1","487083CE",NA,NA,0.508000000000038,0,0,0,0,0,0,0,0.253999999999905,0,0,0,0,0,0.762000000000057,0.254000000000019,5.07999999999998,6.35000000000002,0.253999999999962,0,0,0.254000000000019,0,0.253999999999962,0,0.254000000000019,0,0,0,3.048
1074,"MAKAHA RIDGE","RAWS","RAWS","KA",544.9824,22.13055556,-159.7152778,"USR0000HMAH","MKAH1","3286026C",NA,NA,0,0,0,0,0,0,0,0,0,0,0,0,0,0,0,3.55599999999995,9.65200000000004,0,0,1.524,0,0,0,0,0,0,0,0,0,0.253999999999991
1076,"Kokee","NWS","HydroNet-UaNet","KA",1279.2456,22.1485996,-159.6448,NA,"KOKH1","1900E616",NA,NA,0,0,0,0,0,0,0,0,0,0,0,0,0,0,9.52367743370476,4.35730911096769,1.40791619910474,2.53999999999996,0,0,0,1.01599999999985,0,0,0,0,0,0,0,6.75545162758534
1082,"WaiakoaliRainGagenrWaimea","USGS","USGS","KA",1042.416,22.1245,-159.6220833,"519130","WKRH1","17B79574",NA,NA,0.254,0.254,0.508,0,0,0,0.254,0,0,0.254,0,0.508,0.781536605150294,0,6.94799480415893,3.11630130743866,4.31157099173897,3.54397241560599,0.0851910733532922,0.254,1.27,1.524,0.762,1.778,0,0.762,0.254,0.142232495353534,1.27,4.572
1083,"MoCrsgRainGagenrWaimea","USGS","USGS","KA",1042.416,22.11708333,-159.6009722,"USC00516433","MCRH1","D109224A",NA,NA,0.508,0,0,0,0.254,0,0,0,0,0,0,1.27,0.773684302227534,0,8.64511901610264,4.05158633651491,2.00513933593945,3.50836519673249,0.0843351363314346,0.254,1.524,3.048,0.762,2.794,0.254,1.27,0,0.140803448228146,2.032,8.128
1084,"KilohanaRainGafenrHanalei","USGS","USGS","KA",1219.2,22.15408333,-159.5946111,"USC00514610","KLOH1","DDCC972A",NA,NA,12.7,0,0,0,0.761999999999944,0.253999999999905,0.254000000000133,0.254000000000133,0,0.253999999999905,0.507999999999811,0.508000000000038,2.54000000000019,0.761999999999944,21.0819999999999,8.8900000000001,5.58799999999997,4.57200000000012,0,0,4.06399999999985,6.60400000000004,4.06400000000008,7.36599999999999,4.31799999999998,2.79399999999987,0,1.01600000000008,6.34999999999991,18.5420000000001
1094.2,"Kapahi","NWS","HydroNet-UaNet","KA",158.496,22.1021004,-159.3856,"USC00513171","KPIH1","15608488",NA,NA,5.58799999999974,0,0,0,0,0,0.254000000000815,0,0,0,0,0,5.07999999999811,0.762000000002445,19.5579999999991,5.07999999999811,3.30199999999968,4.06400000000212,0.254000000000815,1.77799999999661,1.27000000000226,14.985999999999,0.762000000000626,3.80999999999949,0.507999999999811,7.61999999999898,2.03200000000106,1.01599999999962,2.03200000000106,6.09599999999955
1111.4,"Anahola","HAWN FRUIT PACKERS","HydroNet-UaNet","KA",75.2856,22.1373997,-159.312,NA,"ANHH1","1560029C",NA,NA,NA,NA,NA,NA,NA,NA,NA,NA,NA,NA,NA,0.254,3.81,0.254,NA,0.762,1.016,0,NA,0,0,1.27,0.254,1.016,0,0,0.762,0,0,NA
1115.1,"PH Wainiha","NWS","HydroNet-UaNet","KA",35.052,22.1959991,-159.5563,NA,"WNHH1","15C03150",NA,NA,12.446,0,0,0,0,0,0,0,0,0,0.762,3.556,0.762,0.254000000000005,11.176,4.318,0.253999999999998,0.254000000000005,0,0.253999999999991,0.254000000000005,9.906,1.524,3.556,0,1.77799999999999,0,0.254000000000005,1.52400000000002,11.176
1117.8,"Hanalei","NWS","HydroNet-UaNet","KA",4.8768,22.1982002,-159.4951,"USC00513386","HNIH1","B159849E",NA,NA,6.096,0,0,0,0.254000000000005,0,0,0,0,0,1.27,1.26999999999999,1.01600000000001,0.507999999999996,8.12800000000001,3.556,0.507999999999996,0,0,0,1.524,9.398,0.762000000000008,7.11199999999999,0.254000000000005,2.032,0.762,0,3.048,12.446
1117.9,"PRINCEVILLE AIRPORT NEAR KILAUEA 4W","NWS","STATE","KA",88.497,22.2114,-159.443,NA,"PRIH1","15D696F8",NA,NA,0,0,0,0,0,0,0,0,0,0,0,0,NA,0,NA,NA,NA,NA,NA,0,NA,NA,NA,NA,NA,NA,NA,NA,NA,NA
1146,"Moloaa Dairy","RAWS","RAWS","KA",85.344,22.18333333,-159.3375,"USR0000HMOL","MLDH1","AAB6D15A",NA,NA,0,0,0,0,0,0,0,0,0,0,0,0,0,0,0,0,0,0,0,0,0,0,0,0,0,0,0,0,0,0
54.8,"Nahuku 0201","HiMesonet","HavoNet","BI",1202,19.415215,-155.238394,NA,"004HI",NA,NA,NA,0,1.29938316626022,1.63524716126606,6.21589249238962,6.19077224837521,0.263490121684457,0.05063543968578,0,2.68487019633029,0.460319125237563,3.4244071484519,1.52967408707496,0.430011558816926,3.02477366976379,2.29225282036237,3.45677227882527,11.1055861761183,7.12931177705548,0,4.09186820049813,2.55789191860365,3.60291478560229,2.17280304428246,0.86711117634026,3.87238037886867,3.82036963566655,1.03507843069725,4.23768615114928,4.62741079862279,0.532692998558949
87.9,"IPIF","HiMesonet","HIPPNET","BI",112,19.69748,-155.0954,NA,"005HI",NA,NA,NA,0,7.62526284891964,7.51350173796649,31.6253540586825,9.51658063520755,0.278171191680641,0,0,2.55844093734281,1.68972207571454,6.57861699426426,0.589915496028024,1.43426329578818,8.24885078676191,2.34341270726505,5.25168451467711,20.0307787047044,7.52903524188191,0.254634591545733,18.3704987965053,8.73585995911637,9.62865851287736,3.03298665901168,4.23999810512278,18.7927699285327,1.79623060345928,4.82288876861951,1.47648112332107,9.44468972814932,2.42275580931615
93.13,"Mamalahoa","HiMesonet","HIPPNET","BI",603,19.80258,-155.850629,NA,"009HI",NA,NA,NA,0,0,0,0,20.8032032332644,0,0,0.554752086220365,0.554752086220427,0.277376043110183,0,0,0,0,0,2.49638438799173,0,NA,0,3.60588856043253,3.60588856043249,0,0.277376043110183,0.554752086220427,18.3068188452727,16.6425625866116,0,0,0,0
127.5,"Laupahoehoe","HiMesonet","HIPPNET","BI",1152,19.93217,-155.29129,NA,"007HI",NA,NA,NA,0,5.67934737388934,7.77236389141179,31.8424788724404,4.69129380249774,0,0,0,1.29465718953201,0.46413577168422,4.09922161713947,0.366385646163607,5.84633187512352,14.7569827099473,3.04534385257243,6.97010980701974,26.2586213827239,6.17823990525198,0.368260581504203,10.1688022821888,3.64000881663906,8.75045277056347,3.49017014111994,3.0189893524614,10.5101770700305,4.19620453173752,1.99019717673151,0.852335348373381,9.48970895013393,7.47280529024555
132.2,"Spencer","HiMesonet","HIPPNET","BI",469,19.96358,-155.25014,NA,"006HI",NA,NA,NA,3.10143697974769,10.1844290197407,11.0495418663533,42.0578126643021,7.89266504087275,0.073843737613012,1.25534353942167,0.073843737613012,3.63921672338126,3.64550140258481,11.1357221902195,7.42477456016755,7.73603827713455,20.4632635822185,2.76155492285754,9.03252299883737,26.4850088994311,7.37520304128748,0.433523879053869,13.1262823467654,6.42296552230264,8.63538295205275,2.85100587297599,2.51831811986791,10.3139298636977,4.53229943485177,2.09314996511259,1.30657206230576,16.7212227457736,10.2291498282414
279,"POHAKAU PALAHA HN-161","HiMesonet","HaleNet","MA",2460,20.730574,-156.141316,NA,"043HI",NA,NA,NA,1.09968525558112,1.65655433331152,0.221944608241841,2.56158062223526,2.07124317363604,0.036321582331625,0,0.0733123503719372,3.45365641343951,3.32667793486437,4.5257234592954,7.4379523904561,3.21637481645184,1.32626383962772,3.98074875185289,6.73541013270732,10.0424379780385,5.11713857309315,0.254920262031086,17.196265680878,6.48599037041488,7.86042379690232,3.20953594529614,3.50090524580674,8.14535676750707,4.4110183759401,5.66464687666361,1.73455098364351,8.23621100197627,6.69301972327548
324.6,"KULA AG HN-119","HiMesonet","HaleNet","MA",964,20.757889,-156.320028,NA,"001HI",NA,NA,NA,0,0,0,0.269206202781568,10.2298357056851,0.538412405562172,0,0,0.269206202781085,0,0,0,0,0,0,0,0,0,1.07682481112483,1.07682481112483,4.30729924449882,0.269206202781085,0,0,5.65333025840522,0.269206202781085,0,0,0,0
705.12,"Aloha Tower","NWS","HydroNet-UaNet","OA",38.1,21.3034,-157.8627,NA,"ALOH1",NA,NA,NA,0,0,0,0,0,0,0,0,0,0,0,0,0,0.0689497125369643,0.827396550445544,0.8273965504453,1.24109482566807,0,0,0.344748562685439,0.344748562685686,0.551597700296947,0.758446837908211,0.41369827522265,0,0,0.0689497125370876,0.344748562685686,1.10319540059377,0.896346262982386
771.11,"N.HalawaValleyRGattunnel","USGS","USGS","OA",335.28,21.40488889,-157.8504444,NA,"TNLH1","DD75A524",NA,NA,4.1942662529493,10.601053885278,0.0941382242069419,0,0.749842216332119,0,0.0941382242069419,0,0.836755558771677,0.181749293767052,0,7.35370976674268,2.7658266096345,4.61527435944047,10.7306450809278,21.7952416245527,9.92030554408047,1.66716059235378,0.10519787943904,2.84622956344907,5.83222295673051,7.1898776548984,1.51421042476071,17.5689887965382,2.28792737285425,0.0941382242069419,1.0028846930422,1.91822008534249,8.18806005668818,11.1584332904731
883.12,"PoamohoRainGageNo1,nrWaawa","USGS","USGS","OA",755.904,21.53386111,-157.9213889,NA,"PMHH1","DD9836AA",NA,NA,3.46584207318314,2.48522518660942,0.291056495483876,0,0.513486978193987,0.256743489096994,0,0,0,0.868687082897346,1.66270014389998,5.51805532817329,3.04761055171388,2.49410546760833,7.56221026548299,6.23105819448537,6.95943997292357,3.11238455996809,0.108519425015963,12.3722917294692,8.73317594397316,14.6860623876612,1.5776321902541,4.58676426421595,3.10756271216089,0,0.388083986447573,1.16425195934272,7.53931438883153,8.46895532111251
