"SKN","Station.Name","Observer","Network","Island","ELEV.m.","LAT","LON","NCEI.id","NWS.id","NESDIS.id","SCAN.id","SMART_NODE_RF.id","X2021.12.01","X2021.12.02","X2021.12.03","X2021.12.04","X2021.12.05","X2021.12.06","X2021.12.07","X2021.12.08","X2021.12.09","X2021.12.10","X2021.12.11","X2021.12.12","X2021.12.13","X2021.12.14","X2021.12.15","X2021.12.16","X2021.12.17","X2021.12.18","X2021.12.19","X2021.12.20","X2021.12.21","X2021.12.22","X2021.12.23","X2021.12.24","X2021.12.25","X2021.12.26","X2021.12.27","X2021.12.28","X2021.12.29","X2021.12.30","X2021.12.31"
2.32,"SOUTH KONA 2 2.32","COOP","COOP","BI",647,19.10778,-155.78944,"USC00518652",NA,NA,NA,NA,30.5,6.1,NA,8.4,18,60.2,NA,NA,0,0,0,0,0,0,0,0,0,0,6.1,NA,4.1,3.3,7.4,NA,0,0,NA,0,0,NA,4.3
2.36,"KAPUA 2.36","COOP","COOP","BI",533,19.14472,-155.84944,"USC00513376",NA,NA,NA,NA,17.5,1.5,NA,11.2,23.1,NA,11.4,NA,NA,0,0,0,0,0.8,0,0,0,NA,NA,3.3,NA,7.1,NA,NA,0,0,2.8,0,0,0,1.3
3.22,"HAWAIIAN OCEAN VIEW 4.7 NNE","HAWAIIAN OCEAN VIEW 4.7 NNE","CoCoRaHS","BI",1273,19.135,-155.747,"US1HIHI0035",NA,NA,NA,NA,31.8,2.5,4.3,8.1,27.7,111.5,NA,NA,0,NA,0,0,0,1,0,0,0,NA,0.3,4.1,1.5,3.6,2.3,5.1,0.3,0,2.5,0.3,NA,1.5,0.3
3.9,"LOWER KAHUKU CS","LOWER KAHUKU CS","RAWS","BI",953.7192,19.10083333,-155.6697222,NA,"LKHH1","32D620C2",NA,NA,39.6240000000001,2.03199999999993,NA,9.39799999999991,111.252,69.3420000000001,11.9380000000001,12.6999999999998,2.28600000000006,1.52400000000011,NA,0,0,0,1.26999999999975,0.254000000000133,0,1.26999999999998,6.34999999999991,10.6680000000001,3.30199999999991,12.4460000000001,1.01599999999985,0.253999999999905,0,NA,0.253999999999905,0.508000000000038,4.82600000000002,2.03199999999993,11.1760000000002
4.12,"NAALEHU 4.6 WSW","NAALEHU 4.6 WSW","CoCoRaHS","BI",391,19.0424,-155.6354,"US1HIHI0001",NA,NA,NA,NA,53.6,3.8,7.1,6.4,34.5,51.6,26.2,19.1,5.1,0,0,0,0,0,0,0,0,2.3,1,3.3,7.32503150538584,5.48181143135916,1,0,0,0,0,1.8,0,0,5.3
4.14,"NAALEHU 4.7 WSW, HI US","CoCoRaHs","CoCoRaHs","BI",393.18,19.0421,-155.6371,"US1HIHI0057",NA,NA,NA,NA,51.1,5.3,10.4,NA,36.3,45.7,25.4,15.2,4.1,0.3,0,NA,0,0,NA,0,0,2,0.5,3.8,NA,5.6,NA,0,0,0,0,1.8,0,NA,5.1
4.15,"SOUTH POINT NEAR NAALEHU 12SSW","NWS","STATE","BI",295.78,18.9928,-155.668,NA,"SOPH1","B1507246",NA,NA,NA,1.27,NA,6.096,56.388,46.99,NA,8.382,3.81,0,0,0,0,0,0,0,0.508,NA,0.254,NA,0.762,3.81,0,0,0,0,0,0.508,0,0,13.97
6.2,"NAALEHU 5.7 W","NAALEHU 5.7 W","CoCoRaHS","BI",679,19.0732,-155.6632,"US1HIHI0012",NA,NA,NA,NA,44.2,5.8,9.59586316431793,8.64979214811757,59.4,67.8,46.6454756792744,11.2,5.01628350394534,1,1.3,0.3,0,0,0,0.5,0,2.5,2.5,11.4,9.9,6.9,3.6,3.3,0.3,0,6.9,1,0,4.8,8.1
9.2,"Nene Cabin","Nene Cabin","RAWS","BI",1991.7737,19.2564,-155.6144,NA,"NENH1","32D64524",NA,NA,26.162,NA,NA,6.8580322265625,209.296,152.908,NA,0.254000000000133,0,0,0,0,9.14400000000001,0,0.761999999999944,NA,NA,1.77800000000002,NA,4.31799999999998,2.28600000000006,NA,0.508000000000038,0.253999999999905,NA,4.82600000000025,4.06399999999985,1.777832046875,0,2.28599999999983,NA
12.15,"SEA MOUNTAIN 12.15","SEA MOUNTAIN","COOP","BI",21,19.13310292,-155.5152744,"USC00518600",NA,NA,NA,NA,48.3,4.83655060044,NA,NA,50.8,41.1,36.6195974033315,14.6823857513357,0,0,0,0,0,0,0,0,0,5.6,10.7,0,3.3,5.00928455045572,0,0,0,0,0,0,0,0,9.84583515089572
14,"NAALEHU 14","KAU SUGAR","COOP","BI",206,19.06032754,-155.5855501,"USC00516588",NA,NA,NA,NA,62.7,5.6,7.0293455342971,6.33631146753542,45.2,51.3,42.4,17,2.3,0,0,0,0,0,0,0,0,3.53080656705395,1.5,0.3,5.53652129964196,5.8,1.20906321332115,0,0,0,0,1.5,0,0,11.4
21,"Pahala","KAU SUGAR","HydroNet-UaNet","BI",346.8624,19.2042999,-155.4872,"USC00517421","PPLH1","B16084B2",NA,NA,23.8760000000001,NA,NA,9.14400000000001,92.4559999999999,79.5020000000001,6.096,2.54000000000008,0,0,0,0,0,0,0,0,6.60189694360447,1.0160000000003,0,0,1.52399999999989,7.11199999999985,0,0,0,0,0,0,0,1.52400000000011,39.116
23,"KAHUKU","RAWS","RAWS","BI",1796.4912,19.23222222,-155.78,NA,"KRCH1","32639544",NA,NA,15.24,NA,0.507999999999811,NA,108.966,NA,NA,0,0,0,0,0,0.508000000000266,1.01599999999985,0,0,0,0,NA,6.09599999999978,0.508000000000038,3.30199999999991,4.31799999999998,0,0,0.254000000000133,NA,0.508000000000038,0,0,0.254
26.2,"KEALAKEKUA 26.2","GREENWELL ESTATE","COOP","BI",442,19.48975723,-155.9122125,"USC00513977",NA,NA,NA,NA,0,0,6.80010941413022,26.7,41.0351430162979,5.39319022499885,0.703459594564848,0,0.468973063043651,0.82395560832722,0,8.67600166630315,0,8.04843384161397,3.52850227467376,0,0,1.3590621972431,NA,0,7.23730902949259,NA,1.84832458825062,0.468973063043231,2.344865315217,0,0,0,0,0,0
27,"HONAUNAU 27","TANAKA S","COOP","BI",332,19.4403158,-155.8788789,"USC00511665",NA,NA,NA,NA,0,0,NA,24.5573749808524,NA,NA,NA,0,0,1.3,0,NA,NA,5.1,1.3,0,0,2.5,NA,0,9.21533795546424,NA,5.1,0,NA,NA,0,0,0,0,0
27.6,"Honaunau No. 2","NWS","HydroNet-UaNet","BI",398.0688,19.4629002,-155.8824,NA,"HAUH1","15D12742",NA,NA,0.254000000000815,0,8.38199999999961,14.9860000000008,40.3859999999986,6.09600000000137,0.253999999998996,0,0.761999999998807,0,0,0.50800000000163,3.30199999999968,12.1920000000009,5.11323481395232,2.79399999999987,0,0,NA,2.28600000000006,4.85757307325392,NA,0,0,0,0,0,0.507999999999811,0,2.54000000000087,0
29.12,"Kealakekua","NWS","HydroNet-UaNet","BI",537.972,19.5181007,-155.9159,NA,"KLEH1","81708572",NA,NA,0,0,7.36600000000089,12.9539999999997,44.4499999999998,5.84199999999964,0.761999999999716,0,1.01600000000053,0.253999999999905,0,9.39800000000014,0,11.4299999999994,5.08000000000084,0,0,0,NA,0,4.82600000000002,2.02894917792211,0,1.01599999999962,2.53999999999996,0,0,0,0,0,0
34,"Kapapala Ranch","NWS","HydroNet-UaNet","BI",638.556,19.2754993,-155.4514,"USC00513300","KAYH1","B16097C4",NA,NA,20.5739999999996,NA,NA,13.2767292085108,123.952,107.696,1.77800000000025,2.28600000000006,0,0,0,0,0,0,0,0,9.65200000000004,3.8100000000004,1.01599999999962,0.253999999999905,10.1600000000008,10.3977727290182,0.254000000000815,0,0,0,0,0.253999999999905,0,6.35009765625,15
36.3,"KAPAPALA RANCH","KAPAPALA RANCH","RAWS","BI",1081,19.25811,-155.441781,NA,"KPRH1","AA10E258",NA,NA,22.979381319807,NA,NA,10.9219999999998,111.76,78.2320000000002,4.57199999999989,0.508000000000038,0,0,0,0,0,0,0,0,7.99544904645666,4.06400000000008,1.01599999999985,0,2.7940000000001,8.61322648689396,0.253999999999905,0,0,0,0.761999999999944,0,0,8.38200000000006,32.7659999999998
38.9,"KAELAKOMO","KAELAKOMO","RAWS","BI",29.5656,19.29277778,-155.1075,NA,"KMOH1","32807432",NA,NA,NA,0,0,NA,NA,NA,NA,3.556,0.762,0,0,0,0,0,0,0,1.016,4.318,NA,NA,NA,28.956,NA,0,0,0,8.63600000000001,0.253999999999991,0,NA,76.2
39,"Mauna Loa Observatory","NWS","ESRL/GMD","BI",3397,19.5362,-155.5763,"USC00516198","MOBH1",NA,NA,NA,4.3,2.3,0.5,NA,NA,NA,NA,0,0,0,NA,NA,NA,0,0,0,10.9,NA,NA,NA,11.4,NA,0.3,NA,NA,NA,NA,2.54,1.778,0.508,5.08
39.2,"MAUNA LOA 5 NNE","MAUNA LOA 5 NNE","USCRN","BI",3398,19.5354,-155.576,"USW00021514","MLBH1","CD07379A",NA,NA,4.9,0,0.7,NA,45.6,44,0,0,0,0,0,0,0,0,0,10.8,1.6,0.2,4.9,3.3,8.9,3.6,0,0,0,0,1,2.4,2.2,0.5,5.9
43.3,"PUHE CS","PUHE CS","RAWS","BI",34.126,20.025,-155.8211111,NA,"PHRH1","32D61558",NA,NA,0.762,0,3.55599999999998,12.7,NA,3.048,0,0,0,0,0,0,1.52399999999994,0.508000000000095,1.01599999999996,1.27000000000004,0,0,0,0,6.858,NA,0,0,NA,0,0,0,0,0,0
47,"KEMOKU LAVA FLOW","RAWS","RAWS","BI",1706.88,19.47555556,-155.3627778,"USR0000HKEA","KKUH1","FA4447E8",NA,NA,11.176,5.07999999999998,0.507999999999981,NA,198.374,142.494,0,2.53999999999996,0.254000000000019,0,0,0,0,0,0.761999999999944,0.254000000000019,3.30200000000002,4.31799999999998,NA,1.01600000000008,6.60399999999993,NA,0.762000000000057,0,0,0,1.01599999999996,1.26999999999998,0,7.87400000000002,NA
48,"PALI 2","RAWS","RAWS","BI",847.344,19.3175,-155.2922222,"USR0000HPAL","PLIH1","FA900222",NA,NA,35.5599365234375,NA,NA,NA,NA,NA,NA,1.5240478890625,0,0,0,NA,NA,0,NA,NA,NA,NA,NA,NA,2.031982421875,NA,NA,NA,NA,0,0.761962890625,0,0,12.446044921875,72.136
54.2,"Glenwood","HELBUSH XL","HydroNet-UaNet","BI",802.2336,19.5076008,-155.1707,"USC00510744","GLNH1",NA,NA,NA,4.94879420843008,5.93865129162619,0.13087200710996,14.4255121145333,45.3470264438478,89.4679007753538,0.667093308635896,9.63442912243132,3.53339757753517,2.29825189629815,0.44661524170339,1.29622172274018,6.52147482336271,0.0798905657537045,4.63752463722852,0.428882584713616,3.25896799635643,29.6622536273747,34.3839024800578,55.5440118337259,69.3130400521039,44.9892226708557,34.2272480542697,3.43959338321312,13.2502266041158,4.64497547547197,10.9242286590123,2.54,7.366,28.702,17.272
55.6,"VOLCANO 4.0","COOP","COOP","BI",1194.8,19.441359,-155.2487445,"US1HIHI0071",NA,NA,NA,NA,24.9,1.5,0.3,22.1,35.3,261.1,NA,9.4,6.6,1.3,0.8,0,1,2,0,2.5,NA,NA,NA,NA,NA,NA,NA,NA,NA,NA,NA,NA,NA,NA,NA
63,"KALOKO-HONOKOHAU","RAWS","RAWS","BI",7.62,19.67277778,-156.0202778,NA,"KHOH1","FA667668",NA,NA,0,0,27.686,14.2239999999999,24.3840000000001,1.01599999999996,1.77800000000002,0,0,0,0,0,0,0,0,7.62,NA,0,2.53999999999996,0,2.54000000000002,4.31799999999993,0,0,0,0,0,0,0,0,0
65.4,"PAHOA 2.1 E","PAHOA 2.1 E","CoCoRaHS","BI",137,19.5043,-154.9165,"US1HIHI0003",NA,NA,NA,NA,25.1,29.7,0.5,30,91.7,44.2,22.4,7.6,8.4,11.4,13.2,3.8,8.1,23.6,2.5,3.6,8.6,41.8248212109572,30,23.9,58.2,77.2,45.2,9.9,12.7,1.8,2,4.3,3.6,15.2,72.4
65.6,"KURTISTOWN 6.6 SSE, HI US","CoCoRaHs","CoCoRaHs","BI",339.63,19.5021,-155.029,"US1HIHI0055",NA,NA,NA,NA,21.1,7.1,1.8,23.9,43.7,92.7,43.7,10.8766068820844,8.9,7.6,4.8,4.1,4.3,13.2,4.1,15.2,2.8,5.1,46.7,87.1,41.436476856105,54.9,33.3,6.9,7.1,7.6,9.7,4.3,4.1,9.7,122.4
67.7,"PAHOA 2.7 SSE","PAHOA 2.7 SSE","CoCoRaHS","BI",259,19.4654,-154.927,"US1HIHI0051",NA,NA,NA,NA,22.4,29.2,0.5,18.5,124.2,56.9,41.7,9.7,7.6,8.9,8.9,2.8,5.1,22.4,1,6.6,5.6,4.1,33.5,24.1,28.4,87.1,32.8,6.6,9.4,3.6,6.9,4.6,3.3,10.2,65.8
68.14,"HONOKOHAU HARBOR 68.14","COOP","COOP","BI",9,19.67944,-156.02333,"USC00511880",NA,NA,NA,NA,0,0,NA,NA,NA,NA,NA,0,0,0,0,0,0,0,0,NA,5.6,0,NA,5.6,NA,NA,0,0,0,0,0,0,0,0,NA
68.21,"KAILUA KONA KE AHOLE AIRPORT","KAILUA KONA KE AHOLE AIRPORT","NWS","BI",27,19.73556,-156.04889,"USW00021510","PHKO",NA,NA,NA,0,NA,22.6,6.6,12.4,0.3,1,0,0,NA,0,0,0,NA,0,0.5,0,NA,1.8,0,0.3,4.8,0,0,0,0,0,0,NA,NA,NA
69.25,"Palamanui","Hilo Forest Service","HIPPNET","BI",297,19.73756,-155.99582,NA,NA,NA,NA,NA,0,0,13.462,8.128,15.24,1.016,0.762,0.762,0.508,2.032,1.524,1.016,0.254,0.254,0,0,0.508,0,0.254,0.508,0,0.254,0.508,0.508,0.508,0.254,0,0.508,NA,0,0
69.28,"Kailua-Kona HI US G0154-W6SPO-13 ","unknown","APRSWXNET","BI",0,19.707,-155.978,NA,"G0154",NA,NA,NA,NA,NA,19.0499992370605,21.3359985351563,43.6879997253418,2.28600001335144,NA,1.77799999713898,2.53999996185303,NA,1.01600003242493,NA,1.26999998092651,NA,1.77799999713898,NA,NA,NA,NA,NA,NA,2.28600001335144,NA,NA,NA,NA,NA,4.06400012969971,NA,NA,NA
69.51,"Kailua Kona HI US E6648-EW6648 ","unknown","APRSWXNET","BI",164.05,19.61,-155.96,NA,"E6648",NA,NA,NA,0,0,13.2079992294312,25.9079983144531,50.2919998168945,4.06399995517734,8.3819992910126,NA,NA,NA,NA,NA,0.76199996471405,NA,NA,NA,NA,0,NA,NA,1.77799999713898,3.80999982643127,NA,0,NA,0,0,NA,0,0,NA
70.16,"Waiaha Stream","NWS","HydroNet-UaNet","BI",460.5528,19.6331997,-155.9486,NA,"WIHH1","9321011E",NA,NA,0,0,7.11200000000008,20.3199999999999,38.8620000000001,4.06399999999985,6.096,0.508000000000266,0.761999999999489,0.286179666951761,0,8.12800000000038,1.52399999999989,12.8780850128334,5.33399999999983,2.28600000000006,0,0,NA,0,1.26999999999998,2.28600000000006,1.0160000000003,1.14471866780705,2.86179666951864,0,0,0,0,0.253999999999678,0
70.7,"Puuwaawaa","Hilo Forest Service","HIPPNET","BI",1659,19.72544,-155.87389,NA,NA,NA,NA,NA,NA,0.254,1.778,NA,NA,9.398,12.7,1.27,0.254,0.254,0,0.254,5.334,0,0.254,0.508,0,1.016,NA,0.762,2.794,6.096,0,0,0,0.508,0,0.508,1.524,1.524,4.318
73.2,"KAINALIU 73.2","KONA EXP STATION","COOP","BI",457,19.53364321,-155.9255461,"USC00512751",NA,NA,NA,NA,NA,NA,NA,NA,NA,NA,NA,NA,NA,NA,NA,NA,NA,NA,NA,NA,NA,NA,NA,NA,NA,NA,NA,NA,NA,NA,NA,NA,0,NA,NA
74.8,"KEALAKEKUA 4 74.8","COOP","COOP","BI",433,19.5106,-155.9217,"USC00513987",NA,NA,NA,NA,0,0,7.7371348379656,21.992914486621,46.689606780821,6.1363483197647,0.800393259099494,0,0.533595506066807,0.937493098107905,0,9.87151686223092,0,9.15747292795255,5.1,0,0,1.54633504152177,NA,0,11.4,NA,0,0,2.6679775303326,0,0,0,0,0,0
75.1,"PTA KIPUKA ALALA","RAWS","RAWS","BI",1641.348,19.66694444,-155.7077778,"USR0000HPTK","PKAH1","32666200",NA,NA,10.414,6.858,11.176,17.272,19.5579999999999,8.89000000000004,2.28599999999994,0.254000000000076,0,0,0,0,0,0,0,0,0,0,0.762,0.761999999999944,6.60399999999998,4.82600000000008,0,0,0,0,0.253999999999962,0.762,0.253999999999962,2.54000000000002,7.62000000000004
79.6,"Kulani NWR","NWS","HydroNet-UaNet","BI",1623.3648,19.5543995,-155.3089,NA,"KNWH1",NA,NA,NA,3.30859384935664,6.81958159744937,0,7.74678050272838,51.9256771441767,84.7491309742666,0.055894395837029,3.10983423123961,1.1234810831269,1.01099780415762,0.0496067421556772,0.0496067421556772,5.15152365314678,0.130304509070545,3.66760508838079,0.280796039820509,1.39859087084769,16.0235251941415,29.5830427271137,33.6931358496896,35.3870023710212,52.2001137111791,16.9704969410923,1.82500793408499,4.44551182307641,3.59412147233316,9.98386004539646,1.016,3.048,12.7,8.636
83,"QuarryRainGageatSaddleRd","USGS","USGS","BI",1286.256,19.68586111,-155.2942222,NA,"SDQH1","DDF6B6E4",NA,NA,4.06399999999999,10.0186723561014,0,15.748,58.166,66.802,0.253999999999962,9.39800000000002,3.30199999999996,0.762,0,0,3.55600000000004,0.253999999999962,9.14400000000001,0.254000000000019,0.507999999999981,22.352,40.64,69.084562934734,27.9400000000001,52.0699999999999,19.3040000000001,4.31799999999998,2.03200000000004,8.38199999999995,16.0020000000001,1.77800000000002,5.33399999999983,14.224,13.2080000000001
85.2,"Waiakea Uka","NWS","HydroNet-UaNet","BI",303.8856,19.6585999,-155.1277,"USC00519084","WKAH1",NA,NA,NA,5.71023740184362,5.44925478815656,0.120087015781713,11.6194187520665,43.681184295104,100.452740649407,0.612119019575563,7.49438348135402,2.80970913973358,2.994963357637,0.474870736933422,1.25446225653767,7.88547350699511,0.0975907117515215,1.97413690792426,0.450352991086597,4.19081724724769,30.1355281546829,29.4176877769286,50.9667022990795,74.7626553516353,51.3346203195148,47.539164841612,2.39787743548454,16.3212522509022,2.81896890551306,10.0899974202617,0.762,11.684,36.83,24.9052998594549
87,"HILO INTERNATIONAL AIRPORT 87","NWS","HydroNet-UaNet","BI",11.6,19.7191,-155.053,"USW00021504","PHTO",NA,NA,NA,6.4,2.8,0.3,15,34.3,105.9,14.7805992018708,12.4,4.6,3.6,0.8,2.3,9.7,0,1.8,0.8,3.3,38.9,34.3,40.1,96,35.6,50.1702969952789,4.1,21.3,0.8,9.7,1.016,9.398,47.498,36.068
87.5,"HILO 5 S","HILO 5 S","USCRN","BI",189,19.645,-155.0827,"USW00021515",NA,NA,NA,NA,7.2,8.9,0,9,34.1,115.7,17.6356623045321,4.2,1.6,3.4,0.2,0.2,9,0.3,1.1,0.4,3.2234077282609,28.8,29.5,53.5,59.1,77.1,59.9929820685499,1.5,14.6,3,14.4,3.9,9.1,60.5,23.9755026567658
87.9,"IPIF","Hilo Forest Service","HIPPNET","BI",111,19.69748,-155.0954,NA,NA,NA,NA,NA,2.286,4.064,0,7.62,39.328568186421,57.914,0.578556671359242,3.302,1.27,1.27,0.254,0.762,3.048,0,2.54,0,4.318,14.732,17.272,57.5362969766805,48.514,34.036,38.0313062607672,0.762,8.636,4.318,4.318,1.27,6.858,26.416,23.5397478677941
88.8,"Waiakea Exp Farm","UNIV HAWAII","STATE","BI",183,19.644743,-155.0805636,NA,"WEXH1","CD07410A",NA,NA,NA,NA,NA,NA,NA,NA,NA,NA,NA,NA,NA,NA,NA,NA,NA,NA,NA,NA,NA,NA,NA,NA,NA,NA,NA,NA,NA,3.556,8.128,53.848,NA
89.11,"Piihonua","NWS","HydroNet-UaNet","BI",296.8752,19.7098007,-155.1395,"USC00518053","PIIH1",NA,NA,NA,3.13500750255338,2.62809984758531,0.11177759888115,18.4970033687017,45.9591044028913,95.5819059560145,16.5896333089674,6.08022569739074,2.63235151963404,2.88667082877876,0.506835716591784,1.23248342797934,6.24467005980126,0,1.50446417820043,0.2980735970164,3.90083379287698,29.6112058562423,26.9757296031454,56.7620941498592,82.4130385791952,62.1772366911089,44.2496939758225,3.78388293751414,12.4010941033488,5.97852806819727,9.33036847296977,0,17.018,32.512,14.478
89.13,"KAIWIKI HOMESTEAD 89.11, HI US","COOP","COOP","BI",379.67,19.7509,-155.1362,"USC00512802",NA,NA,NA,NA,13.3280931218026,1.3,6.9,33.946609018887,39.4,70.9,49.1968553389678,10.2916807228352,8.4,5.3,2.5,1.8,8.6,0.8,0.3,3.8,1.3,52.3,57.7,80.3,44.5,85.6,67.3,7.1,14.2,0.8,9.94164534881764,3.3,5.13291971377457,28.4,46.7
89.15,"HONOLII STREAM NEAR PAPAIKOU NEAR HILO 3N ","USGS","USGS","BI",522.23157,19.7667,-155.1544,NA,"NLIH1","D114953C",NA,NA,2.28599999999994,NA,3.80999999999995,NA,39.116,130.302,10.6679999999999,NA,8.88999999999999,6.096,2.79399999999998,6.35000000000002,6.35000000000002,0.254000000000019,4.31799999999998,0.254000000000019,NA,58.674,53.34,83.5659999999999,66.8020000000001,101.092,41.1479999999999,4.82600000000025,13.9699999999998,NA,15.748,0.507999999999811,18.288,40.894,17.018
91.11,"PUNA MACADAMIA O 91.11","COOP","COOP","BI",244,19.61861,-155.08667,"USC00518315",NA,NA,NA,NA,5.50429466567246,2.61255072710445,4.08788227227558,11.8908493165764,27.7445749915475,149.6,31.3605864616523,10.7,5.8,6.4,1.08103509658377,1.59251758562294,9.4,12.7,4.1,8.4,1,47.0143472270609,32.2142997959794,143.5,51.3001214680377,94.5,42.2,4.83999841391279,12.6618501976246,3.22767329202189,5.79495736883483,4.64850606849867,10.1824954541162,27.9,61.7
91.15,"Mountain View","Mountain View","HydroNet-UaNet","BI",346.5576,19.5674992,-155.0841,NA,"MTVH1",NA,NA,NA,NA,NA,NA,NA,NA,NA,NA,NA,NA,NA,NA,NA,NA,NA,NA,NA,NA,NA,NA,NA,NA,NA,NA,NA,NA,NA,NA,0,NA,NA,NA
91.9,"Pahoa Beacon","NWS","HydroNet-UaNet","BI",187.1472,19.5149994,-154.9644,NA,"PHAH1",NA,NA,NA,9.35492379531477,9.97622033093357,0.226828624576936,14.7450490789144,43.7380203223385,59.9203039555819,19.6095601823356,5.49392825854534,3.57054759835957,4.52321160624933,3.87988838350794,1.93526463050266,4.86033668752228,6.37715997453212,1.91003730434208,1.21737192297943,4.49588995684824,23.0167235182043,23.2455221150532,32.0105096152227,58.1446421853334,40.912846574749,37.7852465152886,4.13391417122908,12.2700418712955,1.894075658837,6.43884743835981,2.794,13.716,32.7907992254865,104.394
92,"KEAAU 92","PU SUGAR","COOP","BI",87,19.62918887,-155.0333418,"USC00513872",NA,NA,NA,NA,5.17798244872747,2.45767035251997,3.84553951849907,17.1999575586298,26.0997877256785,94.5080444895942,40.4,2.5,5.6,6.82936873334025,1.01694787371731,1.49810804262929,3.3,4.43832946708184,1.28564628950443,4.98924238124776,0.72521222739012,44.2271861458126,30.3045329280617,92.2958522258466,48.2588859632996,73.1698186122707,47.410061475013,4.55306780638122,11.9112151645149,3.03632648167355,7.1,5.6,10.7595182990897,21.2012200370843,35.417339788432
92.5,"KiholoRainGage","USGS","USGS","BI",283.96692,19.82580556,-155.8925833,NA,"KIRH1","DD60236E",NA,NA,0.761999999999999,0,7.366,10.668,17.78,1.778,11.684,0,0.253999999999998,0,0,0,0,0,0,0,0,0,0.254000000000005,0,0.507999999999996,1.778,0,0,0,0,0,0,0,0,1.27000000000001
93.12,"PUUANAHULU","RAWS","RAWS","BI",830.58,19.83277778,-155.7697222,NA,"PULH1","48703040",NA,NA,0.762,0,6.096,15.494,17.526,5.07999999999998,NA,0.254000000000019,0,0,0,0,0,0,0.761999999999944,0.508000000000038,0,0,0,0,1.26999999999998,4.31799999999998,0,0,0,0,0,0,0,0,4.82600000000004
93.13,"Mamalahoa","Hilo Forest Service","HIPPNET","BI",636,19.80256,-155.85062,NA,NA,NA,NA,NA,0,0,0.508,10.922,8.128,1.27,6.35,1.016,0,0,0,0,0,0,5.08,0.762,0.508,0,3.048,0,0.254,0.762,0.254,0,0,0,0,0,0,0.254,3.556
93.61,"PAHOA 4.7 NE, HI US","CoCoRaHs","CoCoRaHs","BI",53.95,19.5473,-154.8988,"US1HIHI0065",NA,NA,NA,NA,19.1,28.2,1.3,26.7,64.3,33.5,31.8,5.1,7.6,6.9,10.9,3.8,5.8,21.6,1.8,5.3,NA,1.5,41.1,33,32.5,91.4,56.4,3.8,10.4,0.5,6.6,1.5,6.4,15,53.1
93.62,"PAHOA 5.7 NE","COOP","COOP","BI",27.4,19.5565,-154.8865,"US1HIHI0070",NA,NA,NA,NA,16.8,26.7,NA,NA,95.5,NA,NA,NA,NA,NA,NA,NA,NA,NA,4.3,NA,NA,NA,NA,23.9,42.7,99.3,63,3.3,11.7,0.3,2.8,4.8,7.4,9.1,53.8
93.63,"HAWAIIAN PARADISE PARK 2.4 E","COOP","COOP","BI",10.1,19.594568,-154.936038,"US1HIHI0072",NA,NA,NA,NA,26.7,NA,1.5,13,26.7,67.3,15.2,6.6,6.9,10.2,6.9,2,6.9,13.7,6.4,6.4,NA,3,45.7,NA,30.5,110.5,76.2,NA,8.6,1.8,4.1,7.4,6.1,21.6,163.8
93.64,"KEAAU 5.5","COOP","COOP","BI",18,19.613803,-154.955684,"US1HIHI0068",NA,NA,NA,NA,32.8,NA,0.8,14.7,25.4,36.8,39.9,7.4,5.8,11.9,7.1,3.3,5.8,10.7,2,4.1,NA,1.5,57.2,57.2,NA,90.9,40.9,NA,17.3,1.5,5.8,4.6,6.4,20.1,172.7
93.8,"KONA VILLAGE 93.8","KO VILLAGE RES","COOP","BI",12,19.8314012,-155.9858256,"USC00514765",NA,NA,NA,NA,0,0,NA,20.3,NA,NA,2,1,NA,1.3,0,0,0,0,0,0,0,0,0,2,0,0.5,0.5,0,0,0,0,0,0,0,0
94,"KAUPULEHU LAVA FLOW","RAWS","RAWS","BI",372.1608,19.80333333,-155.9180556,NA,"KPLH1","4870E628",NA,NA,1.01600000000002,0,4.572,12.446,25.654,1.52399999999994,5.58800000000002,0.507999999999981,0.254000000000019,0,0,0,0.254000000000019,0,0,0,0,0,0.507999999999981,0,2.286,1.77800000000002,0,0,0,0,0,0,0,7.36599999999999,5.334
94.5,"PUU WAAWAA","RAWS","RAWS","BI",708.9648,19.795,-155.8452778,"USR0000HPUW","PWWH1","487046D0",NA,NA,0.254000000000019,0,1.01599999999996,10.0015414773868,19.05,3.30200000000013,5.8148496961551,1.01599999999996,0,0,0,0,0,0,4.65187975692408,0.762000000000057,0,0,3.80999999999995,0,0.254000000000133,2.53999999999996,0,0,0,0,0,0,0,1.26999999999998,6.604
95.11,"WAIKOLOA VILLAGE 2.7 ENE","WAIKOLOA VILLAGE 2.7 ENE","CoCoRaHS","BI",265,19.9465,-155.7883,"US1HIHI0047",NA,NA,NA,NA,0,0,4.98528043863836,11.4,11.9,NA,3.6,8.1,0.3,0,0,0,0,0,0,0,0,0,0,0,0,1.80024015839719,2.8,0,NA,0,0,0,0,0,0
95.6,"WAIKOLOA","RAWS","RAWS","BI",297.7896,19.92416667,-155.7936111,NA,"WKVH1","4870C0C4",NA,NA,0,0,NA,11.176,24.638,4.82600000000002,NA,0,0,0,0,0,0,0,0,0.507999999999981,0,0,0,0,0,3.30199999999999,0,0,0,0,0,0,0,0,0.50800000000001
95.8,"WAIKOLOA 95.8","BOISE CASCADE","COOP","BI",268,19.93389178,-155.7877744,"USC00519142",NA,NA,NA,NA,0,0,3.6,8.23223497757918,8.5932979151923,NA,4.3,5.84921958933258,0.3,0,0,0,0,0,0,0,0.8,0,0,0,0,1.3,2,0,NA,0,0,0,0,0,0
95.9,"WAIKOLOA BEACH RT 95.9","COOP","COOP","BI",24,19.91278,-155.87778,"USC00519144",NA,NA,NA,NA,0,0,3.3,8.1,NA,NA,5.1,0.8,0,0,0,0,0,0,0,0,2.5,0,0,1.5,0.3,0,2,0,0,0,0,0,0,0,0
98.2,"PUHO CS","PUHO CS","RAWS","BI",29.5656,19.42194444,-155.9075,NA,"PERH1","32D6803A",NA,NA,0,0,NA,NA,NA,NA,10.414,0,0,0,0,0,0,NA,NA,NA,NA,0,NA,0,NA,0.508000000000001,0,0,0,0,0,0,0,0,0
98.91,"HOLUALOA 0.95","COOP","COOP","BI",527.3,19.6225861,-155.927558,"US1HIHI0067",NA,NA,NA,NA,0,0,NA,21.8,NA,NA,6.4,0.3,2,1.8,NA,NA,3.8,0,NA,1,3.8,0,NA,NA,5.1,NA,NA,0,0,0,0,NA,0,0,1
99,"PTA WEST","RAWS","RAWS","BI",1307.592,19.77166667,-155.7022222,"USR0000HPTW","PKWH1","32667176",NA,NA,2.79400000000004,0,0,20.3199999999999,16.002,8.63600000000002,0.507999999999981,0,0,0,0,0,0,0,0,0,0,NA,4.572,0,9.14400000000001,NA,0,0,0,0,0,0,0,0,3.55600000000002
100.3,"Waikii","Waikii","HydroNet-UaNet","BI",1417.0152,19.8614006,-155.6506,NA,"WHIH1",NA,NA,NA,NA,NA,NA,NA,NA,NA,NA,NA,NA,NA,NA,NA,NA,NA,NA,NA,NA,NA,NA,NA,NA,NA,NA,NA,NA,NA,NA,0,0,0,3.81
102.8,"AUHMOA","RAWS","RAWS","BI",2001.9264,19.83638889,-155.6130556,NA,"AHMH1","4870D3B2",NA,NA,1.77799999999996,0,0.762000000000057,31.75,27.178,13.462,1.524,0,0,0,0,0,0,0,0,0,0,0.253999999999962,NA,0.253999999999962,NA,3.048,NA,0,0,0,0,0,0,0,6.34999999999996
107.4,"PTA EAST","RAWS","RAWS","BI",1959.864,19.68277778,-155.5452778,"USR0000HPTA","PTAH1","3266D18E",NA,NA,1.524,2.79399999999998,0.762,8.63600000000002,NA,13.462,0,0.253999999999962,0.254000000000076,0,0,0,0,0,0,0,NA,0.762000000000057,0.507999999999981,8.12799999999999,3.55600000000004,5.334,1.01600000000002,0.254000000000019,0,2.03199999999998,0.254000000000019,0,0,0,NA
109,"PTA RANGE 17","RAWS","RAWS","BI",1734.312,19.74583333,-155.6261111,NA,NA,"3279630C",NA,NA,NA,0,0,17.526,14.478,10.16,0,0,0,0,NA,0,NA,NA,0,0,0,0,NA,0,4.57199999999997,1.77800000000002,NA,0,0,0,1.26999999999998,0,0,0,5.08000000000001
111,"HALEPOHAKU 111","STATE DIV FTRY","COOP","BI",2811,19.76029046,-155.4555569,"USC00511065",NA,NA,NA,NA,NA,NA,3.8,NA,88.9,54.6,NA,5.3,NA,NA,NA,NA,NA,NA,0,NA,NA,NA,3.3,NA,5.6,16.5,1.8,NA,1.3,0.3,0.8,0.5,NA,0,NA
113.2,"PUU MALI","RAWS","RAWS","BI",2165,19.92666,-155.44,NA,"PMLH1","3181742E",NA,NA,0.253999999999905,0.762000000000057,8.88999999999987,NA,20.828,12.7,0,0,0,0,0,0,0,0,0,0.508000000000038,1.77800000000002,0,NA,NA,17.0179999999999,NA,NA,0,0,0,NA,0,0,0.254000000000019,3.30199999999991
127.5,"Laupahoehoe","Hilo Forest Service","HIPPNET","BI",1145,19.93217,-155.29129,NA,NA,NA,NA,NA,0.254,8.636,9.144,11.938,39.878,38.608,0,0,0.508,0.762,0,0,1.778,0.254,3.556,0,10.922,27.94,46.99,35.306,29.464,63.5,30.48,5.588,6.604,9.72645218906384,4.318,0,0.508,4.572,6.604
129,"HAKALAU","RAWS","RAWS","BI",1950.72,19.82111111,-155.3305556,"USR0000HHAK","HKUH1","8374D370",NA,NA,1.26999999999998,7.11200000000008,1.42788740228557,5.57887509834226,61.9760000000001,83.5659999999998,0,0,0,0,0,0,4.31799999999976,0,2.79399999999987,0.25400000000036,0.253999999999905,10.344881835641,26.9240000000004,22.6965333042216,29.4639999999999,43.6880000000001,12.5932499618706,1.01600000000008,0.761999999999716,2.03200000000061,5.84199999999964,0.508000000000266,0.253999999999905,10.1599999999999,4.92828977506807
132.2,"Spencer","Hilo Forest Service","HIPPNET","BI",454,19.96358,-155.25014,NA,NA,NA,NA,NA,0,0.254,10.414,20.7330997730335,16.764,26.162,0.254,0,1.27,2.794,0.254,0,1.524,0,0.254,0,2.286,11.43,19.812,50.7051342894352,30.226,46.482,32.258,0.762,2.032,9.906,5.334,0,3.556,4.318,1.524
132.6,"Laupahoehoe, HI US F9660-FW9660","unknown","APRSWXNET","BI",334,19.9672,-155.2367,NA,"F9660",NA,NA,NA,0,1.01600003242493,NA,13.9700012207031,35.0520000457764,58.9280026550292,0.508001972198467,NA,0.508000016212463,2.5399998588562,0.254000008106232,NA,3.30199980735779,NA,0.254000008106232,NA,2.28600001335144,21.8439993991851,30.2260005493164,43.9419991455079,54.8639982452392,68.3260166320801,59.4359794736319,2.79399847984318,3.80999974550478,7.62000036239624,7.36599731445315,0,NA,12.1919995422363,3.04800151879885
133.3,"Laupahoehoe","NWS","HydroNet-UaNet","BI",499.872,19.9792,-155.2372,NA,"LPHH1","B159741A",NA,NA,0,0.507999999999811,3.71170003049253,21.0819999999994,35.5600000000004,75.1840000000002,1.01600000000053,0.761999999998807,1.01600000000053,2.28599999999915,0.254000000001724,0.253999999999905,3.30199999999968,0,0,0,2.53999999999905,20.8280000000013,17.2719999999981,33.0200000000004,62.2299999999996,76.4540000000015,31.2419999999993,4.06400000000031,3.30199999999968,8.63599999999951,2.78843097004462,0,6.94928126139734,15.8489962240965,2.53999999999996
138.2,"KAHUNA FALLS 138.2","COOP","COOP","BI",424,19.86139,-155.16361,"USC00512595",NA,NA,NA,NA,3.6,2.5,10.2,20.1706888075863,26.9,76.2,36.8448149379524,17.0141013267786,12.7,7.6,1.5,3.6,5.1,2.8,0.3,5.6,1.3,84.2516321372395,42.7,142.2,33.8,106.7,78.7,9.7,10.9,8.4,7.6,7.45824157102276,19.7335944075113,35.1,27.7
140.1,"PAPAIKOU MAUKA NO 2 140","MAU KEA SUGAR","COOP","BI",427,19.78695738,-155.1388973,"USC00517724",NA,NA,NA,NA,7.1,3,4.8,17,42.4,136.7,39.1512777682166,12.5252817885839,12.2,7.6,2,0.5,4.74388010142312,0,0,1.3,0.85920093491922,100.1,47.8,86.9,48.8,97.8,80.5,6.1,13.2,5.1,6.9,6.6,11.5945628594897,24.6,44.7
140.6,"Papaikou Well","NWS","HydroNet-UaNet","BI",345.6432,19.7884998,-155.1313,NA,"PPWH1",NA,NA,NA,NA,NA,NA,NA,NA,NA,NA,NA,NA,NA,NA,NA,NA,NA,NA,NA,NA,NA,NA,NA,NA,NA,NA,NA,NA,NA,NA,2.032,16.764,37.338,12.192
144.1,"PAPAIKOU 144.1","MAU KEA SUGAR","COOP","BI",61,19.78362447,-155.0922318,"USC00517711",NA,NA,NA,NA,7.9,3.6,2.3,16.3463621359901,24.8045136380207,89.8178216268946,28.0373404466051,13,4.1,8.4,0.966479025343166,1.4237602912788,4.72761243241637,1.3,0,5.8,0.5,38.9290179171961,28.8005867407266,87.7154155172056,45.8639053931705,69.5385641728389,45.0572061656791,4.32710923495758,11.3200881976112,2.88564038971305,5.18087226532768,2.5,6.64075224697185,20.1490509072277,33.6596564323872
147.1,"MIDDLE PEN 147.1","KAHUA RANCH","COOP","BI",421,20.10027112,-155.8322151,"USC00516270",NA,NA,NA,NA,0,NA,NA,NA,NA,NA,NA,0,0,0,0,NA,0,0,0,0,NA,0,NA,11.4,NA,NA,0,NA,NA,NA,NA,NA,NA,NA,NA
147.2,"KOHALA RANCH","KOHALA RANCH","RAWS","BI",328.8792,20.08305556,-155.8325,NA,"KHRH1","4870B654",NA,NA,0,NA,NA,10.922,16.764,1.01600000000008,4.572,0.507999999999981,0,0,0,0,0,NA,0,0,NA,0,7.36599999999999,NA,0,1.01599999999996,0,0,NA,0,NA,NA,NA,NA,NA
160.3,"Upolu Airport","NWS","HydroNet-UaNet","BI",34,20.265,-155.8582,NA,"UPLH1","B15017A0",NA,NA,0,0,15.748,17.272,15.7479999999999,1.524,3.80999999999995,1.18253038925987,NA,0.762000000000057,0.508000000000038,0,1.77799999999991,0,0,0,0,4.82600000000002,9.65200000000004,3.55600000000004,4.20980818576513,4.58821791032829,1.524,0,1.26999999999998,0.254000000000019,0,0,1.01600000000008,0.507999999999925,0
168,"HAWI 168","KOHALA SUGAR","COOP","BI",183,20.23692665,-155.8272119,"USC00511339",NA,NA,NA,NA,1,0,33.2930133192106,36.5149178339729,5.1,3.22190451476231,0.8,2.5,NA,4.8,0,0,3.75888860055584,0,0,0,0,10.2026976300807,20.4053952601614,7.51777720111215,8.9,9.7,3.22190451476231,1.8,2.68492042896855,0.536984085793759,0,0,1.5,1.07396817158728,0
176.3,"Kahua Ranch HQ","KAHUA RANCH","HydroNet-UaNet","BI",987.552,20.1249008,-155.7884,NA,"KASH1","15D293C2",NA,NA,0,0,34.7209584772989,18.0339999999999,18.0340000000001,0.761999999999944,9.14400000000001,2.03199999999993,2.28600000000006,1.77800000000002,2.54000000000019,0,4.31799999999998,0.253999999999905,0.197278173166464,0,0,2.7940000000001,6.51017971449355,3.048,0.761999999999944,4.57200000000012,1.26999999999998,0.508000000000038,0.253999999999905,0.254000000000133,0.253999999999905,0,0.253999999999905,0,0.254000000000133
178.12,"PONOHOLO RCH 178.11","PONOHOLO RCH 178.11","COOP","BI",762,20.12554592,-155.7774941,"USC00518101",NA,NA,NA,NA,NA,0,NA,31.5,14,NA,4.3,2.5,2,3.3,2.5,2.5,3.6,NA,NA,NA,0,NA,3.3,NA,1.3,3.8,NA,NA,3,NA,0,0,0,0,2
185.7,"KawainuiRainGagenearKamuela","USGS","USGS","BI",1237.488,20.08533333,-155.6811667,NA,"KWSH1","DDF6A592",NA,NA,0.507999999999996,0.253999999999991,52.832,14.732,27.178,3.81,4.06399999999999,0.50800000000001,3.04799999999997,NA,NA,0.507999999999981,NA,0.762,3.048,3.048,NA,10.16,NA,NA,NA,NA,NA,NA,5.07999999999993,9.65200000000004,0.507999999999925,2.28600000000006,NA,5.84199999999998,0.507999999999925
191.1,"LALAMILO FLD OF 191.1","DOWALD","COOP","BI",799,20.01083015,-155.6763867,"USC00515260",NA,NA,NA,NA,NA,NA,25.4,NA,NA,NA,NA,NA,NA,NA,NA,NA,NA,NA,NA,NA,NA,NA,NA,NA,NA,NA,NA,NA,NA,NA,NA,NA,NA,NA,NA
192.7,"Kamuela Upper","NWS","HydroNet-UaNet","BI",948.5376,20.0319996,-155.6667,"USC00513080","KUUH1","817075F6",NA,NA,0,0,44.704,26.162,23.368,3.81,3.55599999999998,0,0.253999999999991,8.89000000000001,5.08000000000001,0,4.572,0,0.253999999999991,0,0,2.03199999999998,8.38200000000001,9.14400000000001,12.446,11.43,9.39800000000002,1.77799999999996,0,4.82600000000002,0,0.507999999999981,4.572,1.01600000000002,0.253999999999991
192.9,"PUUKAPU HMSTD 192.9","COOP","COOP","BI",916,20.0375,-155.6347,"USC00518386",NA,NA,NA,NA,0,0.3,10.9,37.1,16.5,NA,3.3,0.8,2,1.5,4.6,0.5,0.3,0.5,0.3,1,1,0.3,1.3,11.7,2,14,11.2,1.3,0,NA,5.1,1,3.5250875917209,5.3,1.3
201.3,"Kamuela 1","NWS","HydroNet-UaNet","BI",877.824,20.0394993,-155.6084,NA,"KMUH1","81706680",NA,NA,0,0,22.8600000000006,24.8919999999998,23.8759999999993,4.06400000000031,2.54000000000087,0.253999999998996,0,0.253999999999905,2.28600000000006,0,0,0,0,0.253999999999905,0.254000000000815,0.761999999999716,4.82600000000002,3.55599999999959,9.90600000000086,16.2559999999994,7.69578850401599,0.761999999999716,0.253999999999905,3.30199999999968,0.253999999999905,0,3.04800000000068,1.01600000000053,1.26999999999953
215.5,"Honokaa","NWS","HydroNet-UaNet","BI",591.9216,20.0656,-155.49,NA,"HNKH1","B15047DC",NA,NA,0.253999999998996,0,0.444882237434149,33.2739999999994,13.7160000000013,7.11199999999917,12.192,0,0,0,0,0,2.03200000000015,0,0,2.28600000000006,2.79399999999987,1.77800000000025,4.54323010968028,20.5892628632823,15.7479999999996,48.2599999999993,11.4300000000003,2.53999999999996,0.50800000000072,0,3.12119310681894,0,6.60400000000027,1.52400000000034,0
216.6,"HONOKAA 2.5 SSW","HONOKAA 2.5 SSW","CoCoRaHS","BI",757,20.0417,-155.4777,"US1HIHI0033",NA,NA,NA,NA,0.5,1.5,0.5,55.9,9.1,11.9,7.9,0.263423505488288,0.5,0,0.3,0,0.217459498287187,0.261177745524915,0,0,1.19553664146645,0.100187414535216,4.28855723901018,54.8681404686823,8.93751000073411,37.4139725506157,37.4216846557089,1.30906579194614,0.674407379165643,0.528344184285491,11.3066590004357,0.217459498287187,0.434918996574373,1.14208676772078,0.928370202705878
216.8,"KALOPA 216.8","COOP","COOP","BI",396,20.06111,-155.43528,"USC00512982",NA,NA,NA,NA,0,0.8,1.5,72.4,9.7,5.6,5.1,0,0,0,0,0,0.5,0,0,0,1,0,3.3,63,8.4,42.7,26.7,1.5,0.8,0,9.9,0.5,1,1.5,1
216.9,"HONOKAA 2.7 ESE","HONOKAA 2.7 ESE","CoCoRaHS","BI",333,20.0606,-155.43,"US1HIHI0034",NA,NA,NA,NA,0.3,0.8,0,68.8,10.2,7.4,9.9,0.5,0,0,0,0,0,0.8,0,0,1,0,2.5,60.2,7.9,30.2,40.9,1.5,1,0.8,9.9,0,0,1.5,1
221,"PAAUILO 221","HAMAKUA MILL","COOP","BI",244,20.03860487,-155.3688913,"USC00517312",NA,NA,NA,NA,2,0,0,63.2,23.1,10.9,11.4117220329413,0,0,0,0,0,1,0.5,1,1.3,2.22848420693758,1.03386884790301,8.1,43.5140353496613,14.0998656971615,50.60940712948,26.4452219330527,1.8,0,0,7.10450179364296,0,1.8,0.5,0
221.7,"PAAUILO 2.4 SW","PAAUILO 2.4 SW","CoCoRaHS","BI",613,20.019,-155.3988,"US1HIHI0050",NA,NA,NA,NA,0.3,0.3,0.817513023295286,34,8.9,9.7,8.06837351201641,0.3,0,0,0,0,0,0,0,0,1.3,0.3,6.1,23.4,8.1,26.9,37.3,0.5,0,0.8,11.2855083174757,0,0,0,0.5
249.1,"MAKENA GOLF CRS 249.1","MAKE GC","COOP","MA",30,20.6420893,-156.4388486,"USC00515842",NA,NA,NA,NA,NA,NA,14.2,NA,NA,114.3,0,NA,NA,0,NA,NA,0,NA,NA,NA,0,0,NA,NA,NA,4.8,1.3,0,NA,NA,0,0,NA,0,1.3
250,"ULUPALAKUA RANCH 250","ULUPALAKUA RANCH","COOP","MA",579,20.648174,-156.398497,"USC00518760",NA,NA,NA,NA,0,0,NA,NA,NA,NA,NA,NA,NA,0,NA,NA,NA,NA,NA,0,0,NA,NA,NA,NA,7.4,NA,NA,NA,NA,NA,0,0,NA,NA
250.2,"Ulupalakua Ranch","NWS","HydroNet-UaNet","MA",581.5584,20.6487999,-156.3981,NA,"ULUH1","8170531A",NA,NA,0,0,15.748,0.761999999999944,140.462,36.068,0.761999999999944,0,0,0,0,0,0,0,0,0,NA,0,5.8420000000001,0,0,6.34999999999991,0,0,0,0,0,0,0.761999999999944,0,NA
255,"KepuniGulchRainGage","USGS","USGS","MA",225.552,20.6195,-156.2518889,NA,"KPNH1","F000D4EA",NA,NA,0,0,16.002,7.36600000000001,116.84,27.432,1.26999999999998,0,0,0,0,0,0,0,0,NA,0,0,NA,0.254000000000019,0,13.716,0,0,0,0,0,0,0,NA,5.07999999999998
258.6,"OHE'O 258.6","HALEAKALA TL PK","COOP","MA",24,20.662925,-156.04248,"USC00517000",NA,NA,NA,NA,NA,1.3,NA,NA,NA,29.2,NA,5.1,5.1,4.6,5.3,NA,NA,NA,0.5,0.337996904701781,NA,6.1,13.2,NA,6.9,53.3,NA,4.1,NA,5.6,2,1,NA,17.8,30
267,"KULA HOSPITAL 267","KULA SATORIUM","COOP","MA",916,20.70013977,-156.3555187,"USC00515004",NA,NA,NA,NA,0,0,NA,NA,NA,175.3,NA,1.8,NA,0,0,0,NA,NA,NA,NA,0.5,NA,33,NA,NA,8.9,3.8,NA,NA,NA,NA,0,0,0.3,7.6
267.8,"KULA 1","KULA 1","RAWS","MA",1998.5736,20.68305556,-156.3216667,NA,"KLFH1","AA10F12E",NA,NA,NA,NA,42.4180000000001,NA,258.572,68.0720000000001,0.761999999999944,NA,0,0,NA,NA,0,0,0,0,NA,0,12.954,NA,0.253999999999905,16.2559999999999,1.52400000000011,0,0,0,0,0,0,2.7940000000001,NA
302,"MAALAEA BAY","NWS","STATE","MA",302,20.7903,-156.514,NA,"P36","15DF05C6",NA,NA,NA,0,8.88999999999999,0.253999999999962,51.308,22.86,0,NA,NA,0,0,0,0,NA,NA,0,0,0,1.524,NA,0,23.368,0,0,0,0,0,0,0,0,1.77800000000002
311.2,"Kealia Pond NWR","Kealia Pond NWR","RAWS","MA",3.6576,20.7975,-156.4772222,NA,"KPDH1","32B2C438",NA,NA,NA,0,6.35000000000002,1.52399999999997,68.072,25.6540000000001,NA,NA,NA,0,0,0,NA,NA,NA,0,NA,0,NA,0,NA,21.844,0,NA,0,0,0,0,NA,0,1.524
311.5,"Kihei 2","NWS","HydroNet-UaNet","MA",54.5592,20.7061005,-156.437,NA,"KHIH1","93202508",NA,NA,0,0,7.87400000000002,0.508000000000152,88.9,31.4959999999999,0,0,0,0,0,0,0,0,0,0,0,0,0.254000000000133,0,0,6.60399999999993,0,0,0,0,0,0,0,0,3.04799999999989
324.7,"Kula Branch Stn","NWS","HydroNet-UaNet","MA",944.88,20.7577991,-156.3217,"USC00515000","KBSH1","93220610",NA,NA,1.52400000000011,NA,58.6740000000002,3.80999999999995,NA,24.8919999999998,6.85800000000017,0,0,0,NA,NA,0,0,0,0,NA,0.253999999999905,10.1599999999999,NA,0,14.2240000000002,0,0,0,0,0,0,0,4.57199999999966,9.398
329,"LOWER KAHUKU CS","BD OF A&F","STATE","MA",1149,20.80179746,-156.2805211,NA,"LKHH1",NA,NA,NA,NA,NA,NA,NA,109.219970921876,22.0977783203125,4.572021484375,6.350097296875,0.25390625,1.5239258234375,1.87499999970697e-08,NA,0,0,1.27001953125,3.12499999211013e-08,3.12500025856366e-10,NA,5.588134796875,NA,NA,NA,NA,0.2539062609375,0,NA,NA,0.5080566409375,4.5718994146875,0.508056675,9.398
338,"HALEAKALA RANGER STATION 338","HAWAII T PARK","COOP","MA",2143,20.75846738,-156.2455233,"USC00511004",NA,NA,NA,NA,NA,NA,NA,NA,NA,NA,NA,2.5,NA,0,0,0,NA,NA,0,0,0,NA,3.3,NA,NA,7.6,NA,NA,NA,NA,0.8,0,0,0.3,44.2
348.5,"WestWailuaikiRainGagenrKeanae","USGS","USGS","MA",472.44,20.81436111,-156.1429722,NA,"WWKH1","DD5E710A",NA,NA,4.63667804521859,0,50.292,3.80999999999997,60.706,51.054,24.13,2.54000000000002,0.99761993611125,14.246882871534,3.93302240303488,0.206902267920263,3.22558547492083,0.430521928253145,4.572,1.56367815628249,0.762000000000057,35.814,NA,31.7412758338749,176.53,192.024,24.1867993090656,3.4177292473882,9.98632322411454,2.03199999999993,0.31035340188036,3.79354195676863,NA,6.5588387113727,33.7819999999999
353,"Hana AP","NWS","HydroNet-UaNet","MA",19,20.7946,-156.0157,"USC00511125","HNAH1","B150314C",NA,NA,2.53999999999996,0,32.0039999999995,NA,55.1179999999999,12.9539999999997,28.4480000000003,NA,NA,3.30199999999968,2.79399999999987,7.36599999999999,NA,5.58799999999974,0.762000000000626,NA,1.01599999999962,4.0639999999994,26.4160000000002,6.09600000000046,8.1279999999997,37.5920000000006,NA,7.36599999999999,2.79399999999896,0.762000000000626,NA,0,NA,NA,7.61999999999989
361.1,"Lahainaluna","NWS","HydroNet-UaNet","MA",238.0488,20.8909,-156.6556,NA,"LAHH1","81700366",NA,NA,0,NA,7.62000000000012,0.254000000000019,93.472,30.9879999999999,NA,0,0,0,0,0,0,1.2700000000001,0,0,NA,0,4.06400000000008,0,NA,12.446,0,0,0,0,0,0,5.07999999999993,0,NA
380,"PuuKukuiRainGageatalt","BALDWIN PKRS","USGS","MA",1759,20.89083333,-156.6008333,"USC00514887","PKKH1","DD73556E",NA,NA,8.81206495284345,6.60399999999936,43.9420000000009,1.27000000000044,141.985999999999,37.3380000000006,4.82600000000002,0,2.03200000000015,7.36599999999999,8.01096813894891,NA,NA,NA,4.57200000000012,NA,3.19185835985877,26.6484335735567,NA,13.6186458362122,179.782373535098,195.561833658322,5.20712929031644,NA,14.0191942431596,0.507999999999811,0,1.26999999999862,NA,NA,33.6246830159001
386.6,"Wailuku","NWS","HydroNet-UaNet","MA",146.9136,20.8831005,-156.5124,NA,"WUKH1","9321D776",NA,NA,0,0,18.0340000000001,0.253999999999905,99.8220000000001,25.3999999999996,0.507999999999811,0,0,0,0,1.01600000000053,0.761999999999716,0.762000000000171,0,NA,3.04799999999977,6.34999999999991,5.8420000000001,1.01600000000008,3.80999999999995,69.0879999999997,NA,0,1.27000000000044,0,0,0,0.253999999999451,0.508000000000266,0.761999999999716
387.6,"Maui HI US AR427-AH6GR ","unknown","APRSWXNET","MA",233.76,20.875,-156.516,NA,"AR427",NA,NA,NA,0,NA,NA,NA,NA,69.5960540771489,NA,0,0,NA,NA,NA,NA,0.508000024318694,8.10623201896732e-09,4.57200002670288,NA,NA,6.60400033569337,3.04800001485139,NA,NA,NA,0,1.01600003242493,NA,NA,NA,0.508000016212463,NA,1.26999987792969
390,"WAIKAPU 390","WAILUKU SUGAR","COOP","MA",130,20.8491,-156.5092,"USC00519376",NA,NA,NA,NA,0,0,25.9,NA,NA,NA,3,0.8,0,0,NA,NA,0,1.17154819359511,0.720952734520069,0,4.6,NA,NA,7.1,0,50,0,NA,NA,NA,0,0,2.25297729537521,0,NA
390.4,"Waikapu Country Club","NWS","HydroNet-UaNet","MA",145.9992,20.8346996,-156.5135,NA,"WCCH1","9320E016",NA,NA,0,0,14.2239999999997,0.508000000000266,83.8199999999999,NA,NA,NA,0,0,0,0,NA,0,0,0,NA,0,NA,0,0.254000000000133,34.798,0,0,0,0,NA,0,0,0,2.03199999999993
398,"KAHULUI AIRPORT","NOAA-NWS","NWS","MA",12,20.8887,-156.41,"USW00022516","PHOG",NA,NA,NA,2,0,22.6,0.3,61,25.1,2.3,NA,NA,0,0,0,0.8,0.3,NA,NA,NA,3.3,NA,0,4.3,48.5,0,0,0,0,0,0,0,1.27,NA
426.6,"Pukalani","NWS","HydroNet-UaNet","MA",495.9096,20.8355007,-156.3307,NA,"PUKH1","15D2B52E",NA,NA,0,0,56.8960000000001,3.048,45.212,13.97,10.1600000000001,0,NA,0,NA,0,1.01599999999985,2.03199999999993,0,3.55600000000004,5.33400000000006,0.762000000000171,NA,0,5.8420000000001,20.0659999999998,0,0,0,0,NA,0,0,4.82600000000025,7.36599999999999
446,"KAILUA 446","EMI","COOP","MA",213,20.89012208,-156.2121892,"USC00512679",NA,NA,NA,NA,2.69648356231278,0.865738474917669,49.4073715222288,3.68169897375271,66.2568323489728,37.131643362327,20.3962363079283,4.42903416825169,4.78340522982543,6.6,7.29075869563162,NA,NA,NA,1.03472291045654,0.5,33.5660271659061,13.7729005054086,48.8624146731891,6.74120890578101,50.7519110963936,137.2,8.08945068693801,6.0651443000898,6.74120890578101,3.11166532356646,1.47930348782678,2.5,9.43769246809379,26.3316020833167,80.8382188686498
457.1,"PUUKOLII 457.1","COOP","COOP","MA",128,20.93194,-156.67611,"USC00518407",NA,NA,NA,NA,0.491089454775271,2.3043428262532,17.3,NA,NA,NA,NA,0,0,1.35994002860844,0,0.5,0,NA,0,0,NA,NA,NA,4.1,NA,11.7,NA,1.54882058813739,0,0,0,0,1.43549225242002,0,2.3043428262532
462.4,"KAPALUA W.MAUI AIRPORT 462.4","KAPALUA W.MAUI AIRPORT 462.4","NWS","MA",73,20.9625,-156.6753,"USC00513317",NA,NA,NA,NA,0.351513976549545,1.09960782407806,24.766126558714,NA,NA,13.0618234828254,3.06055366418566,0.692216451854804,0,0.973423319675663,0.270867307247532,0.929722984260567,0,1.05167860071399,1.8,0,12.4598961333865,NA,3.22031131949844,5.8694288376143,1.45617037021938,37.715086702119,3.72132427944951,1.40958467768343,1.11356559646208,0.120385469887792,0,0,2.03873181675443,0,6.46483053162877
465.1,"Mahinahina","NWS","HydroNet-UaNet","MA",223.1136,20.9552002,-156.6562,NA,"MABH1","190524C8",NA,NA,NA,NA,NA,NA,NA,NA,NA,NA,NA,NA,NA,NA,NA,NA,NA,NA,NA,NA,NA,NA,NA,NA,NA,NA,NA,NA,NA,0,2.794,0.254,5.334
466,"MAHINAHINA 466","PIONEER MILL","COOP","MA",257,20.94678808,-156.6555055,"USC00515715",NA,NA,NA,NA,1.3,6.1,45.796137101522,NA,NA,24.1531939844215,8.62614070872196,1.9200119641994,0,3.6,0.500872686312888,1.71919178207753,0,NA,1.3,0,23.0401435703928,NA,5.95481971505322,10.8534197755052,NA,40.5852638331033,NA,4.1,2.05914326595298,0.222610082805728,0,0,3.8,0,6.1
484,"WAIEHU CAMP 484","WAILUKU SUGAR","COOP","MA",98,20.91623388,-156.5088444,"USC00519275",NA,NA,NA,NA,0,0,28.7397481248103,NA,NA,16.1459694208335,1.8,0,0,0,0.669648501324891,1.41370239168588,0,1.3,0.8,0,10.2531361701422,NA,3.9806883134313,7.87846377166614,1.8,85.6,4.6,0.74405389036099,2.75299939433566,0.297621556144396,0,0,2.5,0,11.9048622457758
486.7,"HAIKU 3.2 SE","HAIKU 3.2 SE","CoCoRaHS","MA",416,20.92011989,-156.3071849,"US1HIMI0001",NA,NA,NA,NA,1.16796147201878,0,NA,NA,NA,43.4,15.5,6.9,0,3.23435484559046,1.8,3.8,NA,3.49437054719056,0.5,NA,41.4,NA,10.7,NA,4.83835921918693,90.2,12.3646957823666,2,7.4,0.8,0,0,6.77401290589196,0,32
489,"Haiku","NWS","HydroNet-UaNet","MA",99.3648,20.9288998,-156.3225,"USC00510822","AIKH1","50A30568",NA,NA,1.01600000000008,0.254000000000019,27.4319999999999,2.03200000000004,38.1,15.7479999999999,10.668,1.53281084116765,0.761999999999944,4.06400000000008,2.53999999999996,NA,NA,NA,0,0.188393508901767,25.1460000000001,3.21890276645183,29.4640000000001,2.53999999999985,NA,81.7879999999999,3.04800000000012,NA,2.53999999999985,0,0,2.79399999999998,3.55599999999993,NA,68.0719999999999
499.9,"KANELOA","RAWS","RAWS","KO",248.412,20.52222222,-156.5658333,"USR0000HKAN","KAOH1","32793370",NA,NA,0,0,4.826,0,43.942,28.956,0.762,0,0,0,0,0,0,0,0,0.507999999999996,0.762000000000015,0,0,0,0,1.27,0,0,0.254000000000005,0,0,0,0,0.761999999999986,4.82600000000001
524,"MOLOKAI KAUNAKAKAI MOLOKAI AIRPORT","ALOHA AIRLINES","NWS","MO",141,21.15514996,-157.0924625,"USW00022534","PHMK",NA,NA,NA,0,0,3.3,0,85.9,25.9,3.6,0,0,0,0,0.5,0,NA,0,0,NA,0,0,0,0,NA,0,0,0,0,0,0,0,0.254,12.192
536.5,"Kaunakakai Mauka","MOLOKAI GEN HOSP","HydroNet-UaNet","MO",28.3464,21.0946007,-157.0174,NA,"KACH1","50A0F2E2",NA,NA,NA,NA,7.874,7.366,92.964,NA,1.52399999999999,NA,0,NA,NA,0,NA,0,NA,NA,0,NA,0,NA,0,0.50800000000001,NA,0,NA,NA,NA,NA,0,0.507999999999996,17.526
536.6,"KAUNAKAKAI 3.5 ESE","KAUNAKAKAI 3.5 ESE","CoCoRaHS","MO",13,21.068,-156.963,"US1HIMI0002",NA,NA,NA,NA,0.3,0,5.3,1.5,NA,115.6,NA,0,0,0,0,0,NA,NA,0,0,0,NA,0,0,0,0.3,0,0,0.3,0,0,0,0,0,NA
538,"MOLOKAI 1","RAWS","RAWS","MO",833.0184,21.115,-156.9475,"USR0000HMLK","MLKH1","487016AC",NA,NA,0.508000000000152,0,26.9239999999999,2.79399999999998,159.512,37.846,3.55600000000004,0,0,0.253999999999905,0.762000000000171,2.53999999999996,0.762000000000171,5.58799999999997,0,0,3.30199999999991,0.761999999999944,0.761999999999944,0,0,1.77800000000002,0,0.762000000000171,1.01599999999985,0,0,0,0,1.01600000000008,20.8279999999998
541.2,"Puu ALII WEST","Puu ALII WEST","RAWS","MO",1159.764,21.14083333,-156.9022222,NA,"PAFH1","32D6062E",NA,NA,5.58800000000019,0,147.066,2.7940000000001,156.972,60.96,NA,5.08000000000038,0,10.1599999999994,5.08000000000038,NA,NA,NA,0,NA,3.556,10.668,NA,8.63600000000001,114.005503669148,NA,3.30200000000002,NA,8.89,2.286,0,1.77799999999999,NA,242.354623376045,20.828
550.3,"MAUNALOA 3.2 NNW","MAUNALOA 3.2 NNW","CoCoRaHS","MO",93,21.1804,-157.2319,"US1HIMI0006",NA,NA,NA,NA,0,2.3,NA,NA,NA,43.2,NA,0.3,NA,0,NA,0,NA,NA,0,0,0.8,0,0,0,0,0,0,0.5,1.8,0,0,0,0.3,0,NA
553,"MAKAPULAPAI","RAWS","RAWS","MO",22.86,21.20333333,-156.9661111,"USR0000HMAK","MKPH1","FA9024CE",NA,NA,NA,NA,NA,2.03204362890625,90.1699829101562,NA,NA,NA,NA,1.01605224609375,1.2699585421875,NA,NA,NA,NA,NA,NA,0,NA,0.50799560234375,NA,NA,0.2539675625,NA,7.11199951171885,0,0,0,1.778,NA,NA
679,"LANAI 1","RAWS","RAWS","LA",387.096,20.87333333,-157.0063889,"USR0000HLAN","LNIH1","48702336",NA,NA,3.55599999999998,0,10.16,5.84199999999998,138.176,26.924,1.27000000000004,0.254000000000019,0,0,0,0,0,0.761999999999944,0,1.52400000000006,2.03199999999993,0,0,0,0,1.52400000000006,0,0,0,0,0,0,0.253999999999962,3.04800000000006,11.176
702.7,"Kapolei-Kalaeloa AP","NWS","NWS","OA",15,21.31667,-158.06667,"USW00022551","PHJR",NA,NA,NA,0.464582334269842,0.8,7.6,2.3,19.6,103.4,31.8,0,0,0,0,0,0.3,4.3,0,0,2.3,0,0.0774303890451007,0,0.154860778089924,0,0,0.232291167135025,0.3,0,0,0,0,2.54,35.814
702.8,"PTWC","NWS","HydroNet-UaNet","OA",1.524,21.3150005,-157.9992,NA,"PTWH1",NA,NA,NA,1.00739352177813,1.73470827014789,12.7774075274316,3.66065535837621,29.942257258824,213.163686376841,60.0732784638162,0,0,0,0,0,0.545609681067658,4.62534863808771,0.111932613530887,0,3.88452058543808,0.111932613530887,0.629318384335397,0,0.379080958303066,0,0,0.594490725995016,0.650515601305458,0,0,0,1.016,6.096,39.116
703,"HONOLULU INTERNATIONAL AIRPORT","USWB","NWS","OA",2.1,21.324,-157.9294,"USW00022521","PHNL",NA,NA,NA,NA,NA,4.1,2.8,11.2,201.2,NA,NA,0,0,0,NA,0.5,2.5,0,0,0.3,0,1,NA,0.3,0,0,0.5,NA,0,0,0,1.27,10.5258217298919,21.082
703.1,"HONOLULU FIRE STATION 703.1, HI US","COOP","COOP","OA",1,21.3287,-157.9298,"USC00511925",NA,NA,NA,NA,1.3,0.3,5.6,0.5,13.5,33.7680721520397,214.9,0.8,0,0,1.31419396231464,2.06034123536873,0.183408949565658,4.1,0.3,0,0.707036686600496,0,2.3,0.3,0.3,0.282814674640198,0,1.01813282870471,1.5,0,0.0848444023920596,0,0.554800230290819,NA,17.5
705,"BERETANIA PUMP STN 705","BWS","COOP","OA",6,21.305169,-157.8522571,"USC00510211",NA,NA,NA,NA,0.3,3.8,4.3,1,31.8,168.1,137.299245963537,0,0,1,0.3,1,0.5,10.2343849788909,0.881923810664191,2.5,1.13294686745692,1,2.5,3.62756044092424,0.5,0.5,0,2.5,2.93572289309568,0.5,0,0.3,0.5,17.5,45.7
705.12,"Aloha Tower","NWS","HydroNet-UaNet","OA",38.1,21.3034,-157.8627,NA,"ALOH1",NA,NA,NA,0.12713946812283,2.09308125064904,3.18949194217222,1.34851633791932,22.211921789979,151.626062091445,NA,0,0,0.558331001532582,0.08475964541522,1.25119477752152,0.975151045062502,6.04728813266773,0.206849137611386,2.54498937944984,0.860816012492984,0.7421969016314,3.33939629272082,1.10319540059389,3.38119896878898,0.692863775988982,0,2.96517607359768,1.79269252596502,0.233199025741484,0,0.268625545514203,1.72796144660719,19.558,43.942
707.2,"EWA KALAELOA AIRPORT","LYDECKER RC","STATE","OA",14,21.30489073,-157.8305905,"USW00022551",NA,NA,NA,NA,0,0.8,7.6,2.3,19.6,103.4,31.8,0,0,0,0,0,0.3,2.30486077809006,0,0,2.3,0,0,0,0,0,0,0,0.3,0,0,0,0,2.6756542197681,43.7
707.5,"HONOLULU 2.0 SW","CoCoRaHS","CoCoRaHS","OA",12,21.3004,-157.8293,"US1HIHN0023",NA,NA,NA,NA,1,0,8.1,0,0,59.7,209.3,0,0,0,2.38805661749519,3.8,0.3,11.7,1.3,0.5,2.5,0.8,4.8,6.4,3.8,1,0.3,1.8,4.3,0.3,0.3,0.3,0.8,8.2299217204819,41.4
712.1,"MANOA 712.1","BEAUMONT MRS J","COOP","OA",61,21.31044568,-157.8147571,"USC00516122",NA,NA,NA,NA,5.42673253782867,1.8,7.9,0,0.771772205067193,65,208.3,0.8,0,0.3,4.1,5.6,3.8,17.9601139510694,8.1,4.8,2.17169070769579,0.5,5.1,13.6932831476265,5.68090930976051,5.91041456021388,2.5,6.9,8.85990499353398,0.5,1.3,1.3,5.8,23.1,53.8011487620647
713,"UNIV OF HAWAII 713","UH MET DEPT","COOP","OA",24,21.29933514,-157.8167017,"USC00518815",NA,NA,NA,NA,2,0,0,0.3,1.09351028336766,66.8,209.3,1.3,0,0,1.5,2,0.3,13.5,1.8,1,2.5,0,5.3,8.4,4.6,2.5,0.3,2.18189678247007,5.3,0.3,0.3,0,1.3,13.7832527106427,36.3
715,"WAIALAE KAHALA","TINKER SPENCER","COOP","OA",15,21.27433592,-157.7880917,"USC00519185",NA,NA,NA,NA,0.5,0,3,0,0,33.0259247939499,228.6,1.3,0,1,0.5,0,0,5.6,1.8,0,0,0,0,5.88104621007409,2.5,4.1,0,2.04023706016985,2.5,0,0,0,0.5,9.44977931498985,29.5
718,"PALOLO VALLEY 718","BWS","COOP","OA",302,21.32183297,-157.7717015,"USC00517664",NA,NA,NA,NA,4.1,1.84864520314483,2.8,0.3,46,189.7,204.583972360567,0.8,0,9.1,2,13.0445894931641,3.3,41.4,5.1,15.6286904021399,7.4,3.6,30,5.3,62.6408214289233,9.4,0.8,26.7,9.4,1,0,0.8,46.6685625105387,59.9,31
720.6,"HONOLULU 2.7 SSE","CoCoRaHS","CoCoRaHS","OA",113,21.285,-157.7816,"US1HIHN0010",NA,NA,NA,NA,0.5,0,6.4,0,0.178039357768805,36.3,223,0,0.5,0,0,0.3,0.5,10.7,1,0,0.5,1.3,3.87112317104518,8.6,2.99229321684515,3.3,0.3,2.13872286706803,3.8,0.3,0,0,0.3,6.78450098704745,27.9
721,"WILHELMINA RISE 721","BWS","COOP","OA",335,21.29766804,-157.7853133,"USC00519980",NA,NA,NA,NA,0.3,1.3,2.5,0.3,40.4,180.3,210.71330081816,0,0,2,0.5,5.3,4.6,23.6,0.5,11.4,3.3,2.3,19.1,4.3,13.5,3,0,11.7,3.8,1,0,1.8,6.9,39.1,26.7
721.4,"Palolo Fire Stn","NWS","HydroNet-UaNet","OA",59.436,21.2996006,-157.7944,"USC00517662","PFSH1","19014414",NA,NA,0,1.77800000000025,2.28600000000006,0,49.5299999999997,152.1455078125,NA,0,0,1.52400000000034,0,3.04800000000023,3.55599999999959,17.018,0.762000000000171,10.1599999999999,2.54000000000042,2.53999999999951,12.4459999999999,2.03200000000015,17.2719999999999,3.04800000000023,0,11.4299999999998,3.30200000000013,0.507999999999811,0,1.01600000000008,6.096,40.1320000000001,22.09838875
723.4,"PAIKO DRIVE 723.4","GRUBB DL","COOP","OA",3,21.28172556,-157.7282194,"USC00517540",NA,NA,NA,NA,0,0,3.3,1,26.4,125.7,NA,1.3,0,0,0,1.3,5.1,NA,0,0,7.9,1.3,2.8,2.5,NA,1.3,0,0,3.6,0,0,1,1,30.5,NA
723.8,"Niu Valley","NWS","HydroNet-UaNet","OA",19.812,21.2896996,-157.7332,"USC00516865","NIUH1","1900D38C",NA,NA,0,2.03199999999993,6.60400000000016,0.507999999999925,30.7339999999999,176.784,NA,1.26999999999975,0,1.27000000000021,0.253999999999905,1.52400000000011,1.26999999999998,8.88999999999987,0,1.26999999999998,6.60400000000004,0.508000000000038,3.80999999999995,2.7940000000001,9.65200000000004,1.52399999999989,0.508000000000038,3.55600000000004,1.77800000000002,0,0,0,3.80999999999995,12.6999999999998,42.6720000000003
724.21,"Kamehame","NWS","HydroNet-UaNet","OA",242.316,21.3085995,-157.6791,NA,"KMHH1","190046EE",NA,NA,0,1.77800000000025,10.6679999999997,0.508000000000266,29.7179999999998,135.032294400853,NA,0.970059586212837,0,0.25400000000036,0,0.253999999999905,0,6.096,0.25400000000036,0.253999999999451,5.04430984830778,0,1.26999999999998,2.13413108966874,0.762000000000171,1.16407150345555,0,1.01600000000008,0.253999999999905,0,0,0,2.91017875863905,9.70059586213013,34.798
728.2,"PALEHUA","RAWS","RAWS","OA",722.376,21.385,-158.1041667,NA,"PLHH1","4870F55E",NA,NA,0,3.048,17.78,1.86217960190203,16.9925969168236,166.37,41.1479999999999,0,0,2.03199999999993,2.03200000000015,0.507999999999925,0.254000000000133,1.52399999999989,0.508000000000038,0.507999999999925,3.59634144891654,0.508000000000038,2.03199999999993,0.254000000000019,1.2700000000001,0,0,3.04799999999989,1.01599999999996,0,0,0,1.77800000000002,19.0359199896228,33.2739999999999
740.5,"Kunia","NWS","HydroNet-UaNet","OA",85.0392,21.3869991,-158.0358,NA,"KUNH1",NA,NA,NA,0.568869392684043,1.21183566810802,7.74352822102787,0.598391206459089,NA,129.142643949552,26.4783827893107,0,0,0.462265113849789,0.578904896144057,0.249141182198206,0.359317769983794,1.06426087152354,0.178574295401263,0.0964841493573214,1.23135219065925,0.178574295401263,2.14725410472318,0.0482420746786714,0.558047698322101,0,0,1.05416088353724,0.578904896143991,0,0,0,0,13.97,62.484
742.4,"HONOULIULI PHB","FWS","RAWS","OA",1.524,21.35666667,-158.0205556,NA,"HOFH1","327BF39A",NA,NA,1.52399999999966,1.11093681230817,4.06400000000031,0.761999999999944,32.1475848268519,144.526,32.0040000000004,0,0,0,0,0,0.253999999999451,0.508000000000266,0.253999999999905,0,1.26999999999998,0.253999999999905,0.25400000000036,0,0.507999999999811,0,0,0.762000000000171,0.492054869798754,0,0,0,0,7.72853123313843,60.4519999999998
752.6,"WAIAWA PHB","FWS","RAWS","OA",1.524,21.38694444,-157.9811111,NA,"WWFH1","3274C092",NA,NA,0.254,0.762,10.16,0.508000000000001,29.7987485603015,169.164,27.686,0,0,0.254000000000048,0.52180318467399,0.507999999999981,0.761999999999972,2.03200000000001,0,0,1.36586547682318,0,5.58799999999997,0,0.508000000000038,0,0,0.762,0.642144642292509,0,0,0,0.253999999999991,13.462,32.512
764.6,"AIEA HEIGHTS 764.6","G FOWLER","COOP","OA",238,21.39488776,-157.91031,"USC00510123",NA,NA,NA,NA,10.2,4.1,9.38092452271994,0,1,84.1169266840068,205.5,3.6,0,4.3,4.6,8.6,4.6,10.2,5.8,1,2.5,0.5,7.1,11.7,2.5,10.7,0.3,3,11.2,1.3,2.3,0,2.8,9.7,29.5
764.7,"AIEA 0.7 ENE","CoCoRaHS","CoCoRaHS","OA",175,21.393,-157.9186,"US1HIHN0014",NA,NA,NA,NA,11.2,1.8,4.8,4.6,1,83.4750946634384,237,2.5,0.3,2.8,3.3,6.9,4.1,9.7,4.6,0.3,1,0.5,6.1,10.2,1,7.6,0.3,2,9.4,0.5,0.5,0,2.5,6.9,27.2
770,"MOANALUA 770","ROXBURGH J","COOP","OA",6,21.34794527,-157.8950332,"USC00516395",NA,NA,NA,NA,3.8,3.6,5.8,0,2.8,46.9138342352422,223,0,0,0,2,3,0.3,15.7,2.06539342781832,0.670550624691721,0,0,3.3,2.8,0.5,0,0.244205207792648,1.48022302056701,6.1,0.5,0,0,1,11.62809808256,27.9
772.3,"MoanaluaRGNo.1atalt1000","USGS","USGS","OA",304.8,21.39338889,-157.8401111,NA,"MOGH1","1689664A",NA,NA,9.9468123973779,1.40860212370632,17.2041752070023,0.8691986080838,69.5647599166932,276.215295213441,86.991851736021,5.71440991924698,1.09281451269593,17.3830594086132,4.10561402807685,15.2938103741954,13.3180189490873,57.0606806234894,5.49384884860903,18.9740844763382,23.3693487678896,9.13500960548675,47.6141730696248,8.08170054422344,73.0866507127604,11.9148504823778,2.00036512161044,39.1082841588215,10.3813912680562,6.35125776046741,5.84569686215795,0.762,36.322,159.512,43.688
772.5,"Moanalua Stream","USGS","HydroNet-UaNet","OA",72.2376,21.3736,-157.8801,"USC00516400","MOAH1","1900B66A",NA,NA,8.382,0.507999999999996,4.57200000000001,3.55599999999998,24.4690129512936,239.268,88.5141141328258,0.507999999999981,1.01600000000002,5.33399999999995,2.54000000000002,5.33134108094062,7.87400000000002,38.1,2.54000000000002,6.37463602683435,4.57199999999995,4.31800000000004,16.2679711248188,5.07999999999998,23.8353714276993,5.58799999999997,1.52400000000006,20.0275491932545,5.33399999999995,3.30200000000002,2.28599999999994,2.54000000000008,16.4719015537626,38.1,74.6760000000001
773,"KAPALAMA 773","KAMEHAMEHA SCH","COOP","OA",188,21.33933391,-157.8567005,"USC00513268",NA,NA,NA,NA,12.4,2.65689138508019,3.8,0.138588358916689,22.2424046553399,155.20876113973,213.4,0.8,0.3,2.5,2.75354871780261,4.44276144516991,1.43191533279501,20.3,5.1,1.80541288092473,1.78420985503599,0.125861372812717,5.72505161881667,8.0893853841639,2.97999894078836,3.84833636916454,0.782714004953451,3.95400395598093,8.02087008655999,0.691498501565296,0.717550673855186,0,1.75671438972795,19.1019837370199,36.787430416993
775,"NUUANU RES 5 775","BWS","COOP","OA",125,21.339125,-157.835905,"USC00516933",NA,NA,NA,NA,14.2,2,2.5,0.8,41.9,211.3,312.331881607883,0.5,0.5,6.6,2,7.9,6.6,30.7,2.8,9.7,12.11311068652,6.9,34.5,4.6,40.4,5.3,1,26.2,4.6,3.8,2,5.6,27.2,41.9,35.8
781.12,"Luluku","NWS","HydroNet-UaNet","OA",84.1248,21.3875008,-157.8099,NA,"LULH1",NA,NA,NA,NA,NA,NA,NA,NA,NA,NA,NA,NA,NA,NA,NA,NA,NA,NA,NA,NA,NA,NA,NA,NA,NA,NA,NA,NA,NA,NA,0,22.098,137.668,64.516
781.13,"KANEOHE 0.8 SW, HI US","CoCoRaHs","CoCoRaHs","OA",20,21.4039,-157.8017,"US1HIHN0027",NA,NA,NA,NA,NA,0.3,8.6,7.4,NA,55.9,243.1,7.4,4.6,1.5,5.1,3.3,1.3,8.6,7.1,1,NA,4.6,NA,NA,NA,NA,0.3,1,5.6,2.3,0.3,0.3,NA,NA,43.9
782.3,"Nuuanu Upper","NWS","HydroNet-UaNet","OA",248.412,21.3502007,-157.8184,"USC00516938","NUUH1","156097FE",NA,NA,12.0748813664006,0.507999999999811,7.36599999999999,0.761999999999944,67.5640000000001,198.882077695313,69.2161674574999,4.82599999999979,1.01600000000008,17.5260000000001,3.80999999999995,15.24,12.954,53.3399999999999,6.09600000000023,19.8119999999999,23.114,7.61999999999989,39.8780000000002,6.35000000000014,70.8659999999998,12.7,2.53999999999974,34.7980000000002,10.4139999999998,6.8580000000004,5.58799999999997,5.33399999999983,52.0699999999999,79.502197484375,36.3220000000001
783,"NUUANU RES 4 783","BWS","COOP","OA",320,21.35266525,-157.807534,"USC00516928",NA,NA,NA,NA,7.57145843484339,0.3,5.72140583884253,0.3,47,198.9,98.5536239127261,8.6,1,16.3,3.6,11.7,10.9,45.7,3.6,13.7,20.8,5.6,31,7.4,54.4,9.4,1,26.2,8.9,3.6,6.1,3.3,40.4,99.8,29
784,"PAUOA FLATS 784","BWS","COOP","OA",549,21.33516,-157.81058,"USC00517810",NA,NA,NA,NA,10.7938644367453,2.5,8.6,1.5,58.2,200.4,103.843558226399,8.6,2.5,16.7142227232452,8.6,18.256464903352,11.9,51.3,5.8,20.5182933166358,16,9.71099962445602,51.6,8.29127994436244,74.4,24.6,4.8,49.8,11.9949904522501,5.1,7.4,4.8,61.2,104.4,29.2
785.11,"WAIHI STREAM NEAR HONOLULU 3NE","USGS","USGS","OA",108,21.3283,-157.801,NA,"WISH1","16EA459A",NA,NA,0,0,0,0,NA,NA,NA,0,0,0,0,0,0,0,0,0,0,0,NA,0,NA,NA,0,NA,NA,0,0,0,NA,NA,0
785.4,"Manoa Lyon Arbo","NWS","HydroNet-UaNet","OA",151.7904,21.3330002,-157.8024,"USC00516128","MNLH1",NA,NA,NA,23.7497433285805,6.4,7.07819383503945,2.5,47,34.5,211.8,3.8,2.5,5.8,5.25619629400615,16.5273013761686,7.6,43.9,5.88433515332105,11.4,16.8,10.7306134634122,26.7,7.98048053308302,39.9,74.9,3.04831176562258,78.7,5.1,5.1,5.68069653116427,3.556,58.42,66.548,27.686
787.2,"Maunawili","NWS","HydroNet-UaNet","OA",127.1016,21.3509998,-157.7668,NA,"MAUH1","19007374",NA,NA,0.254000000000133,3.04799999999977,13.2080000000003,2.79399999999987,52.5779999999997,186.436645507812,NA,NA,0,10.6680000000001,3.04800000000023,7.61999999999989,3.30199999999968,27.4320000000002,0,1.01600000000008,NA,7.11200000000008,8.63600000000042,2.28600000000006,18.5419999999995,6.85800000000017,0,12.4459999999999,5.8420000000001,0,0.253999999999905,1.27000000000044,14.4779999999996,73.4059999999999,52.3239999999999
788.1,"PALI GOLF COURSE 788.1","C&C PARKS & RECR","COOP","OA",146,21.37183016,-157.7839226,"USC00517656",NA,NA,NA,NA,1.8,0,NA,NA,7.14466460215197,NA,366.991796393465,1.74260112247609,3.6,NA,NA,NA,NA,NA,7.14466460215197,4.1,22.6538145921892,NA,NA,3.48520224495218,6.27336404091392,0.871300561238045,0,6.27336404091392,NA,NA,NA,NA,NA,NA,NA
788.2,"St Stephens Seminary","NWS","HydroNet-UaNet","OA",142.9512,21.3666992,-157.7786,NA,"STVH1","19005598",NA,NA,0,0.254000000000019,15.24,2.79400000000004,60.198,235.712,69.2544875377304,4.31799999999998,0,6.34999999999991,1.01600000000008,2.79399999999998,3.81000000000006,20.3199999999999,1.77800000000002,4.06400000000008,8.88999999999987,2.11619687294723,9.39800000000002,4.82599999999991,19.812,6.09600000000012,0,6.09599999999989,4.572,0,0,1.01599999999996,12.7,64.77,54.1020000000001
790.11,"Olomana Fire Stn","NWS","HydroNet-UaNet","OA",45.1104,21.3777008,-157.7507,"USC00517052","OFSH1","19011468",NA,NA,0,2.03200000000004,11.684,1.26999999999998,45.7199999999999,196.596,NA,1.01599999999996,0,3.80999999999995,0.254000000000019,0.254000000000019,3.30199999999991,12.4460000000001,0.508000000000038,0.507999999999925,6.85800000000006,0,2.79399999999987,1.52399999999989,2.54000000000019,1.52399999999989,0,1.01600000000008,1.01600000000008,1.26999999999998,0,0,7.8739999999998,42.0457666393719,40.1320000000001
793.1,"WAIMANALO EXPERIMENTAL FARM","CoCoRaHS","CoCoRaHS","OA",38,21.3727,-157.725,"US1HIHN0022",NA,NA,NA,NA,0.3,0,NA,3,0,41.4,159.5,4.1,0,3.8,1,0.3,0.5,4.3,2,0.8,0,0,0.3,1.3,1,1,0.8,0.8,1.8,2,0,0,0.5,3,NA
793.2,"BELLOWS AFS AT WAIMANALO","NWS","STATE","OA",6.66,21.3667,-157.717,NA,"BELH1","B14036D2",NA,NA,0,0,6.096,0,26.924,167.132,NA,0,0,0,0,0,0,2.54000000000002,0.253999999999962,0,1.52400000000006,0,0,0,0,0,0,0,0.507999999999981,0,0,0,1.01599999999996,3.81,30.226
795.1,"WAIMANALO EXP F 795.1","HAES","COOP","OA",18,21.33516407,-157.7105906,"USC00519523",NA,NA,NA,NA,4.8,0,NA,NA,NA,NA,159.3,2.8,0.5,0,0,0.3,0,10.4,0,2.8,0,NA,NA,NA,NA,NA,NA,NA,NA,NA,NA,NA,NA,NA,NA
795.3,"Waimanalo Nonokio","NWS","HydroNet-UaNet","OA",20.1168,21.3356991,-157.7116,NA,"WMLH1","224185AC",NA,NA,0,2.286,9.90600000000001,0.253999999999991,32.258,155.702,NA,1.27000000000004,0.254000000000019,0.253999999999962,0,0.762,0.254000000000019,9.65199999999999,0,0.254000000000019,6.34999999999997,3.04800000000006,3.55599999999993,0,1.01600000000002,0,0,0,0.254000000000019,0,0,0,0,10.668,42.926
801.2,"WAIANAE BOAT HARBOR","NWS","STATE","OA",4.25,21.4503,-158.184,NA,"WBHH1","15D13434",NA,NA,0,7.11200000000008,12.192,1.01600000000008,3.55600000000004,8633.46,14643.354,NA,NA,NA,0,NA,0,NA,0.762,0.762,NA,NA,NA,0,NA,0,0,NA,NA,0,0,0,NA,2.54000000000087,29.7179999999998
803.2,"WAIANAE VALLEY","RAWS","RAWS","OA",291.6936,21.48055556,-158.1552778,"USR0000HWVA","WNVH1","487005DA",NA,NA,0,4.82600000000002,58.674,4.82600000000002,9.39800000000002,177.546,40.1319999999999,0.254000000000019,0,0.253999999999905,0.254000000000133,1.01599999999996,0.254000000000019,2.03199999999993,0.508000000000038,0.254000000000019,0,1.2700000000001,2.28599999999994,0,0.542910579260861,0,0,1.77800000000002,0.762000000000057,0,0,0,0,2.79399999999998,22.0979999999998
804,"Lualualei","US VY","HydroNet-UaNet","OA",35.9664,21.4211006,-158.1352,"USC00515647","LUAH1","8170406C",NA,NA,3.30200000000002,5.84199999999998,19.304,NA,NA,105.752422399876,19.05,0,0,1.77799999999996,0.762,7.87400000000002,6.35000000000002,0.968724479998799,0,8.88999999999999,4.57200000000006,0.322908159999647,1.29163263999845,4.06399999999991,6.09600000000006,0,0.507999999999981,6.60399999999993,1.27000000000004,0,0,0,2.79399999999998,0.507999999999981,21.1504844799752
810.1,"WHEELER ARMY AIR FIELD 810.1","COOP","NWS","OA",255,21.48722,-158.02806,"USW00022508","WAFH1","B14101B2",NA,NA,3.04800000000023,5.33399999999983,22.6060000000002,0.253999999999905,22.6060000000002,148.336,33.7819999999997,0,0,4.06400000000076,1.26999999999953,2.79400000000032,1.77799999999979,5.58799999999974,0.253999999999905,1.7780000000007,0,0,3.50188480217773,0.25400000000036,0.507999999999356,0,0,7.62000000000035,0.762000000000171,1.01599999999962,0.508000000000266,0,2.28600000000006,18.0339999999997,66.5480000000002
824.2,"Waipio","NWS","HydroNet-UaNet","OA",124.968,21.4199009,-158.0058,NA,"PECH1",NA,NA,NA,0.222817770526717,2.47451762175566,18.8667765336374,1.48048870753137,12.1757902454598,144.630193314824,30.1199497227136,0.190246722585295,0,1.53255326763558,1.03426714318589,0.50355322500141,0.412042069676175,1.57580177088713,0.121333258143145,0.121333258143118,1.13967799800217,1.26281359365497,4.37267479703846,0.0606666290715724,0.622137538021097,0,0,2.53793319595076,1.31932945953992,0,0.0634155741950792,0,0.508,11.176,74.168
828,"SCHOFIELD EAST","RAWS","RAWS","OA",381,21.49944444,-157.9933333,"USR0000HSCH","SCEH1","325AB384",NA,NA,11.886247480793,2.0319999999997,23.6220000000003,0.253999999999905,29.4640000000004,161.798,29.21,3.04799999999977,3.30200000000013,7.56397566959545,7.87400000000025,NA,11.1658688455934,54.028397639968,0.25400000000036,NA,1.26999999999998,6.12321839919643,NA,2.54000000000042,8.38199999999961,0.762000000000171,0.253999999999905,NA,4.06399999999985,4.68246112879726,4.57200000000012,1.77799999999979,10.8850466434578,57.404,99.0599999999999
834.13,"Waiawa CF","NWS","HydroNet-UaNet","OA",235.6104,21.4440994,-157.9669,"USC00519257","WAWH1",NA,NA,NA,6.74675826548766,1.25407784369004,9.08120056214137,1.68388859652052,25.0507363843822,191.753450247734,106.105680010802,1.18147703217391,1.45603591056537,4.54017794953057,3.71217604230433,6.39090812018805,5.81260899797849,28.8492948665887,1.75643120370814,9.49277919022935,4.58803209744395,4.76156643293767,18.8618617150437,3.84617770782261,17.7357201705698,3.71564374729164,0.919791656361942,23.7606514941422,4.37710160847959,2.9581685795062,2.68025009978705,0.254,8.636,26.416,40.64
834.14,"Pearl City HI US F9678-FW9678 ","unknown","APRSWXNET","OA",182.69,21.423,-157.952,NA,"F9678",NA,NA,NA,4.06400012969971,0.508000016212463,6.60399961471558,1.01600003242493,NA,172.720001220703,NA,0.254000008106232,1.01600003242493,8.38199996948242,4.82599963378906,NA,7.36599969863892,12.6999998092651,0,0.76199996471405,0.76199996471405,3.30199980735779,NA,0.254000008106232,2.28600001335144,0,0,NA,2.03200006484985,1.77799999713898,1.5239999294281,0.508000016212463,7.11199998855591,24.6380004882813,22.6059989929199
835.2,"Palisades","NWS","HydroNet-UaNet","OA",261.8232,21.4298,-157.9452,NA,"PACH1",NA,NA,NA,6.61621144664235,1.56614069747091,3.72346250315257,1.93183152457608,28.7644969459543,148.173917990134,104.052581553475,0.849456559630469,0.866145622610394,4.45232749380359,2.16042844014647,6.26724684587044,5.70013755850817,28.2910736405476,2.76565560170493,7.49369003524735,8.3699533434319,4.70269156623351,19.1237793967487,4.22967643533147,28.0196209795008,13.9405268811482,1.29572283986195,23.5433435239514,3.88487022661801,2.90092931251807,2.38563962914389,1.016,10.414,43.18,25.654
837.12,"WAIAHOLE STREAM NEAR KAHALUU 2N","USGS","USGS","OA",4,21.48194,-157.8458,NA,"WHSH1","162B784C",NA,NA,0.254,0.508,13.716,0.254,26.924,190.246,NA,6.60399999999996,0,4.82600000000008,2.286,1.26999999999992,2.79400000000004,6.60399999999998,3.30200000000002,2.53999999999996,NA,3.55600000000004,15.24,2.28599999999994,6.096,0.508000000000038,0,7.36599999999999,3.30199999999996,0.254000000000019,1.01600000000002,1.01599999999996,9.65200000000004,13.97,44.196
837.5,"WAIHEE 837.5","COOP","COOP","OA",34,21.45167,-157.84889,"USC00519281",NA,NA,NA,NA,3,1.8,6.6,3.3,18.227477893145,38.1,240.8,3,6.6,1,5.8,3,1.3,9.4,7.6,1.5,13,2,10.7,4.8,4.8,2.31121020399648,1,5.6,4.71319657582411,1,0.3,0,2.99148353710212,29.4019623226242,128.5
839.15,"Ahuimanu Loop ","NWS","HydroNet-UaNet","OA",74.0664,21.4319992,-157.8373,NA,"AHUH1","15CE7632",NA,NA,2.032,0.761999999999986,9.39800000000001,2.032,29.972,NA,NA,8.63600000000002,NA,4.06400000000002,1.26999999999992,3.55600000000004,4.572,12.446,NA,3.30200000000002,NA,2.03199999999993,16.51,0.761999999999944,NA,1.524,0,5.33400000000006,3.30199999999991,1.2700000000001,1.52399999999989,0,18.796,123.19,53.34
839.8,"Waihee Pump","USGS","HydroNet-UaNet","OA",64.3128,21.4463997,-157.8584,"USC00519286","WPPH1","195042AC",NA,NA,3.81000000000017,2.03199999999993,15.2428368762694,1.4063458571832,44.3545533313406,232.664,54.6701074731929,7.45015504798196,0,9.89950157545882,2.06819270573909,6.83590413054066,7.15845498198687,26.6233816386365,3.29302790651778,11.6598067550271,17.0579535193766,0.762000000000171,20.0659999999998,3.55600000000004,30.4941048935455,7.97577457752136,1.77800000000025,11.6839999999997,5.91695435021192,1.52399999999989,0.762000000000171,1.01600000000008,14.9859999999999,159.512,74.9300000000003
840,"KANEOHE BAY MCAS","USMC","NWS","OA",3,21.44404851,-157.7730876,"USW00022519",NA,NA,NA,NA,0,6.9,6.1,0,29,223.8,NA,0,0,1.5,0.5,1,1.5,5.1,0.5,0.3,NA,0.3,4.6,0.3,4.8,0,0,6.6,0,0,0.3,0,3.8,NA,NA
841.2,"KUAOKALA","S&PF","RAWS","OA",267.0048,21.57027778,-158.26,NA,"KKRH1","48710720",NA,NA,0,1.52400000000006,5.84199999999998,4.06400000000002,0.507999999999981,205.994,35.814,0,0,0,0.254000000000019,0,0,0.254000000000019,0.253999999999905,0,0,0,0,0,0.254000000000019,0,0,0,0,0,0,0,0,NA,32.5120000000001
841.3,"KAENA POINT 841.3","LOCKHEED BALLISTIC","COOP","OA",378,21.56322317,-158.2430755,"USC00512410",NA,NA,NA,NA,0.3,NA,NA,NA,NA,NA,NA,0.3,NA,NA,NA,NA,NA,2.3,1,0.3,0,NA,NA,NA,0.5,NA,NA,NA,NA,NA,NA,0,NA,NA,NA
842.1,"MakahaRainGage","USGS","USGS","OA",286.097472,21.50158333,-158.1801667,NA,"MKHH1","DD1423F8",NA,NA,0,10.414,69.342,3.30199999999999,8.88999999999999,208.070136515294,39.116,0.254000000000019,0,0,0,1.07916654814984,0,2.3183805889166,0,0,0,3.62963495497729,5.82913395144507,0,0.640189970467396,0,0,0.508,0.508,0,0,0,0,2.032,54.356
842.8,"MAKUA RANGE","RAWS","RAWS","OA",6.096,21.52861111,-158.2261111,"USR0000HMAR","MKRH1","3266B468",NA,NA,0,1.77800000000002,18.288,1.524,4.06400000000008,239.776,34.29,0,0,0,0,0,0,1.01599999999996,0.254000000000019,1.2700000000001,6.60399999999993,0,NA,0,0.508000000000038,0,0,0,0.254000000000019,0,0.253999999999905,0,0,0.254000000000019,26.924
843.7,"DILLIINGHAM","RAWS","RAWS","OA",31.0896,21.57194444,-158.1986111,NA,"DLGH1","3278D278",NA,NA,0.254000000000019,1.26999999999998,13.716,3.04799999999989,4.06400000000008,207.01,45.974,0,0,0,0,0,0,2.79399999999998,0,0,8.63599999999997,2.28600000000006,1.26999999999987,0.254000000000019,2.03200000000015,0,0,1.01599999999996,0.253999999999905,0,0,0,0.508000000000038,2.03200000000004,27.94
855.3,"Poamoho Exp Farm","NWS","HydroNet-UaNet","OA",220.0656,21.5382004,-158.0893,NA,"POAH1",NA,NA,NA,0.496554558732933,5.71037742542818,42.2071374922963,2.73105007303091,15.8897458794528,160.387122470726,38.4829783017994,0.74483183809929,0,3.72415919049667,0.496554558733156,0.74483183809929,0.248277279366355,1.73794095556516,0,0,0,4.46899102859596,6.95176382226063,0,0.496554558732933,0,0,5.95865470479476,0.74483183809929,0,0.248277279366355,0,0.254,19.812,119.634
858,"SCHOFIELD BARRACKS","RAWS","RAWS","OA",298.704,21.495,-158.0819444,"USR0000HSCO","SCBH1","3266A71E",NA,NA,0.508000000000038,5.84199999999987,43.1800000000001,2.79399999999998,16.2560000000001,164.084,39.3699999999999,0.761999999999944,0,3.80999999999995,0.508000000000266,0.761999999999944,0.253999999999905,1.77800000000002,0,0,0,4.57199999999989,7.11200000000008,0,0.508000000000038,0,0,6.096,0.761999999999944,0,0.253999999999905,0,2.28600000000029,16.2559999999999,72.644
884.4,"PunaluuRainGageatalt","USGS","USGS","OA",73.152,21.55644444,-157.899,NA,"PNSH1","DD989652",NA,NA,0.762000000000171,0.253999999999905,34.2900000000004,2.28600000000006,20.0659999999998,182.117999999999,27.6860000000001,15.2399999999998,2.03200000000061,13.2080000000001,4.06399999999985,7.36599999999999,9.14400000000023,22.3519999999999,2.0319999999997,19.4228887989428,45.9739999999997,6.09600000000046,24.4212446810197,2.03199999999924,19.0500000000002,12.6999999999998,0,22.1964227955404,3.04799999999932,6.35000000000036,1.52399999999989,4.31800000000021,13.2079999999996,58.1660000000006,74.4219999999996
885.6,"KUALOA RANCH 885.6","COOP","COOP","OA",25,21.53,-157.85028,"USC00514829",NA,NA,NA,NA,7.1,0.3,11.3512155171899,4.75392223506201,6.01700764021127,34.3928803519427,196.3,2.5,3.62040125482935,1.58473663405131,3.95867724711709,1.95942154047343,0.514104488017916,7.04733151451156,4.6,0,21.8,2.93161893944897,8.46295080275647,1.8,4.1,1.8,0,4.1,3.8,1,0.297030243725149,0,1.78390746490245,20.2176179355611,60.6287423725806
885.7,"OAHU FOREST NWR","RAWS","RAWS","OA",698.9,21.47747,-157.9369,NA,"OFRH1","8379F6FA",NA,NA,4.00376629525545,2.03200000000004,13.2080000000001,2.53999999999996,13.208,158.75,32.0039999999999,3.30200000000013,1.52400000000011,8.12799999999993,5.33400000000006,15.0618685187989,15.208989333162,56.2983841393423,3.55599999999981,31.1537354801627,39.1313832678888,7.87400000000002,52.2460656293338,7.11199999999985,72.0163535092051,4.57200000000012,1.52399999999989,43.3920366493816,8.63599999999997,6.3878146870219,6.02001606645678,0.254000000000133,55.2404578525255,113.03,35.3060000000001
886.1,"Waikane - Hakipuu Mauka","KUALOA RANCH","HydroNet-UaNet","OA",14,21.5084922,-157.8555853,NA,"HAKH1","16C69380",NA,NA,0.254000000000133,1.26999999999987,25.6540000000001,2.28599999999994,17.272,104.648,NA,3.30200000000013,0.253999999999905,4.82600000000002,0.762000000000057,0.761999999999944,6.35000000000002,7.3660000000001,2.79399999999998,10.16,26.1619999999999,6.60400000000004,16.5099999999999,2.54000000000008,6.60399999999993,1.52400000000011,0,8.38199999999995,0.762000000000057,0.253999999999905,3.04800000000012,0,10.922,14.7319999999999,45.2120000000001
886.11,"KUALOA RANCH HAKIPUU 886.11, HI US","COOP","COOP","OA",74.04,21.51083,-157.86222,"USC00514828",NA,NA,NA,NA,4.8,0.3,7.2545291935409,3.62726459677045,8.36195491403142,41.8784185263498,202.4,2,5.8,1.09917108993044,6.37519232159655,3.29751326979132,1.42892241690957,10.3322082453461,9.1,0,34.8,2.19834217986088,11.7611306622557,3.95217311547932,7.9,4.1,0.8,4.6,5.2809354039982,1.24444546654393,0.329751326979132,0,NA,NA,141.243485056062
886.4,"KahanaRainGageatalt","USGS","USGS","OA",28.956,21.54041667,-157.8825556,NA,"KNRH1","17B972EE",NA,NA,2.03199999999998,0.254000000000019,28.448,0.762,18.542,182.626,34.6213808406755,16.764,0.762000000000057,10.9219999999999,2.53999999999996,6.60400000000004,8.63599999999997,19.304,3.81000000000006,14.0351499662036,28.194,7.62,5.07999999999993,8.12800000000004,17.272,8.88999999999987,0.254000000000019,10.668,5.58800000000008,2.79399999999998,1.77800000000002,2.53999999999985,9.39800000000002,67.8180000000001,64.516
886.8,"Hakipuu Mauka","RILEY W","HydroNet-UaNet","OA",8.5344,21.5067005,-157.8547,"USC00510920","PTRH1","16C69380",NA,NA,0.254000000000133,1.26999999999987,25.6540000000001,2.28599999999994,17.272,104.648,12.0367572238322,3.30200000000013,0.253999999999905,4.82600000000002,0.762000000000057,0.761999999999944,6.35000000000002,7.3660000000001,2.79399999999998,10.16,26.1619999999999,6.60400000000004,16.5099999999999,2.54000000000008,6.60399999999993,1.52400000000011,0,8.38199999999995,0.762000000000057,0.253999999999905,3.04800000000012,0,10.922,14.7319999999999,45.2120000000001
886.9,"KUALOA RANCH HEADQUATERTERS 886.9","COOP","COOP","OA",7,21.5213,-157.8374,"USC00514830",NA,NA,NA,NA,4.3,0,7.73473899375747,3.23933129708806,4.1,23.4353715126767,210.6,1,1,1.07984243799004,2.69744990927255,1.33515341783063,0.350311737480102,4.80206457050185,4.1,0,13,1.99761050184054,5.76667014005706,2,3.6,0.5,0,3.6,1.69984940692894,1.08209087949211,0.202396950792363,0,1.21555780604647,13.77632180186,41.3125358303272
892.2,"WAIMEA ARBORETUM 892.2","COOP / WB","COOP","OA",8,21.638859,-158.058759,"USC00519603",NA,NA,NA,NA,6.4,3.82763850802746,4.6,1.53564839058753,0.5,34.5,162.8,1.5,1.3,2.8,4.8,6.57702053924284,0.3,14.9623211326442,1.8,0.966903483127098,1.09811511467817,0.319774004930473,6.01582713768032,1.5,4.1,7.9,0,6.4,9.9057059194839,0.838414775123458,6.1,0.3,2,63.3285139238596,110.7
897.11,"KamananuiRainGageatalt","USGS","USGS","OA",219.456,21.62238889,-158.0143056,NA,"KMRH1","DD34C1E4",NA,NA,7.81232580247073,1.38237249221668,5.11819237566795,0.910973697129762,15.8016766613599,109.73618455794,89.6216291152623,1.40789020277142,1.02884437843064,4.76087264759553,3.80162444088587,9.12925534741774,4.248245513181,31.7523658707811,2.33159136504625,11.3261023858536,13.3898184330911,5.37443279117233,29.6566256588379,3.33093924616076,27.3538071240277,6.23298861668707,0.563618399232672,19.7988471502584,5.4554448411643,3.78586346875152,4.81266517481542,0.254,9.398,136.144,65.278
897.9,"PupukeaRdRainGageatalt","USGS","USGS","OA",353.568,21.59902778,-158.0169167,NA,"PPRH1","1713D512",NA,NA,11.8278031705215,0.946548987231758,5.32996214244164,2.60441082326232,17.6958152055797,207.38733010716,121.994001840682,1.12560491571779,1.2973379017685,6.16725752449942,4.20510770589804,7.78148547185532,6.3223550402171,34.3666651972648,3.04836571926888,9.9964573126503,17.9809722050714,5.73734280592206,25.5108022211956,4.79874600513454,18.6947907950054,8.28526935227991,1.10961697701949,19.6805755506568,4.88824845556847,4.29101149861677,4.68209514450129,0.508,10.922,122.174,55.372
901.2,"KII KAHUKU 911","NWS","COOP","OA",7.6,21.6793,-157.945,"USC00514500",NA,NA,NA,NA,0.5,0,4.8,19.6,16.3,NA,106.7,3,0,0,1.3,2,0,6.9,0.5,0,19.8,1.8,2.3,0.8,1,2,0,0.8,2.3,3.6,0.8,0.3,1,9.7,27.2
903.2,"LAIE 0.2 WNW","CoCoRaHS","CoCoRaHS","OA",2,21.65,-157.9287,"US1HIHN0002",NA,NA,NA,NA,0,2.5,10.2,2.20626318618938,NA,27.9,162.6,6.4,0.5,1.5,0,0.5,3.3,7.6,1.3,0.5,23.9,0.3,0.3,0,2,5.3,1.8,2,2.3,1,1,1,2,14.2,24.6
904.1,"KAPAKA FARM 904.1","HON. FIRE DEPT","COOP","OA",1,21.60987636,-157.9100271,"USC00513208",NA,NA,NA,NA,1.3,1.3,14.7,5.8,5.05940562382839,32.5,136.7,7.6,3,2,2.8,1.3,0,5.6,3,0.3,18.3,3.6,NA,0.5,4.1,1.8,1.8,1.8,1,2.5,0.3,0,1.5,17,16.5
905.22,"Punaluu Pump","NWS","HydroNet-UaNet","OA",3.9624,21.5842991,-157.8916,NA,"PUNH1","19051152",NA,NA,0.508000000000095,NA,23.8759999999999,1.52400000000011,15.2399999999999,NA,29.21,11.1759999999999,0.762000000000057,4.82599999999991,1.77800000000002,1.524,6.096,NA,5.84199999999998,10.16,NA,4.31799999999987,6.85800000000006,2.79399999999998,5.58799999999997,1.26999999999998,0.762000000000057,3.04800000000012,2.53999999999985,4.572,0.254000000000133,0,4.06399999999985,21.082,32.0040000000001
909,"KAHUKU TRAINING AREA","RAWS","RAWS","OA",181.6608,21.67916667,-157.9894444,"USR0000HKAH","KTAH1","325A861E",NA,NA,0.254000000000005,18.796,3.55600000000001,9.65199999999999,8.12800000000001,94.488,26.416,7.11199999999999,0,2.79400000000001,2.79399999999998,1.27000000000004,6.096,3.80999999999995,2.286,16.764,2.54000000000002,0,6.60399999999998,0.508000000000038,4.06399999999996,4.06400000000002,0,7.36599999999999,1.77800000000002,3.55599999999998,2.286,0.254000000000019,2.03199999999998,18.542,89.4079999999999
911.1,"KII","RAWS","RAWS","OA",1.524,21.68833333,-157.9525,"USR0000HKII","KFWH1","8375210E",NA,NA,0,16.2560000000001,5.84199999999998,14.2239999999999,13.7160000000001,100.076,31.75,0,0,2.28599999999994,2.03200000000004,0.508000000000038,5.07999999999993,3.04800000000012,0.253999999999905,20.5740000000001,1.73929605665969,0.762000000000057,1.77800000000002,2.03199999999993,3.04799999999989,0.508000000000152,0,2.53999999999996,0.762000000000057,3.30199999999991,0.762000000000057,0,1.77799999999991,14.224,45.466
912,"KAUHUKU 912","KUILIMA  GOLF","COOP","OA",4,21.695,-157.9811,"USC00512570","KAHH1","B1404042",NA,NA,1.52400000000011,26.4159999999997,2.28600000000006,NA,11.4300000000001,131.572,33.02,4.57199999999966,0.254000000000133,2.28600000000006,1.52400000000034,0.507999999999811,5.33399999999983,1.52399999999989,0.25400000000036,19.3039999999996,6.60400000000027,0.507999999999811,1.52399999999989,2.79399999999987,8.38200000000006,0.25400000000036,0,3.80999999999995,4.06399999999985,4.57200000000012,5.8420000000001,0,4.31799999999976,21.8440000000001,80.0100000000002
926,"PORT ALLEN CAA AIRPORT","FAA","COOP","KA",9,21.89381249,-159.6010997,"USW0022526","PAKH1","B159A272",NA,NA,0.508,3.81,0.253999999999999,NA,11.43,46.736,NA,NA,NA,NA,NA,NA,NA,NA,NA,NA,NA,NA,NA,NA,NA,NA,NA,NA,NA,NA,NA,NA,NA,NA,NA
936,"KOLOA 936","MCBRYDE SUGAR","COOP","KA",73,21.90686471,-159.4622057,"USC00514742",NA,NA,NA,NA,6.9,5.3,1.3,NA,NA,NA,NA,0.8,0.3,2.8,NA,NA,7.00960899901652,NA,NA,NA,NA,NA,NA,5.49380597431363,22.9,17.3,2.20591554438072,NA,NA,NA,NA,3.73505788902715,2.5,NA,NA
940.2,"KOLOA 2.1 SSE","CoCoRaHS","CoCoRaHS","KA",12,21.8788,-159.4518,"US1HIKI0020",NA,NA,NA,NA,2.3,2.25212470748049,9.0282375167855,2.61602937409848,0.0402165126335802,10.8182418984331,63.6335238542402,2.52778868314721,0.3,0.5,2.8,2.3,0.3,1.8,0.8,3.3,0.8,0.5,0.335137605279835,4.3,14.5,6.38752447549974,2.8,2.3,3,0,0.3,0,0.8,11.4,42.2
940.3,"POIPU","NWS","STATE","KA",14.8,21.8828,-159.429,NA,"POIH1","B15997E8",NA,NA,0.761999999999986,1.524,0,0,NA,NA,9.14400000000001,2.286,0.762,0.507999999999981,0.50800000000001,0.253999999999991,0.253999999999991,0.253999999999991,0.254000000000019,0.254000000000019,0.253999999999991,0,0.253999999999991,0,NA,NA,0,0.253999999999991,0,0.253999999999991,0,0,0.253999999999991,0,NA
941.1,"MAHAULEPU 941.1","GROVE FARM","COOP","KA",24,21.90102957,-159.422207,"USC00515710",NA,NA,NA,NA,3,3.8,1.8,NA,NA,NA,NA,1.3,0.5,1.3,NA,NA,6.1,NA,NA,NA,NA,NA,NA,4.78089668739225,19.1,11.9,2.8,NA,NA,NA,NA,5.6,2.8,NA,NA
946,"WAIMEA HTS","RAWS","RAWS","KA",159.7152,21.96638889,-159.6638889,NA,"WHGH1","487090B8",NA,NA,0.254000000000019,4.82600000000002,0,1.524,2.03200000000004,53.5939999999999,6.096,0,0,0,0,0,0,0.762000000000057,0,0,0.253999999999905,0,0,0,1.01600000000008,0,0,0,0,0,0,0,0,5.07999999999993,30.48
946.1,"WAIMEA TANK AT WAIMEA","NWS","unknown","KA",70,21.964722,-159.666944,NA,"WMTH1","1900E616",NA,NA,NA,6.09600000000023,NA,1.52399999999989,3.30200000000013,58.4199999999998,5.58799999999997,0,0,0,0,0,0,0.508000000000266,0,0,0.253999999999905,0,0,0,0.761999999999944,0,0,0,0,0,0,0,0,6.096,29.21
966.4,"Hanapepe","NWS","HydroNet-UaNet","KA",110.6424,21.9365005,-159.5866,NA,"HNPH1","156011EA",NA,NA,6.096,NA,2.286,0,10.16,56.388,NA,0,0,2.28600000000003,0,0.253999999999991,1.27000000000001,0.762,0,0,2.286,0,1.01599999999999,1.01599999999999,7.62,0,0,0,0,0,0,0,0.762,16.51,42.672
986.2,"Kalaheo","KUKUILONO GOLF COU","HydroNet-UaNet","KA",263.0424,21.9183006,-159.5265,NA,"KHEH1","1560740C",NA,NA,14.9859999999996,NA,0.508000000000038,0,17.018,73.6600000000001,9.14400000000001,3.048,0.253999999999905,8.8900000000001,4.06400000000008,3.30199999999968,3.55600000000004,5.33400000000029,2.53999999999996,0.254000000000133,4.57199999999966,3.30199999999991,4.0750373130251,11.9380000000001,53.5939999999998,5.58799999999997,1.52400000000011,3.80999999999972,2.03200000000015,0.761999999999944,1.01600000000008,3.04800000000023,NA,27.9400000000003,33.0199999999998
992.1,"Omao","NWS","HydroNet-UaNet","KA",99.9744,21.9071007,-159.4768,"USC00517116","OMAH1","195001A6",NA,NA,8.38199999999983,NA,0.508000000000038,0,22.098,88.3920000000003,10.9219999999998,1.26999999999975,0,5.58799999999997,4.31800000000021,4.06400000000031,2.79399999999987,5.49677577874519,2.7940000000001,0.253999999999678,1.77800000000025,1.26999999999998,4.31799999999998,11.4300000000001,47.2439999999999,10.1599999999999,2.54000000000019,3.8252731597839,3.30199999999991,5.58799999999997,0,2.53999999999974,NA,36.068,33.5279999999998
994,"KOLOA MAUKA 994","MCBRYDE SUGAR","COOP","KA",195,21.94833,-159.46694,"USC00514750",NA,NA,NA,NA,NA,NA,NA,NA,NA,NA,NA,NA,NA,NA,NA,NA,NA,NA,NA,NA,NA,NA,NA,63.5,NA,NA,NA,NA,NA,NA,NA,NA,NA,NA,NA
1013,"PUHI 1013","LIHUE PLANTATION","COOP","KA",101,21.96491954,-159.3972052,"USC00518217",NA,NA,NA,NA,6.49792750975359,6.07045715168443,2.11529344839969,NA,NA,NA,NA,1.44049249748211,0.8,3.8,NA,NA,8.80378781474111,NA,NA,NA,NA,NA,NA,6.9,28.163720134319,23.4,1.5,NA,NA,NA,NA,1.3,3.3,NA,NA
1020.1,"LIHUE WEATHER SERVICE OFFICE AIRPORT 1020.1","LIHUE WEATHER SERVICE OFFICE AIRPORT 1020.1","NWS","KA",45,21.98156999,-159.3422063,"USW00022536","PHLI",NA,NA,NA,0.3,5.1,0,0,0.3,83.1,NA,2.5,0,NA,0.3,2.60817718460798,1.3,0.5,3,0,1.3,0,2.3,7.1,7.03073849763877,8.27812758592948,0,1.8,0,0,0,0.762,0.762,3.048,66.294
1020.6,"LIHUE 1.3 NE","CoCoRaHS","CoCoRaHS","KA",25,21.987,-159.338,"US1HIKI0009",NA,NA,NA,NA,0.8,2.69531711841881,5.8,0.5,0,12.3786610193232,96.3,3.3,0,5.6,2,3.6,0,2.5,4.1,3.3,1,0.5,0,3.3,8.4,9.7,0.8,2,2,0.5,0,0,1,5.46604811488798,24.1697502966201
1022.1,"LIHUE 1.2 NNW","CoCoRaHS","CoCoRaHS","KA",60,21.9923,-159.3586,"US1HIKI0002",NA,NA,NA,NA,3.3,3.19381786669939,15.0976670338357,0.8,0,14.6681028585322,82.6,3.3,0,5.3,2,6.1,0,4.1,5.6,2.3,2.8,0,0,5.15573809581009,10.4,7.1,0.5,2.3,3.09819262810004,1.3,0,0.5,0.5,4.6,49
1029,"MANA","RAWS","RAWS","KA",26.2128,22.02944444,-159.7622222,NA,"MNRH1","4870603C",NA,NA,0,3.30200000000002,1.01600000000008,4.57199999999995,NA,28.702,NA,0,0,0,0,0,0,0,0,0,0,0,0,0,6.096,0.762000000000057,0,0,0,0,0,0,0,1.77799999999991,12.446
1036,"PUU OPAE","RAWS","RAWS","KA",652.8816,22.04083333,-159.6958333,NA,"POPH1","4870734A",NA,NA,0,11.4299999999999,1.01599999999996,3.09081006571876,4.1210800876251,84.7692246055562,11.7395733819186,0,0,0,0,0,0,0,0,0,0.253999999999905,0,0,0,3.81000000000006,0.254000000000133,0,0,0,0.507999999999811,0,0,0,3.048,21.0820000000001
1042,"WaialaeRainGagenrWaimea","USGS","USGS","KA",1219.2,22.08972222,-159.5925,NA,"WLGH1","DDF7C28E",NA,NA,6.07748323653654,38.862,23.6592891707855,0.21324502584331,7.7867017592308,71.374,6.76340003915326,1.524,0,2.79399999999998,3.55600000000004,4.06400000000008,5.58799999999997,4.31799999999987,6.2192433925508,0.508000000000038,4.31799999999998,1.524,4.06399999999996,8.74304605957895,15.748,4.572,0.253999999999905,3.30200000000002,1.77800000000002,3.12275537779327,3.30200000000013,0.507999999999925,4.82599999999991,18.796,62.484
1047,"Mt.WaialealeRainGagenrLihue","USGS","USGS","KA",1569.72,22.07088889,-159.4979722,"USC00516565","WLLH1","DD5E818E",NA,NA,47.4980000000005,45.7200000000003,174.855509301409,2.79399999999987,34.0360000000001,82.8040000000001,18.7960000000003,127.508,4.99067039646964,55.1180000000004,33.0199999999995,46.9900000000007,28.9560000000001,40.8939999999993,98.5520000000006,4.31800000000021,41.1480000000001,28.7019999999993,35.8140000000003,78.7399999999998,119.634,127,8.65757705408502,47.2439999999997,20.0660000000007,35.5600000000004,29.9719999999988,37.3380000000006,90.6779999999999,220.726000000001,139.191999999999
1051,"NWailuaDitchRainGagenrLihue","LIHUE PLANTATION","USGS","KA",338.328,22.0625,-159.4677222,"USC00516888","WLDH1","1732B3E0",NA,NA,28.9559999999997,33.7820000000004,21.8440000000001,0.507999999999811,41.1480000000001,76.2,18.7959999999998,47.498,4.82600000000002,22.6059999999998,10.4140000000002,13.462,15.4939999999997,8.63600000000042,43.9419999999996,0.25400000000036,17.2719999999999,8.88999999999987,26.1620000000003,41.6559999999999,49.5299999999997,70.6120000000001,6.60399999999981,20.5740000000001,3.8100000000004,16.2559999999999,16.7640000000001,14.9859999999999,44.4499999999998,96.0120000000002,89.9159999999997
1059,"Lihue Variety Stn","NWS","HydroNet-UaNet","KA",117.0432,22.0240002,-159.3868,NA,"LIHH1","1561501A",NA,NA,3.30200000000002,NA,NA,0,4.572,92.2019999999999,NA,NA,NA,NA,NA,NA,NA,NA,NA,NA,NA,NA,NA,NA,NA,NA,NA,NA,NA,NA,NA,NA,NA,NA,NA
1060,"Wailua UH Exp Stn","NWS","HydroNet-UaNet","KA",158.1912,22.0660992,-159.396,"USC00519475","WUHH1",NA,NA,NA,15.5490444330959,12.6198865261493,17.4886590919672,0.110658316910604,25.417752543729,49.9384096279752,12.2270064794933,13.0371218525548,0.700836007100754,9.08518516260718,7.29869012799902,5.62301461954163,5.0493975767314,5.8585545843472,17.292708265511,0.172310428951422,6.92087707835574,3.22331452139291,8.37781357842932,17.5848934732075,18.0420246695438,23.9211387967924,2.21991452234188,7.17223105629068,1.76578754079841,4.35993503461308,4.47059335152377,4.318,10.4686742277427,20.32,74.168
1061.5,"Wailua UH Exp Stn","NWS","HydroNet-UaNet","KA",158,22.066,-159.3962,NA,"WUHH1","15C163D6",NA,NA,20.0660000000001,13.7007025314781,18.9864556544934,0,27.5946274080017,72.3899999999999,13.2741747145573,5.84199999999998,0,9.86327564026519,10.9219999999999,5.8420000000001,5.48184756008833,8.63599999999985,16.7640000000001,0.253999999999905,6.85800000000017,2.79399999999987,9.09532201136687,19.0909319212127,15.748,18.5419999999999,2.41003660792778,5.8420000000001,2.03199999999993,1.77800000000002,1.77800000000002,4.31799999999998,11.3652520722797,20.3199999999999,74.1680000000001
1063.2,"KAPAA 2.7 SSW, HI US","CoCoRaHs","CoCoRaHs","KA",90.04,22.0593,-159.365,"US1HIKI0023",NA,NA,NA,NA,NA,NA,NA,NA,NA,NA,NA,NA,NA,NA,NA,NA,0.5,4.8,NA,2.5,NA,0.8,NA,10.7,15.2,15.7,NA,0.5,3.3,2.5,0.3,0,NA,15.7,30.7
1065.2,"KAPAA 2.3 SW, HI US","CoCoRaHs","CoCoRaHs","KA",105.03,22.0721,-159.3767,"US1HIKI0026",NA,NA,NA,NA,17,2.3,24.1,10.4,0.5,26.7,86.9,5.6,1,3,8.6,8.9,1.3,5.6,8.9,4.3,5.3,1,3,9.4,17,10.2,NA,1.3,5.6,0.8,0,NA,NA,18.3,36.8
1065.3,"Kapaa HI US F9608-FW9608 ","unknown","APRSWXNET","KA",106.41,22.072,-159.376,NA,"F9608",NA,NA,NA,NA,NA,15.7479977569581,NA,NA,79.5019973449704,NA,5.07999944686886,NA,7.62000036239624,7.11199760437014,5.33399945013428,3.30200016498565,5.84199976921082,8.88999988801275,0.25399994850159,5.58799953079223,2.28600013256073,7.11200046539307,16.7639985198975,NA,14.7319974899293,NA,3.81000018591217,2.03199934959411,0.507999956607818,NA,0.76199996471405,NA,14.4780026474001,46.9899973073731
1069,"PUU LUA","RAWS","RAWS","KA",1021.08,22.08916667,-159.6791667,NA,"PLRH1","487083CE",NA,NA,1.01600000000008,29.4639999999999,0.882198136440868,NA,NA,52.8319999999999,9.65200000000004,0.254000000000133,0,1.01599999999985,0,0,0,0,4.06400000000008,0.253999999999905,0.762000000000171,0,0.253999999999905,0,0.253999999999905,0,0,0,0,2.53999999999996,0,0,0.254000000000133,11.684,43.9420000000001
1074,"MAKAHA RIDGE","RAWS","RAWS","KA",544.9824,22.13055556,-159.7152778,"USR0000HMAH","MKAH1","3286026C",NA,NA,0.507999999999925,NA,NA,NA,7.87400000000002,28.7020000000001,NA,0,0,0,0,0,0,0,0,0,0,0,0.253999999999905,0,2.28599999999994,0.254000000000133,0,0,0,0,0,0,1.01599999999996,10.4139999999999,NA
1076,"Kokee","NWS","HydroNet-UaNet","KA",1279.2456,22.1485996,-159.6448,NA,"KOKH1","1900E616",NA,NA,0,28.8272045125955,0,NA,3.30200000000013,58.4199999999998,5.58799999999997,0,0,0,0,0,0,0.508000000000266,0,0,0.253999999999905,0,0,0,29.4567520229414,0,0,0,0,0,0,0,0,16.0008668014303,29.21
1082,"WaiakoaliRainGagenrWaimea","USGS","USGS","KA",1042.416,22.1245,-159.6220833,"519130","WKRH1","17B79574",NA,NA,4.7485325769303,38.9874914610499,23.8058295972662,0.214565818569009,7.83493087501018,50.7440299311044,10.9187899287486,0.653378935473306,0,1.60888383100374,1.19267502694615,1.36305717365275,1.87420361377249,1.62011633221328,2.75824434414726,0.205940270544971,1.67641478496312,0.902285802341941,1.53100267968205,5.86479904088841,20.0997390753465,1.53343932035931,0.334097940221964,1.10748395359285,0.596337513473074,2.53285003241512,1.14304207743131,0,3.302,16.002,43.942
1083,"MoCrsgRainGagenrWaimea","USGS","USGS","KA",1042.416,22.11708333,-159.6009722,"USC00516433","MCRH1","D109224A",NA,NA,6.05368555872442,24.0182548543203,23.5666461935799,0.212410019604289,7.75621127287763,50.2341913747083,6.7369165082603,0.646814266216771,0,4.07843512377724,2.63216037593668,3.22565068780828,4.01487486526932,2.8074953769429,6.19489062270666,0.203871134719908,1.65957140663768,0.893220300615978,4.99573418451135,8.70881080377906,26.6348592571889,11.3596966956349,0.330741170730676,3.96389203696768,1.12137100333105,3.11052756514872,1.13155763436582,0,4.572,15.494,36.576
1084,"KilohanaRainGafenrHanalei","USGS","USGS","KA",1219.2,22.15408333,-159.5946111,"USC00514610","KLOH1","DDCC972A",NA,NA,17.4058595546047,46.2280000000003,148.082,0.934754723289515,6.60399999999981,50.2920000000004,13.8492025878251,1.01600000000008,0,9.80963212170752,6.33098828095629,7.75847736698247,9.65675418333151,6.75271176207846,0.508000000000266,0.253999999999905,1.01600000000008,2.79399999999987,12.0159602986421,26.7272580577175,104.648,27.3228437418787,1.77800000000025,9.53412803507,2.69717101799568,6.096,0.25400000000036,1.26999999999998,20.3200000000002,40.6399999999999,29.4639999999999
1094.2,"Kapahi","NWS","HydroNet-UaNet","KA",158.496,22.1021004,-159.3856,"USC00513171","KPIH1","15608488",NA,NA,15.4940000000006,16.7452832794203,48.0059999999994,0.125904385559503,20.3965104606471,74.1679999999978,9.31692453140658,2.28599999999824,0,11.2054903147998,8.63600000000042,5.58800000000156,3.80999999999949,7.11199999999917,18.7960000000003,0.253999999998996,7.87440836270055,9.14400000000023,6.09599999999955,20.6483192317661,20.5277840264227,27.2168994267897,3.2735140245482,8.16039290533011,1.26999999999862,0.254000000000815,0.50800000000163,0,22.0332674729211,17.2720000000008,55.3719999999994
1094.3,"KAPAA 1.4 W","CoCoRaHS","CoCoRaHS","KA",139,22.0936,-159.3758,"US1HIKI0005",NA,NA,NA,NA,20.8,6.9,43.7,18.5,0.5,30.5,88.9,4.6,0.5,0.8,8.1,7.4,0.5,6.56783310880135,9.7,5.3,2.8,1.99875967405,5.3,10.2,34.8,8.1,3.81156612399332,2,3.67338692373909,2.60211787555262,1.3,0.5,4.3,12.7,32.8
1097.4,"KAPAA 1.9 WSW","CoCoRaHS","CoCoRaHS","KA",157,22.0829,-159.3786,"US1HIKI0019",NA,NA,NA,NA,11.7,5.6,31.5,16.8,0.3,26.9,91.2,4.8,0.8,1.8,7.1,8.6,1.3,5.8,10.4,5.6,4.6,4.8,2.5,12.4,26.9,11.4,8.9,2.5,5.39388692793571,1.8,0.5,1,4.6,16.3,39.4
1111.4,"Anahola","HAWN FRUIT PACKERS","HydroNet-UaNet","KA",75.2856,22.1373997,-159.312,NA,"ANHH1","1560029C",NA,NA,1.01600000000008,NA,7.11200000000008,5.84199999999964,0.508000000000266,83.8199999999997,14.4780000000001,0,NA,0,2.286,1.016,NA,0.254,5.08,NA,NA,NA,NA,NA,NA,NA,NA,NA,NA,NA,NA,NA,NA,NA,NA
1116.1,"HANALEI 3.0 W, HI US","CoCoRaHs","CoCoRaHs","KA",10.457,22.2103,-159.5492,"US1HIKI0024",NA,NA,NA,NA,NA,NA,63.2,NA,NA,NA,NA,0.3,4.3,0.5,5.1,NA,0.3,NA,NA,1,1.3,2.5,4.1,NA,26.7,NA,4.8,4.6,2.8,0,3.3,0.8,6.4,40.6,36.6
1117.9,"PRINCEVILLE AIRPORT NEAR KILAUEA 4W","NWS","STATE","KA",88.497,22.2114,-159.443,NA,"PRIH1","B15952F6",NA,NA,NA,NA,NA,NA,2.79399999999987,31.75,NA,6.09600000000046,0,4.06400000000031,3.80999999999949,2.28600000000006,NA,4.3179999999993,NA,0,5.07999999999993,1.77800000000025,5.07999999999993,NA,20.5740000000005,3.8100000000004,0.507999999998901,4.82600000000093,0.507999999999811,1.77799999999934,3.8100000000004,NA,NA,29.4639999999999,14.9859999999999
1134.2,"KILAUEA 0.5 SE","CoCoRaHS","CoCoRaHS","KA",79,22.2057,-159.4048,"US1HIKI0006",NA,NA,NA,NA,4.3,4.3,57.2,7.6,0.983153830146259,32.8832181265004,53.3,4.8,3.3,1.5,4.8,5.81596101847114,1,5.9956961990134,5.8,4.6,1,3.23148950445165,4.8,5.3,26.4,6.18833665591987,1.3,2.3,3.6,3,1.3,4.8,3.49511505712115,16.3,27.2
1144.1,"ANAHOLA 2.8 N","CoCoRaHS","CoCoRaHS","KA",74,22.1869,-159.3236,"US1HIKI0021",NA,NA,NA,NA,0.3,3,33.8,8.54708525302193,1.5,32.3,67.6,0.3,0,2.3,1.3,2.3,0.5,4.6,1.3,1.5,0.5,1.5,2.5803312152187,5.57076770166577,10.7,1,0,2.8,1.3,0.3,1.5,0,1.8,1.5,18.3
1146,"Moloaa Dairy","RAWS","RAWS","KA",85.344,22.18333333,-159.3375,"USR0000HMOL","MLDH1","AAB6D15A",NA,NA,0,0,0,0,0,0,0,0,0,0,0,0,0,0,0,0,0,0,0,0,0,0,0,0,0,0,0,0,0,0,0
