<?xml version="1.0" encoding="UTF-8"?><metadata>
    <idinfo>
        <citation>
            <citeinfo>
                <title>Watersheds (DAR Version)</title>
                <onlink>https://geodata.hawaii.gov/arcgis/rest/services/FreshWater/MapServer/23</onlink>
                <onlink>https://files.hawaii.gov/dbedt/op/gis/data/watersheds_dar.pdf</onlink>
            </citeinfo>
        </citation>
        <descript>
            <abstract>[Metadata] Watersheds - Surface water hydrologic unit boundaries for hydrologic water catchment for the main Hawaiian Islands (excluding Kahoolawe) – DAR’s Version.  Source:  State of Hawaii, Department of Land and Natural Resources, Division of Aquatic Resources. Created/updated by DAR for for use in the State’s Watershed Atlas (~ 2005/2006).   Provided to State GIS, August, 2020. For additional information, please refer to complete metadata at https://files.hawaii.gov/dbedt/op/gis/data/watersheds_dar.pdf or contact Hawaii Statewide GIS Program, Office of Planning, State of Hawaii; PO Box 2359, Honolulu, Hi. 96804; (808) 587-2846; email: gis@hawaii.gov; Website: https://planning.hawaii.gov/gis.</abstract>
            <purpose>Watersheds - Surface water hydrologic unit boundaries for hydrologic water catchment for the main Hawaiian Islands (excluding Kahoolawe) – DAR’s Version.</purpose>
        </descript>
        <keywords>
            <theme>
                <themekt>None</themekt>
                <themekey>DLNR</themekey>
                <themekey>DAR</themekey>
                <themekey>Division of Aquatic Resources</themekey>
                <themekey>watersheds</themekey>
                <themekey>hydrography</themekey>
                <themekey>inland waters</themekey>
                <themekey>drainage systems</themekey>
                <themekey>fresh water</themekey>
                <themekey>catchment systems</themekey>
                <themekey>river basins</themekey>
            </theme>
        </keywords>
        <accconst>None</accconst>
        <useconst>State of Hawaii Terms of Use. 



The
 contents of this web page are public domain and to the extent indicated
 otherwise in the Terms of Use, are exempt from Terms of Use policy 
restrictions.There are no expressed warranties associated with the 
release of this data or product. Specifically, no warranty is made that 
the GIS data or any subsequent updates will be error free and no 
warranty is made regarding the positional or thematic accuracy of the 
GIS data. The GIS data and any features depicted do not represent or 
confer any legal rights, privileges, benefits, boundaries or claims of 
any kind. The Office of Planning encourages users to report any 
discrepancies or errors found.  Contact: Hawaii Statewide GIS Program, Office of Planning, State of Hawaii; PO Box 2359, Honolulu, Hi. 96804; (808) 587-2846; email: gis@hawaii.gov. Website: https://planning.hawaii.gov/gis.</useconst>
        <datacred>DLNR Commission on Water Resource Management; Hawaii Statewide GIS Progam</datacred>
    </idinfo>
    <metainfo>
        <metd>20200921</metd>
        <metc>
            <cntinfo>
                <!--no contact person or organization name available-->
            </cntinfo>
        </metc>
        <metstdn>FGDC Content Standard for Digital Geospatial Metadata</metstdn>
        <metstdv>FGDC-STD-001-1998</metstdv>
        <mettc>local time</mettc>
    </metainfo>
</metadata>
