"SKN","Station.Name","Observer","Network","Island","ELEV.m.","LAT","LON","NCEI.id","NWS.id","NESDIS.id","SCAN.id","SMART_NODE_RF.id","X2020.04.01","X2020.04.02","X2020.04.03","X2020.04.04","X2020.04.05","X2020.04.06","X2020.04.07","X2020.04.08","X2020.04.09","X2020.04.10","X2020.04.11","X2020.04.12","X2020.04.13","X2020.04.14","X2020.04.15","X2020.04.16","X2020.04.17","X2020.04.18","X2020.04.19","X2020.04.20","X2020.04.21","X2020.04.22","X2020.04.23","X2020.04.24","X2020.04.25","X2020.04.26","X2020.04.27","X2020.04.28","X2020.04.29","X2020.04.30"
2.32,"SOUTH KONA 2 2.32","COOP","COOP","BI",647,19.10778,-155.78944,"USC00518652",NA,NA,NA,NA,NA,0.5,2,1.5,7.4,NA,NA,0.8,NA,0,0,0,0,5.6,NA,0,NA,NA,0,NA,0,NA,NA,0,0,NA,NA,NA,0,0
2.34,"MILOLII 2.34","COOP","COOP","BI",280,19.186302,-155.886763,"USC00516304",NA,NA,NA,NA,NA,1,NA,NA,0,0.3,0,NA,4.6,0,0,0,NA,NA,NA,NA,0,7.6,0,0,0,NA,1.8,0,5.3,0.3,0,2.8,0,1
2.36,"KAPUA 2.36","COOP","COOP","BI",533,19.14472,-155.84944,"USC00513376",NA,NA,NA,NA,NA,3.6,8.4,0,0,NA,0,4.1,1,0,0,0,NA,NA,NA,0,0,10.7,0,2.3,0,NA,NA,NA,0,6.9,0,NA,0,0
3.22,"HAWAIIAN OCEAN VIEW 4.7 NNE","HAWAIIAN OCEAN VIEW 4.7 NNE","CoCoRaHS","BI",1273,19.135,-155.747,"US1HIHI0035",NA,NA,NA,NA,4.6,NA,2,NA,0.3,6.1,4.6,1.5,0.5,NA,0,0,NA,NA,6.9,NA,0.3,4.8,0.8,0.3,0,NA,0.8,NA,NA,0.8,NA,1.8,0.5,1.3
3.9,"LOWER KAHUKU CS","LOWER KAHUKU CS","RAWS","BI",953.7192,19.10083333,-155.6697222,NA,"LKHH1","32D620C2",NA,NA,1.0160000000003,5.33399999999983,NA,7.62000000000012,1.77799999999979,4.57200000000034,10.6679999999997,0.254000000000133,0,0,0,0,NA,15.4939999999999,NA,3.0479736328125,0,2.79399999999987,NA,0,0,14.4780000000003,1.77799999999979,1.77800000000025,0.761999999999716,0.508000000000266,8.63599999999997,NA,0,0
4.12,"NAALEHU 4.6 WSW","NAALEHU 4.6 WSW","CoCoRaHS","BI",391,19.0424,-155.6354,"US1HIHI0001",NA,NA,NA,NA,3.3,2.3,0,0,1.47980434452239,7.1,0,7.4,0.3,0,0,0,0,25.4,23.1,0,0,0,2.8,0,0,13.5,5.65628760259483,0.3,0,0,0,0,1.88675053926605,0
4.14,"NAALEHU 4.7 WSW, HI US","CoCoRaHs","CoCoRaHs","BI",393.18,19.0421,-155.6371,"US1HIHI0057",NA,NA,NA,NA,3.6,2.8,NA,0,NA,5.6,0,6.6,0.5,0,0,0,0,26.4,17.8,0,0.5,0,2.8,0,0,12.2,10.2,0.3,0,0,0,0,0,0
4.15,"SOUTH POINT NEAR NAALEHU 12SSW","NWS","STATE","BI",295.78,18.9928,-155.668,NA,"SOPH1","B1507246",NA,NA,NA,NA,0,0,NA,NA,0,NA,0,0,0,0,0,NA,NA,0,0,0,NA,0,0,NA,NA,0,0,0,0,0,0,0
6.2,"NAALEHU 5.7 W","NAALEHU 5.7 W","CoCoRaHS","BI",679,19.0732,-155.6632,"US1HIHI0012",NA,NA,NA,NA,2.8,4.3,1.5,0,2,5.3,0.3,10.0013221712609,0,0,0,0,1.3,33.2727851636347,20.6,0,0.204767210208228,5.1,4.1,0.5,0,5.8,7.64464251444051,0,1.8,0,0.3,6.6,5.1,0
9.2,"Nene Cabin","Nene Cabin","RAWS","BI",1991.7737,19.2564,-155.6144,NA,"NENH1","32D64524",NA,NA,4.06399999999985,2.54000000000019,NA,5.07999999999993,3.048,9.3980712921875,NA,NA,0,0,0,0.508000000000266,NA,5.5880126953125,NA,0.508056640625,0,0,0,0,0,NA,0,0,0,0,0,0,0,0
12.15,"SEA MOUNTAIN 12.15","SEA MOUNTAIN","COOP","BI",21,19.13310292,-155.5152744,"USC00518600",NA,NA,NA,NA,NA,2.92208359071178,2.5,0,NA,8.37759657576215,0.431834875039286,NA,NA,NA,NA,0,0.863669750078572,20.3826061018543,23.6645511521529,0,0.129550462511786,0,0.690935800062858,0,0,6.04568881231757,2.90480974629615,0.112277179863727,0,0,0,0,0,0
14,"NAALEHU 14","KAU SUGAR","COOP","BI",206,19.06032754,-155.5855501,"USC00516588",NA,NA,NA,NA,2.65913512311994,4.6,0.5,0,1.46507831842281,9.7,0.5,7.32636013433783,0.148507300020361,0,0,0,1,23.6,27.4,0,0.3,0,0.8,0,0,12.7,5.6,0,0,0,0,0,0,0
21,"Pahala","KAU SUGAR","HydroNet-UaNet","BI",346.8624,19.2042999,-155.4872,"USC00517421","PPLH1","B16084B2",NA,NA,2.28600000000006,5.58800000000019,3.28110025892835,46.4819999999995,7.62000000000035,3.80999999999995,NA,7.61999999999944,0.254000000000815,0.761999999999716,0,8.38199999999961,10.4140000000002,19.8119999999999,0,0,0,0.253999999999905,0,0,0,4.31800000000021,0.309089154826584,0,0,0,0,0,0,0
21.3,"PAHALA MAUKA 21.3","COOP","COOP","BI",332,19.20667,-155.48861,"USC00517437",NA,NA,NA,NA,3.20490054254996,2.5,4.6,32.5831555159234,10.6830018085001,8.26689869832023,0.57692249960777,10.6830018084988,0.356100060284462,1.06830018084956,0,5.87565099467449,7.87697373541595,27.5032733417927,31.6153529785058,0,0,0.178050030141593,0.461537999686216,0,0,1.5,1.3,0.3,0,0,0,0,0,0
21.4,"HAWAIIAN OCEAN VIEW 1.7 NNE, HI US","CoCoRaHs","CoCoRaHs","BI",733.03,19.0908,-155.7552,"US1HIHI0059",NA,NA,NA,NA,6.1,NA,3.6,NA,0.8,8.9,5.8,NA,0.8,0,0,0,NA,NA,5.8,NA,NA,NA,NA,0,0,NA,NA,NA,NA,NA,1,0.8,NA,NA
23,"KAHUKU","RAWS","RAWS","BI",1796.4912,19.23222222,-155.78,NA,"KRCH1","32639544",NA,NA,NA,2.54000000000008,NA,0,0,NA,0,0.253999999999905,0,0,0,0,11.4300000000001,3.55599999999993,0.762,2.794,1.01599999999996,1.27000000000004,0.254000000000019,0,0,1.524,1.77800000000002,2.03200000000004,1.01599999999996,2.286,0.253999999999962,0.254000000000019,0,0.762
26.2,"KEALAKEKUA 26.2","GREENWELL ESTATE","COOP","BI",442,19.48975723,-155.9122125,"USC00513977",NA,NA,NA,NA,8.91048819782519,2.02145264106732,0.3,0,3.28281144130388,0,1.45534520371341,0.732410377198303,0,0,0,1.87589225217377,0,0.434899903117792,2.3087793613127,NA,3,4.6,1.87589225217335,0,0,0,0.963750815767634,0.8,0.740785502492064,0.937946126086887,7.034595945651,2.96840755194825,1.29447206630717,1.15274809979219
27,"HONAUNAU 27","TANAKA S","COOP","BI",332,19.4403158,-155.8788789,"USC00511665",NA,NA,NA,NA,NA,0,0,0,NA,NA,3.8,0,0,0,0,NA,NA,0.8,3.6,NA,4.6,0.5,NA,NA,0,0,0.8,1.8,0.5,NA,NA,0.5,0.5,0
27.6,"Honaunau No. 2","NWS","HydroNet-UaNet","BI",398.0688,19.4629002,-155.8824,NA,"HAUH1","15D12742",NA,NA,6.85800000000017,0,0,0,2.03200000000015,0,1.27000000000044,0,0,0,0,1.01599999999962,0,0,0,0.253999999999905,7.61999999999989,0,0,0,0,2.79400000000078,0,0.507999999998901,5.58800000000065,0.507999999999811,3.55599999999959,2.28600000000006,0.254000000000815,3.04799999999886
29.12,"Kealakekua","NWS","HydroNet-UaNet","BI",537.972,19.5181007,-155.9159,NA,"KLEH1","81708572",NA,NA,9.6520000000005,0,0,0,3.55600000000004,0,0.253999999999451,0,0,0,0,2.03200000000015,0,0,0.762000000000171,0.464332726431854,5.70117888009613,0.507999999999811,2.0319999999997,0,0,0,0,2.18545491862184,1.01600000000008,1.01600000000008,7.61999999999989,5.8420000000001,0,2.79399999999987
34,"Kapapala Ranch","NWS","HydroNet-UaNet","BI",638.556,19.2754993,-155.4514,"USC00513300","KAYH1","B16097C4",NA,NA,7.4969537826181,11.6840000000002,NA,77.2159999999999,4.82600000000002,2.28600000000006,NA,15.2400000000002,0.253999999999451,2.79400000000032,0,4.31799999999976,15.2253100674915,8.88999999999987,0,0,0,1.26999999999998,0.253999999999905,0,0,4.68959387011306,0,0,0,0,0,0,0,0
36.3,"KAPAPALA RANCH","KAPAPALA RANCH","RAWS","BI",1081,19.25811,-155.441781,NA,"KPRH1","AA10E258",NA,NA,9.65200000000004,7.61999999999989,NA,96.2660000000001,5.33400000000006,1.77800000000002,NA,12.4459999999999,0,0,0,6.86410703039375,12.6122244986667,13.2080000000001,0,0,0,0.254000000000019,0,0,0,2.53999999999996,0,0,0,0,0,0,0,0
38.9,"KAELAKOMO","KAELAKOMO","RAWS","BI",29.5656,19.29277778,-155.1075,NA,"KMOH1","32807432",NA,NA,0,0,0.25396728515625,71.1199999999999,87.6300000000001,2.53999999999996,NA,20.5740000000001,0.761999999999944,1.26999999999998,0,0,NA,151.892,4.06400000000008,NA,0.761999999999944,0,0,0,0,4.57200000000012,0.253999999999905,0,0,0,0,0,0,0
39,"Mauna Loa Observatory","NWS","ESRL/GMD","BI",3397,19.5362,-155.5763,"USC00516198","MOBH1",NA,NA,NA,2.032,1.016,0,0,0,1.524,0,0,0,0,0,0,NA,2.794,0.254,0,0,0,0,0,0,0,0,0,0,0,0,0,0,0
39.2,"MAUNA LOA 5 NNE","MAUNA LOA 5 NNE","USCRN","BI",3398,19.5354,-155.576,"USW00021514","MLBH1","CD07379A",NA,NA,2.1,1.2,0,0,0,1.9,0,0,0,0,0,0,8.7,2.9,0,0,0,0,0,0,0,0,0,0,0,0,0,0,0,0
43.3,"PUHE CS","PUHE CS","RAWS","BI",34.126,20.025,-155.8211111,NA,"PHRH1","32D61558",NA,NA,0,0,0,2.79399999999987,0.253999999999905,0,0,0,0,0,0,0,0,0,0.254000000000133,NA,3.048,0,0,0,0,0,0,1.01600000000008,0.507999999999811,0,0,0,0.254000000000133,0
47,"KEMOKU LAVA FLOW","RAWS","RAWS","BI",1706.88,19.47555556,-155.3627778,"USR0000HKEA","KKUH1","FA4447E8",NA,NA,8.38200000000006,NA,0,34.0360000000001,11.4299999999998,NA,12.192,NA,NA,NA,3.55600000000004,NA,2.79399999999987,9.90600000000018,0,0,1.52399999999989,0,0,0,0,2.7940000000001,0,0,0,0,0,0,0,0
48,"PALI 2","RAWS","RAWS","BI",847.344,19.3175,-155.2922222,"USR0000HPAL","PLIH1","FA900222",NA,NA,10.414,NA,0,92.456,NA,3.5560913085939,NA,NA,0,8.12799072265625,NA,1.52392578125,NA,21.3359985859375,NA,0,0,0,0,0,0,2.286,NA,0,0,0,0,0,0,0
54.2,"Glenwood","HELBUSH XL","HydroNet-UaNet","BI",802.2336,19.5076008,-155.1707,"USC00510744","GLNH1",NA,NA,NA,0,1.016,0.254,30.48,36.1367106221476,3.81,13.716,5.08,14.224,2.87535179183228,0.254,5.93727399673679,5.588,26.67,1.016,10.414,9.144,0,0,0,1.778,8.636,5.08,6.858,0.762,1.016,2.794,0,0,0.508
55.3,"VOLCANO 4.4 S","VOLCANO 4.4 S","CoCoRaHS","BI",1158,19.4338,-155.2417,"US1HIHI0040",NA,NA,NA,NA,NA,NA,NA,NA,NA,NA,NA,NA,NA,NA,NA,2.3,8.6,NA,NA,NA,NA,NA,NA,0,0,2,NA,NA,0,0,0.5,0.3,0,0
55.6,"VOLCANO 4.0","COOP","COOP","BI",1194.8,19.441359,-155.2487445,"US1HIHI0071",NA,NA,NA,NA,11.4,3.3,3.3,NA,23.6,6.1,11.9,NA,9.4,NA,3.6,2.5,13.2,15,4.1,0.3,3.6,0.3,0,0,0,2,1.3,1.3,0,0,0.5,0.3,0,0
63,"KALOKO-HONOKOHAU","RAWS","RAWS","BI",7.62,19.67277778,-156.0202778,NA,"KHOH1","FA667668",NA,NA,0.507999999999981,0,0,0,0,0,0,0,0,0,0,0,0,0,0,0,2.28600000000006,0.253999999999991,0.253999999999991,0,0,0,0,NA,0,0,0,0,0,0
65.4,"PAHOA 2.1 E","PAHOA 2.1 E","CoCoRaHS","BI",137,19.5043,-154.9165,"US1HIHI0003",NA,NA,NA,NA,1.3,1.8,0.5,23.9,98.3,6.6,3.3,46.5,2.3,4.6,5.6,0,4.1,42.7,8.9,6.1,15.2,0,0,0,0.8,8.9,1.3,4.3,1.3,4.3,3.3,1,0.3,0
65.6,"KURTISTOWN 6.6 SSE, HI US","CoCoRaHs","CoCoRaHs","BI",339.63,19.5021,-155.029,"US1HIHI0055",NA,NA,NA,NA,6.1,2.3,0.3,27.9203619962785,80.8,6.4,3.10913894426348,77.5,5.82364313955628,10.2,1,0,10.2,145.3,13.7,2.8,5.3,1.3,0,0,0,3,2.8,7.9,2.3,4.8,7.9,1,0.5,0.3
66.6,"PAHOA 3.3 SEE","COOP","COOP","BI",254.2,19.459069,-154.921985,"US1HIHI0052",NA,NA,NA,NA,1.8,4.3,0,22.9,124,5.1,3.8,73.4,8.9,4.3,NA,NA,3.6,29.5,15.5,6.9,11.4,0,0,0,0,6.4,NA,NA,1,1.8,NA,1.3,0,1.3
67.7,"PAHOA 2.7 SSE","PAHOA 2.7 SSE","CoCoRaHS","BI",259,19.4654,-154.927,"US1HIHI0051",NA,NA,NA,NA,1.8,7.9,0.3,24.9,144.8,5.8,7.1,68.1,14,5.8,4.8,0.3,4.1,38.9,8.44058640731837,7.4,11.2,0.3,0,0,0,7.9,1,6.9,2.3,4.8,3.8,0.5,0.3,0.3
68.21,"KAILUA KONA KE AHOLE AIRPORT","KAILUA KONA KE AHOLE AIRPORT","NWS","BI",27,19.73556,-156.04889,"USW00021510","PHKO",NA,NA,NA,1.27,NA,NA,NA,NA,NA,NA,NA,2.286,NA,NA,NA,NA,NA,NA,NA,NA,NA,NA,NA,NA,0.508,NA,NA,0,NA,NA,NA,NA,NA
69.25,"Palamanui","Hilo Forest Service","HIPPNET","BI",297,19.73756,-155.99582,NA,NA,NA,NA,NA,1.524,0,0,0,0,NA,0.254,0,0,0,0,0,0,0,NA,4.318,2.286,0,0,0,0,0,0,8.382,0.254,0,0,0,0,0
69.27,"KALAOA 1.7","KALAOA 1.7","CoCoRaHS","BI",304.5,19.7238,-155.9926,"US1HIHI0006","","",NA,NA,0.5,2.8,0,0,0,NA,0,0,0,0,0,0,0,NA,0,NA,NA,0,0,7.1,0,0,0,NA,3.8,0.3,0,0,0,0
69.51,"Kailua Kona HI US E6648-EW6648 ","unknown","APRSWXNET","BI",164.05,19.61,-155.96,NA,"E6648",NA,NA,NA,1.01600003242493,NA,NA,0,0,NA,NA,NA,0,0,0,0,0,0,0,NA,NA,0.76199996471405,1.77800000185303,NA,0,NA,NA,0,0,0,7.11199998855591,5.33400058746338,NA,1.5239999294281
70.16,"Waiaha Stream","NWS","HydroNet-UaNet","BI",460.5528,19.6331997,-155.9486,NA,"WIHH1","9321011E",NA,NA,10.1599999999999,0,0,0,0,2.79400000000032,0.253999999999905,0,0,0,0,1.01600000000008,0,1.77800000000025,1.77799999999979,0.762000000000171,NA,6.09600000000046,1.26999999999953,0,0,0,0.25400000000036,5.84199999999964,0.253999999999905,0,6.60400000000072,2.28599999999915,0.508000000000266,1.77799999999979
70.7,"Puuwaawaa","Hilo Forest Service","HIPPNET","BI",1659,19.72544,-155.87389,NA,NA,NA,NA,NA,2.286,0,4.826,NA,1.524,NA,0.254,0,4.318,0.254,0.762,2.032,10.16,NA,NA,0.254,5.334,0.508,2.032,0.508,0.254,0.508,3.048,NA,NA,1.778,0.508,NA,0,0
74.8,"KEALAKEKUA 4 74.8","COOP","COOP","BI",433,19.5106,-155.9217,"USC00513987",NA,NA,NA,NA,10.1383146152646,6.9,0,0,3.73516854246574,0,0,2.5,0,0,0,2.13438202426627,0,0.494827213286968,2.62691908934134,NA,6.6,2.12866315444113,2.1343820242658,0,0,0,2.3,0,0.842862514370925,1.06719101213314,8.00393259099781,3.37744116818695,3.8,1
75.1,"PTA KIPUKA ALALA","RAWS","RAWS","BI",1641.348,19.66694444,-155.7077778,"USR0000HPTK","PKAH1","32666200",NA,NA,0.50800000000001,0.253999999999991,0,0,0,NA,0,0,0.253999999999991,0,0,0.253999999999991,NA,12.954,0,NA,0.253999999999991,0,0.253999999999991,0.253999999999991,0.253999999999991,0,0,0,0,0,0,0,0,0
79.6,"Kulani NWR","NWS","HydroNet-UaNet","BI",1623.3648,19.5543995,-155.3089,NA,"KNWH1",NA,NA,NA,8.636,9.906,0.508,21.241643894639,36.0757778424981,4.572,11.43,4.96955973713219,13.208,15.1359303111842,8.382,14.3997177075834,0.762,8.89,0,0.508,2.54,0.254,0,0,0,1.778,1.524,0.508,0,0.508,0.254,0,0,0
83,"QuarryRainGageatSaddleRd","USGS","USGS","BI",1286.256,19.68586111,-155.2942222,NA,"SDQH1","DDF6B6E4",NA,NA,0.254000000000019,9.14399999999989,0.508000000000038,32.1760197269673,52.324,9.36604738861175,1.26999999999998,1.77800000000002,3.55600000000004,4.572,0.507999999999811,51.3135598040633,2.53999999999996,18.0987400977767,0.508000000000038,1.52400000000011,3.55599999999993,0.254000000000019,0.253999999999905,0.508000000000152,0.507999999999811,11.1760000000002,1.01599999999996,3.55600000000004,0.253999999999905,2.03200000000004,3.30200000000002,1.52399999999989,1.77800000000002,0.762000000000057
85.2,"Waiakea Uka","NWS","HydroNet-UaNet","BI",303.8856,19.6585999,-155.1277,"USC00519084","WKAH1",NA,NA,NA,6.59441796099178,0,0,36.322,26.416,3.048,3.302,1.016,5.334,2.73089206847411,0,5.44799099434171,4.064,31.75,0.508,4.826,2.032,0,0,0,0,1.524,3.81,2.794,1.778,4.064,1.27,0,0,2.032
87,"HILO INTERNATIONAL AIRPORT 87","NWS","HydroNet-UaNet","BI",11.6,19.7191,-155.053,"USW00021504","PHTO",NA,NA,NA,12.446,0,0,44.3004678887319,33.4936629996448,0.254,10.922,0.508,0,0.508,0,7.112,8.128,45.72,1.524,3.048,1.016,0.762,0.508,0,0.254,3.556,0.254,0.508,0.762,2.794,3.556,0.508,0.762,1.778
87.5,"HILO 5 S","HILO 5 S","USCRN","BI",189,19.645,-155.0827,"USW00021515",NA,NA,NA,NA,2.7,0,0,42.2,38.7,1.2,8.9,1.3,1.2,51.9,0,14.3,8.6,53,5,2.4,1.7,0,0,0,0.104183760459422,5.3,5.2,2.8,0.6,2.9,1.6,0.5,0,0.7
87.8,"HILO 0.4 SW","HILO 0.4 SW","CoCoRaHS","BI",107,19.692,-155.0925,"US1HIHI0039",NA,NA,NA,NA,11.7,1.3,0,37.8466471573639,85.3,8.4,1.3,26.8819759428296,0.3,4.73933870889919,5.3,0.3,30.0433177408408,56.1,3,0.5,3,0.3,0,0,0,4.6,0.8,5.6,1.5,2.8,2,1.5,0,2
87.9,"IPIF","Hilo Forest Service","HIPPNET","BI",111,19.69748,-155.0954,NA,NA,NA,NA,NA,4.572,0.762,0,46.736,37.846,2.286,11.938,1.524,0.508,3.556,0,2.032,5.08,40.386,1.524,2.54,1.778,0.254,0,0,0,5.08,4.318,1.524,2.794,2.286,2.286,0.508,0,3.556
88.8,"Waiakea Exp Farm","UNIV HAWAII","STATE","BI",183,19.644743,-155.0805636,NA,"WEXH1","CD07410A",NA,NA,3.556,NA,0,41.91,38.862,NA,NA,1.27,1.016,53.34,0.254,12.7,8.636,51.562,5.08,NA,0.762,0,0,0,0.508,5.08,5.588,3.302,2.794,3.302,1.778,1.016,0,1.016
89.11,"Piihonua","NWS","HydroNet-UaNet","BI",296.8752,19.7098007,-155.1395,"USC00518053","PIIH1",NA,NA,NA,1.91356787652612,0,0,44.45,30.734,5.588,3.302,0.762,1.524,3.556,0,5.07101744605414,4.51942872745195,21.082,0.762,2.032,4.064,0.508,0,0,1.524,4.826,1.27,2.032,1.016,4.572,3.048,0,0,1.778
89.13,"KAIWIKI HOMESTEAD 89.11, HI US","COOP","COOP","BI",379.67,19.7509,-155.1362,"USC00512802",NA,NA,NA,NA,8.4,0,0,49.1214170996155,97.3,9.79203907238818,0,6.1,1.8,3,3.6,0,39.4,24.6,2.3,4.3,11.9,2.5,0,0,0,8.9,2.8,8.1,2.8,3.8,5.1,0.5,0,1.5
91.11,"PUNA MACADAMIA O 91.11","COOP","COOP","BI",244,19.61861,-155.08667,"USC00518315",NA,NA,NA,NA,6.53701009546683,0,0,31.064932348503,37.6049084696519,3.47883972048531,1.42372215405151,0.806568813300723,1.47887922698772,2.32977531857645,0.65609691496216,1.56746424026212,33.9332980001838,30.5524733357774,1.10264809847926,2.73061365242654,4.8,1.3585342655678,0.131219382992432,0,0,0,0,9.4,1.13676202218442,3.61709529739576,2.33600869442626,0,0,2.43649209212542
91.15,"Mountain View","Mountain View","HydroNet-UaNet","BI",346.5576,19.5674992,-155.0841,NA,"MTVH1",NA,NA,NA,3.302,0.254,0,72.136,NA,1.27,14.224,3.048,8.128,23.622,0.254,12.446,8.636,75.184,4.572,7.874,2.032,0.254,0,0,0,3.302,4.572,6.858,1.778,5.842,2.032,0.762,0.254,1.27
91.17,"PAHOA BEACON 91.9, HI US","COOP","COOP","BI",148.5,19.5407,-154.9728,"USC00517460",NA,NA,NA,NA,0.8,0.3,NA,NA,NA,0.3,NA,NA,6.6,0.3,0,5.6,NA,NA,NA,NA,NA,0,0,0,NA,NA,NA,NA,2.3,NA,1,0,NA,NA
91.9,"Pahoa Beacon","NWS","HydroNet-UaNet","BI",187.1472,19.5149994,-154.9644,NA,"PHAH1",NA,NA,NA,1.016,0.254,0,56.388,41.402,1.27,5.08300828173166,0.622396184236803,6.604,0.254,0,4.318,4.82505699391729,83.82,6.35,8.382,1.93952617370155,0,0,0,0,7.366,3.048,1.778,3.556,3.048,1.524,0.254,0,0.508
92,"KEAAU 92","PU SUGAR","COOP","BI",87,19.62918887,-155.0333418,"USC00513872",NA,NA,NA,NA,6.14947520026096,0.0545238646183702,0.181746215394567,41.1844375815919,32.3978021060508,2.44033025400661,0.932461793435826,0.548284975414316,0.0545238646183702,1.64960617585994,0.671725253113303,2.22754454008441,33.4074217218889,30.1473068943141,1.25946963568684,1.78617671964167,5.37929302619224,2.11947552438602,0.373423709688014,0,0,7.1,1.36614294468987,4.46512737837492,0.741356423849548,2.99082122110437,2.45722219713939,0.197504444318378,0.8,0.5
92.5,"KiholoRainGage","USGS","USGS","BI",283.96692,19.82580556,-155.8925833,NA,"KIRH1","DD60236E",NA,NA,2.286,0,0,0,0,NA,0,0,0,0,0,0,0,3.55600000000001,0,0,0.254000000000005,0,0,0,0,0,0,5.842,0,0,0,0,0,0
93.12,"PUUANAHULU","RAWS","RAWS","BI",830.58,19.83277778,-155.7697222,NA,"PULH1","48703040",NA,NA,3.30199999999999,0.254000000000019,NA,6.096,0.253999999999991,33.782,0.762,0,0,NA,0,0.254000000000019,0.253999999999962,NA,2.03199999999998,NA,0.254000000000019,0,0,0,0,0,0.507999999999981,0,0,0,0,0,0,0
93.13,"Mamalahoa","Hilo Forest Service","HIPPNET","BI",636,19.80256,-155.85062,NA,NA,NA,NA,NA,0.254,0,0,0,0,64.26,0,0,2.286,0.254,0,0,0,26.67,6.858,0,17.272,0.508,0,0,0,0,0.508,0,0,0,0,0,0,0
93.61,"PAHOA 4.7 NE, HI US","CoCoRaHs","CoCoRaHs","BI",53.95,19.5473,-154.8988,"US1HIHI0065",NA,NA,NA,NA,1.5,7.9,0.3,NA,106.7,3.3,3.6,42.4,0.5,1,1.5,0,0.8,40.4,4.1,1.8,8.9,0,0,0,0,5.8,0,6.6,1.8,2.3,2,1.5,0,0
93.62,"PAHOA 5.7 NE","COOP","COOP","BI",27.4,19.5565,-154.8865,"US1HIHI0070",NA,NA,NA,NA,1.5,7.1,0.3,NA,103.4,0.8,1,40.9,0.5,0.5,2.3,0.3,4.3,32.8,5.6,1,5.1,0,0,0,0,7.1,0,5.8,1.5,2.8,3.6,2,0,0
93.63,"HAWAIIAN PARADISE PARK 2.4 E","COOP","COOP","BI",10.1,19.594568,-154.936038,"US1HIHI0072",NA,NA,NA,NA,5.3,NA,NA,39.9,106.9,1.5,0.5,32.5,0,0.8,10.4,0,6.6,75.7,7.9,4.1,8.1,0,0,0,0,6.6,0,8.6,1,4.3,3.6,0.5,0,0
93.64,"KEAAU 5.5","COOP","COOP","BI",18,19.613803,-154.955684,"US1HIHI0068",NA,NA,NA,NA,6.1,NA,0.5,NA,87.9,5.8,0,30.5,0.3,1.5,NA,0.5,NA,72.1,10.7,1.3,3.3,0.5,0,0,0,4.6,0.5,10.9,0.5,2,2.8,0.8,0,0.3
93.8,"KONA VILLAGE 93.8","KO VILLAGE RES","COOP","BI",12,19.8314012,-155.9858256,"USC00514765",NA,NA,NA,NA,6.6,0,0,0,0,0,1.3,0,NA,0,0,0,0,0,0,0,1.3,0,0,0,0,0,0,0,0,0,0,0,0,0
94,"KAUPULEHU LAVA FLOW","RAWS","RAWS","BI",372.1608,19.80333333,-155.9180556,NA,"KPLH1","4870E628",NA,NA,0.254000000000019,0,0,0.507999999999981,0,NA,0.253999999999991,0,0,0,0,0,0,3.55600000000004,0,0,0.761999999999972,0,0,0,0,0,0,2.79400000000001,0.253999999999991,0,0,0,0,0
94.5,"PUU WAAWAA","RAWS","RAWS","BI",708.9648,19.795,-155.8452778,"USR0000HPUW","PWWH1","487046D0",NA,NA,0.762,0,0,0,0,70.612,0.253999999999962,0,4.31799999999998,0,0.254000000000019,0.254000000000019,0.254000000000019,24.4223687238514,3.55600000000004,0,17.018,2.53999999999996,0,0,0,0,0,0,0,0,0,0,0,0
95.11,"WAIKOLOA VILLAGE 2.7 ENE","WAIKOLOA VILLAGE 2.7 ENE","CoCoRaHS","BI",265,19.9465,-155.7883,"US1HIHI0047",NA,NA,NA,NA,1,0,0,0,0,0,6.1,0,0,0,0.3,0,0,0,4.3,0,0,0,0,0,0.5,0,0,0.415440036553197,0,0,0,0,0,0
95.6,"WAIKOLOA","RAWS","RAWS","BI",297.7896,19.92416667,-155.7936111,NA,"WKVH1","4870C0C4",NA,NA,0,0,0,0,0,9.14399999999989,0,0,0,0,0,0,0,5.58800000000008,0,0,0,0,0,0,0,0,0.508000000000038,0,0,0,0,0,0,0
95.8,"WAIKOLOA 95.8","BOISE CASCADE","COOP","BI",268,19.93389178,-155.7877744,"USC00519142",NA,NA,NA,NA,0.5,0,0,0,0,0,7.9,0,0,0.3,0.216637762567873,0,0,0,6.4,0,0,0,0,0,0,0,0,0.3,0,0,0,0,0,0
95.9,"WAIKOLOA BEACH RT 95.9","COOP","COOP","BI",24,19.91278,-155.87778,"USC00519144",NA,NA,NA,NA,2.5,0,0,0,1,0,0,0,0.8,0,0,0,0,0,0,0,0,0,0,0,0,0,0,0,0.8,0,0,0,0,0
98.2,"PUHO CS","PUHO CS","RAWS","BI",29.5656,19.42194444,-155.9075,NA,"PERH1","32D6803A",NA,NA,NA,0,NA,0,0,0,NA,0,NA,0,NA,0,0,1.01599999999999,0,0,NA,0,0,0,0,NA,0,0,NA,0,NA,NA,0,0
98.91,"HOLUALOA 0.95","COOP","COOP","BI",527.3,19.6225861,-155.927558,"US1HIHI0067",NA,NA,NA,NA,6.9,NA,NA,NA,NA,5.1,5.1,NA,NA,NA,NA,NA,1,NA,7.9,1,10.2,NA,4.1,NA,0.8,NA,NA,NA,NA,NA,NA,8.9,NA,1.8
99,"PTA WEST","RAWS","RAWS","BI",1307.592,19.77166667,-155.7022222,"USR0000HPTW","PKWH1","32667176",NA,NA,9.65199999999999,0,0,0,0,NA,0.253999999999991,0,1.524,0,0,1.26999999999998,0,14.224,0,NA,0.253999999999991,0.253999999999991,0.507999999999981,0.762000000000029,0.253999999999991,0.253999999999991,0,0,0,0,0,0,0,0
100.3,"Waikii","Waikii","HydroNet-UaNet","BI",1417.0152,19.8614006,-155.6506,NA,"WHIH1",NA,NA,NA,NA,2.794,0,0.762,0.254,0,0.762,0,2.794,5.334,NA,NA,0.254,3.048,2.032,0,0,0.762,0.762,2.794,0.254,0,1.524,0,0,1.016,0,0,0,0
101.1,"PTA KEAMUKU","RAWS","RAWS","BI",1025.9568,19.90222222,-155.6786111,NA,"PKMH1","328FB7BE",NA,NA,2.54000000000002,9.14399999999995,NA,0,2.79399999999998,9.14400000000006,0.253999999999962,0,3.30200000000002,NA,0.253999999999962,NA,0.762,9.65200000000004,NA,0.2539978066405,0,0.254000000000019,0.762,3.30200000000002,0,0,0,0,0,0,0,0,0,0
102.8,"AUHMOA","RAWS","RAWS","BI",2001.9264,19.83638889,-155.6130556,NA,"AHMH1","4870D3B2",NA,NA,NA,0,0,0,0,0.254,0,0,NA,0,0,NA,NA,NA,0,0,0.254000000000001,0,0,NA,0,0.253999999999998,0,0,0,0,0,0,0,0
107.4,"PTA EAST","RAWS","RAWS","BI",1959.864,19.68277778,-155.5452778,"USR0000HPTA","PTAH1","3266D18E",NA,NA,NA,0.253999999999962,0,0,0.762000000000057,0.254000000000019,0,0,0,0,0,4.31799999999998,2.286,NA,0,NA,0,0,0,0,0,0,0,0,0,0,0,0,0,0
109,"PTA RANGE 17","RAWS","RAWS","BI",1734.312,19.74583333,-155.6261111,NA,NA,"3279630C",NA,NA,0.762,0,NA,0,0,0,0,0,NA,0,0,1.27000000000001,5.08000000000001,15.494,0,NA,0,0,0,0.254000000000019,0.253999999999991,NA,0,0,0,0,0,0,0,0
113.2,"PUU MALI","RAWS","RAWS","BI",2165,19.92666,-155.44,NA,"PMLH1","3181742E",NA,NA,8.38200000000006,NA,0.761999999999944,NA,NA,7.87400000000014,0.507999999999925,0,3.30200000000002,11.938,2.79399999999998,NA,NA,1.77799999999991,0,0,0,0,0,0.762000000000057,0,0,0,0,0,1.77800000000002,0,0,0,0
127.5,"Laupahoehoe","Hilo Forest Service","HIPPNET","BI",1145,19.93217,-155.29129,NA,NA,NA,NA,NA,0,0.254,5.334,5.842,10.668,10.668,11.43,1.524,5.7447283283611,2.286,4.064,99.316,2.50762373239213,1.524,0,0,1.778,0,0,0,0,0.762,0.254,0.254,0.762,1.778,1.016,0.254,0.508,1.524
129,"HAKALAU","RAWS","RAWS","BI",1950.72,19.82111111,-155.3305556,"USR0000HHAK","HKUH1","8374D370",NA,NA,6.85799999999995,9.14400000000001,0.2540283515625,9.90599999999995,36.0680000000002,7.61999999999989,1.52400000000011,6.85799999999972,5.33400000000029,2.53999999999996,0.761999999999944,20.8280000000002,1.42548075351085,5.58799999999997,0,0,0,0,0,0,0,0,0,0.508000000000038,0,0.254000000000133,0,0,0,0
132.2,"Spencer","Hilo Forest Service","HIPPNET","BI",454,19.96358,-155.25014,NA,NA,NA,NA,NA,0,0,4.826,5.588,8.89,1.27,0.762,0,2.17392624244418,0.254,0,65.3071866717336,3.71623105058545,0,0,4.318,6.858,0,0,0,0,0,0.254,0,2.794,4.064,2.794,0.254,0.762,6.096
133.3,"Laupahoehoe","NWS","HydroNet-UaNet","BI",499.872,19.9792,-155.2372,NA,"LPHH1","B159741A",NA,NA,0.253999999999678,0,1.01600000000008,18.6692317535616,14.1292886705003,1.52400000000011,0,0,4.19512968440816,0,0,52.578,3.05182696726998,0.508000000000266,0,3.04799999999977,9.6520000000005,0,0,0,0,0,0.253999999999905,0.253999999999905,0.253999999999905,7.62000000000035,0.507999999999811,0.253999999999905,0.762000000000171,6.096
138.2,"KAHUNA FALLS 138.2","COOP","COOP","BI",424,19.86139,-155.16361,"USC00512595",NA,NA,NA,NA,6.4,0.3,1,53.5972713390931,31,7.78628588074509,2.5,0.3,0.3,2.5,0.3,0,108,53.3,0.5,0.5,7.9,4.1,0.5,0.3,0.3,6.4,4.8,0.5,1,5.8,4.29632187198264,3.8,0.3,3.8
140.1,"PAPAIKOU MAUKA NO 2 140","MAU KEA SUGAR","COOP","BI",427,19.78695738,-155.1388973,"USC00517724",NA,NA,NA,NA,9.4,0,0,47.0206133987962,80.5,4.49676351236635,0.8,2,0,2,2.5,0,45.5,26.9,2.8,3,6.6,4.6,0.5,0,0,6.6,2,4.3,1.3,4.3,4.1,0.8,0,2.5
140.6,"Papaikou Well","NWS","HydroNet-UaNet","BI",345.6432,19.7884998,-155.1313,NA,"PPWH1",NA,NA,NA,NA,0,0,NA,41.402,3.81,4.064,0.254,0,3.81,0,NA,16.764,NA,0.508,2.794,8.128,1.778,0,0,1.524,6.35,4.064,1.27,3.048,8.89,3.302,0.254,0,2.794
144.1,"PAPAIKOU 144.1","MAU KEA SUGAR","COOP","BI",61,19.78362447,-155.0922318,"USC00517711",NA,NA,NA,NA,7.6,0,0,27.128258398801,50.103850537211,2.56752280108795,0.8,0,0,2,0.638389031243305,2.11699648688947,31.7494861039204,39.4,1.19696497471245,1.69753276417174,6.4,2.01429069472316,0.354891526209753,0.051817967170413,0,3.79776190265513,1.29834432598492,1.3,0.704564562719343,2.8423934534447,2.88867151995154,0,0,4.3
147.1,"MIDDLE PEN 147.1","KAHUA RANCH","COOP","BI",421,20.10027112,-155.8322151,"USC00516270",NA,NA,NA,NA,0,0,NA,NA,NA,6.4,NA,0,NA,NA,NA,NA,NA,NA,NA,NA,NA,NA,NA,NA,NA,0,NA,NA,NA,0,NA,NA,NA,NA
147.2,"KOHALA RANCH","KOHALA RANCH","RAWS","BI",328.8792,20.08305556,-155.8325,NA,"KHRH1","4870B654",NA,NA,NA,0,NA,NA,NA,0.762,8.89000000000001,0,1.77799999999999,NA,NA,0,1.524,4.572,0,NA,0,NA,NA,NA,NA,0,NA,0,0,0,0,NA,NA,0
160.3,"Upolu Airport","NWS","HydroNet-UaNet","BI",34,20.265,-155.8582,NA,"UPLH1","B15017A0",NA,NA,2.03200000000004,0,0,2.03199999999993,2.286,NA,NA,0,0.254000000000019,0,0,4.31800000000004,7.11199999999991,5.58800000000008,0,3.04799999999994,1.01600000000008,0,0,0,0,0,0.507999999999981,0,0,1.01599999999996,0.253999999999962,0,0.254000000000019,1.77800000000002
176.3,"Kahua Ranch HQ","KAHUA RANCH","HydroNet-UaNet","BI",987.552,20.1249008,-155.7884,NA,"KASH1","15D293C2",NA,NA,1.26999999999953,0,0,0,0.25400000000036,1.52400000000034,8.38199999999961,0,0.761999999999716,0,0,6.85800000000063,0.253999999999451,0.59183451949937,0.507999999999356,3.55100711699657,0.507999999999356,0,0,0,0.253999999999905,1.01600000000053,0,0.507999999999356,0.508000000000266,2.79400000000032,0.253999999999905,0.508000000000266,0,3.55599999999959
178.12,"PONOHOLO RCH 178.11","PONOHOLO RCH 178.11","COOP","BI",762,20.12554592,-155.7774941,"USC00518101",NA,NA,NA,NA,NA,6.4,0,0,0,1.8,NA,5.8,0,0,0,NA,10.4,NA,3.6,NA,NA,0,0,0,0,NA,0,0,2.8,3.8,1,0,0,NA
185.7,"KawainuiRainGagenearKamuela","USGS","USGS","BI",1237.488,20.08533333,-155.6811667,NA,"KWSH1","DDF6A592",NA,NA,0.507999999999925,0,0.254000000000133,1.26999999999987,0.508000000000038,1.26999999999998,0.253999999999905,0,0,0,0,NA,0.762000000000057,0.254000000000019,4.82599999999991,NA,NA,4.82600000000014,0,0.762000000000057,0.253999999999905,2.79399999999998,8.38199999999995,1.01599999999996,6.35000000000002,NA,NA,2.53999999999974,2.7940000000001,NA
192.7,"Kamuela Upper","NWS","HydroNet-UaNet","BI",948.5376,20.0319996,-155.6667,"USC00513080","KUUH1","817075F6",NA,NA,2.03199999999993,0,0,0,0,0.762000000000171,0.253999999999905,0,0,1.52399999999989,0.254000000000133,9.90599999999995,6.60400000000004,0.761999999999944,0,4.57200000000012,1.52399999999989,0,0,0.254000000000133,0,0.761999999999944,0.253999999999905,0,6.85799999999995,3.81000000000017,3.55600000000004,0.761999999999716,0.508000000000266,2.70690192695854
192.9,"PUUKAPU HMSTD 192.9","COOP","COOP","BI",916,20.0375,-155.6347,"USC00518386",NA,NA,NA,NA,NA,0,0,0,0,0,0.3,0,0,0,0,10.0333786807589,NA,3,1,1,7.4,1,0.3,0.5,0.5,0,0.8,0.8,0.5,4.8,2.3,3.3,0.5,2
201.3,"Kamuela 1","NWS","HydroNet-UaNet","BI",877.824,20.0394993,-155.6084,NA,"KMUH1","81706680",NA,NA,0.253999999999905,0,0,2.03200000000015,0,0.253999999999905,0.253999999999905,0,0,0.761999999999716,0,9.14400000000023,5.3704327914817,0.762000000000626,0.253999999998996,1.52400000000034,2.03200000000015,0,0,0,0,0.253999999999905,1.01599999999962,0,3.30200000000059,2.03200000000015,2.28600000000006,0.507999999999811,0,1.52400000000034
208.1,"Honokaa HI US E6549-AH6AE ","unknown","APRSWXNET","BI",310.01,20.101,-155.531,NA,"E6549",NA,NA,NA,NA,0,NA,0.508000016212463,0.25399996471405,NA,NA,0,8.38199996948242,NA,0,NA,NA,NA,0,NA,0.508000016212463,NA,0,0,0,0,0,0,1.26999998092651,8.12800051689149,2.28600052070618,NA,0,8.38199996948242
215.5,"Honokaa","NWS","HydroNet-UaNet","BI",591.9216,20.0656,-155.49,NA,"HNKH1","B15047DC",NA,NA,3.80483727924162,0,0,1.77800000000025,4.19784914318114,6.60399999999981,0.254000000000133,0,0,0.254000000000133,0,6.00131912107822,74.87537692792,0.254000000000133,0,0,0,0,0,0,0,0,0,0,2.53999999999974,5.58800000000042,3.04799999999977,0.507999999999811,0,5.08000000000015
216.6,"HONOKAA 2.5 SSW","HONOKAA 2.5 SSW","CoCoRaHS","BI",757,20.0417,-155.4777,"US1HIHI0033",NA,NA,NA,NA,9.9,0.5,0.16697902422536,0.3,4.6,0.16697902422536,3.8,0.3,0.3,4.8,0.5,0.3,64.5,3.01116655911715,1.3,0.5,0,0,1,0.3,0.5,0.5,0.8,0,0.3,8.4,1.3,3.6,0.5,1
216.8,"KALOPA 216.8","COOP","COOP","BI",396,20.06111,-155.43528,"USC00512982",NA,NA,NA,NA,7.9,0,0.3,0,6.47917231687274,0,3,0,0,8.1,0.8,7.9,136.1,1.15531071746777,0.5,0,0,0,0,0,0.161068271881446,0,0,0,3,3.3,1.3,0.8,0.5,0.5
216.9,"HONOKAA 2.7 ESE","HONOKAA 2.7 ESE","CoCoRaHS","BI",333,20.0606,-155.43,"US1HIHI0034",NA,NA,NA,NA,5.6,0,0,0.102101603691662,8.6,0,2.5,0,0,6.6,1,0,130.8,2,2.5223970737298,0,0,0,0,0,0,0,0,0,1.61287152356491,2.3,2,0.8,0,1
217.2,"PAAUHAU MAUKA 217.2","COOP","COOP","BI",341,20.07306,-155.44722,"USC00517209",NA,NA,NA,NA,3.6,0,0,0,5.8,0,5.3,0,0,4.6,0.530131010671955,0,133.9,3.3,0,0,0,0,0,0,0,0,0,0,0.3,1.8,3,1,0,0.8
221,"PAAUILO 221","HAMAKUA MILL","COOP","BI",244,20.03860487,-155.3688913,"USC00517312",NA,NA,NA,NA,5.1,0,0,0,6.6,0,1.82973810017784,0,0,4.65037335692271,0,2.72486246833226,120.4,1,0.3,0,0,0,0,0,0.5,0,0,0,2,0.3,1,0.778457627587238,0,0.5
221.7,"PAAUILO 2.4 SW","PAAUILO 2.4 SW","CoCoRaHS","BI",613,20.019,-155.3988,"US1HIHI0050",NA,NA,NA,NA,13.5,0.8,0.5,0,8.6,0.5,1.5,0.5,0,6.42472189204916,1.3,0.5,110.2,1.3,6.1,0.8,0.3,0,0,0,0,0,0,0,1.57671805747847,7.1,0.3,0.8,0.8,1.12414155476796
249.1,"MAKENA GOLF CRS 249.1","MAKE GC","COOP","MA",30,20.6420893,-156.4388486,"USC00515842",NA,NA,NA,NA,NA,NA,NA,NA,NA,NA,0,NA,0,0,NA,NA,NA,NA,NA,NA,NA,NA,NA,NA,NA,0,NA,NA,NA,NA,NA,NA,0,NA
250,"ULUPALAKUA RANCH 250","ULUPALAKUA RANCH","COOP","MA",579,20.648174,-156.398497,"USC00518760",NA,NA,NA,NA,NA,NA,0,NA,NA,NA,NA,0,NA,NA,NA,NA,NA,1.3,0,0,0,NA,NA,NA,0,0,0,0,NA,NA,NA,0,NA,0
250.2,"Ulupalakua Ranch","NWS","HydroNet-UaNet","MA",581.5584,20.6487999,-156.3981,NA,"ULUH1","8170531A",NA,NA,1.01599999999999,0.254000000000019,0,1.01599999999999,4.06399999999999,37.084,NA,NA,2.03200000000001,0.253999999999991,4.57199999999997,NA,0.254000000000019,1.01599999999996,0,0,0,0,0,0,0,0,0,0,0,0,0,0,0,0
255,"KepuniGulchRainGage","USGS","USGS","MA",225.552,20.6195,-156.2518889,NA,"KPNH1","F000D4EA",NA,NA,0,0,0,NA,NA,35.56,5.08000000000001,0,0,0,0,0,NA,0.254000000000019,0,0,0,0,0,0.507999999999981,0,3.55599999999998,0,0,0,0,0,0,0,0
267,"KULA HOSPITAL 267","KULA SATORIUM","COOP","MA",916,20.70013977,-156.3555187,"USC00515004",NA,NA,NA,NA,0,NA,0,0,NA,NA,NA,0.3,3.6,0,0,0,0.5,0,NA,NA,0,5.1,NA,NA,NA,0.3,NA,NA,NA,NA,NA,NA,0,NA
267.8,"KULA 1","KULA 1","RAWS","MA",1998.5736,20.68305556,-156.3216667,NA,"KLFH1","AA10F12E",NA,NA,3.55600000000004,0,NA,0.762,NA,40.132,5.84199999999998,0,1.26999999999992,0,0.254000000000076,NA,0.254000000000076,4.31799999999993,0,0,3.048,0,0,0,0,0,0,0,0,0,0,0,0,0
276,"BIG BOG HN-164","HaleNet","HaleNet","MA",1650,20.72655556,-156.09225,NA,NA,NA,NA,NA,NA,NA,NA,NA,NA,NA,NA,NA,NA,NA,NA,NA,NA,38.2123679212029,NA,NA,NA,NA,NA,NA,NA,NA,NA,NA,NA,NA,NA,0,0,4.826
279,"POHAKAU PALAHA HN-161","HaleNet","HaleNet","MA",2460,20.73061111,-156.1413056,NA,NA,NA,NA,NA,6.096,0.254,0,16.764,23.622,21.336,2.032,0.254,0.762,0,1.778,9.652,33.528,NA,0,0,0,0,0,0,0,0,0,1.27,0.508,0,0,0,0,0.508
311.2,"Kealia Pond NWR","Kealia Pond NWR","RAWS","MA",3.6576,20.7975,-156.4772222,NA,"KPDH1","32B2C438",NA,NA,0,NA,NA,NA,0,46.482,8.88999999999999,0.254000000000019,0.253999999999991,NA,0.253999999999991,0.253999999999991,0,0,NA,NA,NA,NA,NA,NA,NA,NA,NA,NA,0,NA,NA,0,NA,NA
311.5,"Kihei 2","NWS","HydroNet-UaNet","MA",54.5592,20.7061005,-156.437,NA,"KHIH1","93202508",NA,NA,0,0,0,0,0,23.876,0.508000000000038,2.79399999999998,2.79399999999998,0,0,0,0,0,0,0,0,0,0,0,0,0,0,0,0,0,0,0,0,0
324.7,"Kula Branch Stn","NWS","HydroNet-UaNet","MA",944.88,20.7577991,-156.3217,"USC00515000","KBSH1","93220610",NA,NA,NA,0.508000000000038,NA,1.26999999999998,NA,14.7,1.01600000000008,0.254000000000133,1.77800000000002,0,0.761999999999944,0,0,0.254000000000133,0.253999999999905,0,NA,0,0,0,0.508000000000038,0,0,0,0,0,0,NA,0,NA
329,"LOWER KAHUKU CS","BD OF A&F","STATE","MA",1149,20.80179746,-156.2805211,NA,"LKHH1",NA,NA,NA,0.5080566875,0.762,0,NA,1.7780762890625,NA,NA,NA,3.12500025856366e-10,NA,0,0,0,NA,0.507934835937499,3.0479736328125,3.28124998283386e-08,2.7940673828125,NA,NA,NA,NA,1.016,1.7779541015625,0.7619628921875,NA,NA,3.9843749988222e-07,NA,NA
337,"south rim","south rim","CraterNet","MA",2898,20.703948,-156.241101,NA,NA,NA,NA,NA,0.2,0,0,3.4,9.6,27,2.4,0,0.6,0,0,2.38113202797871,2.8,0.2,0,0,0,0,0,0,0,0,0,0,0,0,0,0,0,0
337.12,"Puu Alaea","Puu Alaea","CraterNet","MA",2282,20.73782363,-156.1453106,NA,NA,NA,NA,NA,3.2,0.8,0,26.2,13.2,24,1.6,0,0.2,0,4.4,16.2,35.2,7.6,0,0,0,0,0,0,0,0,0,6.8,2.4,0,0,0,0,3.2
337.13,"Paliku","Paliku","CraterNet","MA",1927,20.71236611,-156.1437572,NA,NA,NA,NA,NA,8.4,0,0,12.2,49.2,65.8,2.2,0.6,0.8,0.4,2.4,NA,43.4,6,0,0,0.2,0,0,0,0,0.2,0,NA,0.2,0.4,0,0,0,0
337.2,"Puu o Pele","Puu o Pele","CraterNet","MA",2424,20.709651,-156.224485,NA,NA,NA,NA,NA,0,0,0,4.6,4.6,33.8,3.4,0,0.8,0,0.8,2.40009251710796,3,0.2,0,0,0,0,0,0,0,0,0,0,0,0,0,0,0,0
337.3,"Lava lake","Lava lake","CraterNet","MA",2270,20.718443,-156.212261,NA,NA,NA,NA,NA,0,0,0,2.2,6.4,20.6,0.6,0,0,0,0.4,3,3.6,0,0,0,0,0,0,0,0,0,0,0,0,0,0,0,0,0
337.4,"Silversword loop","Silversword loop","CraterNet","MA",2186,20.731704,-156.205387,NA,NA,NA,NA,NA,0.2,0,0,0.6,6.4,10.6,0.4,0,0,0,0,1.2,2,0.2,0,0,0,0,0,0,0,0,0,0.6,0,0,0,0,0,0
337.5,"Leleiwi","Leleiwi","CraterNet","MA",2722,20.74337371,-156.2288651,NA,NA,NA,NA,NA,1,0,0,1.2,5.8,15.4,0.4,0.2,0.2,0,0.4,3,2.4,0,0,0,0,0,0,0,0,0,0,6.2,0,0,0,0,0,0
337.6,"Puu Nole","Puu Nole","CraterNet","MA",2261,20.717807,-156.188007,NA,NA,NA,NA,NA,0,0,0,4,7.0850301761287,23.2,1.2,0,0.4,0,0.4,3.2,2.8,1.2,0,0,0,0,0,0,0,0,0,0.2,0,0,0,0,0,0
337.7,"Hanakauhi","Hanakauhi","CraterNet","MA",2645,20.73567887,-156.1754875,NA,NA,NA,NA,NA,3.2,0,0,8.8,9,16.4,0.8,0,0.2,0,0.4,7.8,6.8,2.2,0,0,0,0,0,0,0,0,0,0.8,0,0,0,0,0,0
337.8,"Aloha Park","Aloha Park","CraterNet","MA",2455,20.73555054,-156.1587809,NA,NA,NA,NA,NA,3.4,0.2,0,9,13.8,18,2,0,0,0,1.8,13.2,16.6,2.6,0,0,0,0,0,0,0,0,0,3,0.6,0,0,0,0,1.2
337.9,"Laie","Laie","CraterNet","MA",2051,20.7229056,-156.1544823,NA,NA,NA,NA,NA,3,0,0,8.6,17.6,31.4,2.2,0,0.2,0.4,0.8,NA,20.6,2,0,0,0,0,0,0,0,0,0,1,0,0,0,0,0,0
339.5,"NENE NEST HN-152","HaleNet","HaleNet","MA",2590,20.73819444,-156.2458333,NA,NA,NA,NA,NA,0.254,0,0,0.762,5.842,12.192,0.508,0,0,0,0.254,1.27,1.016,0.254,0,0,0,0,0,0,0,0,0,0.254,0,0,0,0,0,0
339.6,"SUMMIT HN-153","HaleNet","HaleNet","MA",2990,20.71036111,-156.25675,NA,NA,NA,NA,NA,0,0,0,1.016,4.572,22.858,3.81,0,1.27,0,0,2.794,2.286,3.048,0,0,0,0,0,0,0,0,0,0,0,0,0,0,0,0
348.5,"WestWailuaikiRainGagenrKeanae","USGS","USGS","MA",472.44,20.81436111,-156.1429722,NA,"WWKH1","DD5E710A",NA,NA,10.1599999999999,1.01600000000008,0,10.1599999999999,19.0500000000002,27.1779999999999,0,0,9.90599999999949,0.25400000000036,0,15.4826090433523,103.378000000001,15.2399999999998,0,1.77799999999979,3.8100000000004,0,0,0,0,2.03200000000015,5.84199999999964,17.0179999999996,4.06400000000031,5.8420000000001,4.4286120851508,0.25400000000036,0.253999999999905,6.60399999999981
353,"Hana AP","NWS","HydroNet-UaNet","MA",19,20.7946,-156.0157,"USC00511125","HNAH1","B150314C",NA,NA,2.53999999999996,0,0,NA,46.7360000000001,85.0900000000001,0.253999999999905,0,1.52399999999989,0.254000000000133,0,74.422,16.2559999999999,2.53999999999996,0,0,0,0,0,0,0.254000000000133,1.26999999999975,0.254000000000133,5.33399999999983,1.0160000000003,0.507999999999811,1.0160000000003,0,0,2.03199999999993
361.1,"Lahainaluna","NWS","HydroNet-UaNet","MA",238.0488,20.8909,-156.6556,NA,"LAHH1","81700366",NA,NA,0,NA,0,0,0,15.748,13.208,NA,2.79399999999998,0,0.254000000000019,NA,NA,0,NA,NA,NA,0,0,0,NA,NA,0,NA,0,0,0,0,NA,NA
380,"PuuKukuiRainGageatalt","BALDWIN PKRS","USGS","MA",1759,20.89083333,-156.6008333,"USC00514887","PKKH1","DD73556E",NA,NA,7.61999999999989,0.254000000000133,0,0.253999999999905,0,72.3900000000001,12.4459999999997,1.0160000000003,5.55711079219941,0.507999999999811,2.53999999999996,8.38200000000006,11.1759999999999,0.508000000000038,0,0.761999999999944,1.01600000000008,0,0,0,0.253999999999905,3.04800000000023,0.761999999999716,16.5106596258375,3.30200000000013,5.45463036203689,4.31800000000021,0.508000000000038,0.253999999999905,3.30200000000013
386.6,"Wailuku","NWS","HydroNet-UaNet","MA",146.9136,20.8831005,-156.5124,NA,"WUKH1","9321D776",NA,NA,NA,0,0,0,2.28600000000006,38.862060559375,NA,0.253999999999905,0.253999999999905,0,0,21.0819999999999,12.192,0,0,0,0,0,0,0,0,0,0,1.01600000000053,0,0,1.01599999999962,0,0,0
387.6,"Maui HI US AR427-AH6GR ","unknown","APRSWXNET","MA",233.76,20.875,-156.516,NA,"AR427",NA,NA,NA,0.508000108242042,0,0,0,1.77799999713898,30.9879976539615,31.2419868185733,3.55599932084504,0.254000008106232,0.254000016212464,0.508000016212463,11.9379986686706,16.2560031585693,NA,0,0,0,0,0,0,0,0,0,0.76199996471405,1.52399993414215,0,0.508000016212463,1.01600004863739,0,0
390,"WAIKAPU 390","WAILUKU SUGAR","COOP","MA",130,20.8491,-156.5092,"USC00519376",NA,NA,NA,NA,0.5,0,0,NA,NA,NA,38.1,0.172189892790666,1,NA,NA,NA,NA,0.3,0.397487622328187,0,0,NA,NA,NA,0,0,0,0.3,NA,NA,0.3,0.275503828465066,0.704856152841366,0.3
390.4,"Waikapu Country Club","NWS","HydroNet-UaNet","MA",145.9992,20.8346996,-156.5135,NA,"WCCH1","9320E016",NA,NA,NA,NA,NA,0,0.508000000000266,27.4319999999998,NA,0,0.508000000000038,0,0,4.06399999999985,NA,NA,NA,NA,0,0,0,0,0,0,NA,0,0,0,NA,NA,0,NA
398,"KAHULUI AIRPORT","NOAA-NWS","NWS","MA",12,20.8887,-156.41,"USW00022516","PHOG",NA,NA,NA,NA,NA,NA,NA,2.54,42.672,4.064,NA,0.254,NA,0,NA,7.874,NA,NA,NA,NA,NA,NA,NA,NA,NA,NA,0,NA,0,0.254,NA,NA,0.254
426.6,"Pukalani","NWS","HydroNet-UaNet","MA",495.9096,20.8355007,-156.3307,NA,"PUKH1","15D2B52E",NA,NA,NA,0,NA,NA,2.286,NA,1.01599999999999,NA,1.01600000000001,NA,0.507999999999996,1.27000000000001,1.01600000000001,NA,0,NA,NA,0,NA,NA,NA,NA,0,0,0,NA,NA,NA,NA,0.253999999999991
432.4,"Makawao AP834-KH6HHG","unknown","APRSWXNET","MA",473.95,20.855,-156.315,NA,"AP834",NA,NA,NA,0,0,NA,0,0.76199996471405,58.6739997910911,2.54000091552729,3.81469700272419e-08,0.508000016212463,1.62124630387339e-08,2.79399991035461,3.04800042533875,NA,0,0,NA,0,0,0,0,0,0,0,1.77799999713898,0.508000019073477,4.71404992818947e-09,0,0,0,1.01600003242493
446,"KAILUA 446","EMI","COOP","MA",213,20.89012208,-156.2121892,"USC00512679",NA,NA,NA,NA,2.62724109717357,0.26272410971738,0,2.62724109717357,12.6784672988493,91.292981257207,2.02236267173428,0,2.89862051503337,0.065681027429433,0,NA,53.4643563274832,3.94086164576034,0,0.459767192005325,0.985215411440202,0,0,0,0,0.862508664723703,2.18478452145292,15.1865630870158,2.06207777473696,3.19596585731986,NA,0.065681027429433,0.0656810274293153,2.04476715845204
457.1,"PUUKOLII 457.1","COOP","COOP","MA",128,20.93194,-156.67611,"USC00518407",NA,NA,NA,NA,1.81325337147792,0.5,0,0,0,NA,32.8,0.3,1.5,0,0,NA,4.04204397391954,0.3,0,0,0,0,0,0,0,0,0,0.5,0.491089454775271,0.18888055952895,1.81325337147792,0.302208895246321,0,0
462.4,"KAPALUA W.MAUI AIRPORT 462.4","KAPALUA W.MAUI AIRPORT 462.4","NWS","MA",73,20.9625,-156.6753,"USC00513317",NA,NA,NA,NA,1.20450533246203,0,0,0,0,NA,57.4,0,0.8,0.5,0,1.53491474106935,5.78646084473866,0.353516746107085,0.8,0,0,0,0,0,0,0,0,1.28826351918371,0.70302795309909,0.270395366576573,1.52362051560716,0.309087551211529,0,0
466,"MAHINAHINA 466","PIONEER MILL","COOP","MA",257,20.94678808,-156.6555055,"USC00515715",NA,NA,NA,NA,4.8,0,0,0,0,NA,48.5,0.3,2,0,0,2.83827855577303,10.7,1,0.3,0,0,0,0,0,0,0,0,1.85832308383111,1.3,0.5,4.8,0.8,0.5,0.3
482,"WAIHEE VALLEY 482","WAILUKU SUGAR","COOP","MA",91,20.94012106,-156.5255102,"USC00519315",NA,NA,NA,NA,1.5,0,0,0,NA,NA,53.3,0.5,0.5,0.404342585091345,0,2.48252557719517,NA,0.5,0.5,0,0,0,0,0,0,0,0,3,NA,NA,0.582860108281567,0.8,1,1
482.5,"Kahakuloa","Kahakuloa","HydroNet-UaNet","MA",335.28,20.9540997,-156.5342,NA,"KHKH1","781001B6",NA,NA,NA,0,0,0,1.77800000000002,70.6120605484375,NA,1.01599999999996,0.508000000000152,0,NA,42.164,39.624,0,0,0,0,0,0,0,0,0,0,4.82600000000002,0,0.508000000000038,4.06399999999985,0.508000000000038,0,0
484,"WAIEHU CAMP 484","WAILUKU SUGAR","COOP","MA",98,20.91623388,-156.5088444,"USC00519275",NA,NA,NA,NA,5.6,0,0,0,NA,NA,43.2,0,0.5,0.309029773715425,0,1.89733742042052,NA,0.8,0.5,0,0,0,0,0,0,0,0,2.3,NA,NA,0.445466626596628,0,0.8,1.5
486.7,"HAIKU 3.2 SE","HAIKU 3.2 SE","CoCoRaHS","MA",416,20.92011989,-156.3071849,"US1HIMI0001",NA,NA,NA,NA,0.3,0,0,0,0,NA,NA,0,0,0,0,5.1,19.2264426932322,0.3,0,0,1,0,0,0,0,0,0,4.3,2.33592294403755,0.898431901552905,1.5,0,0,1.8
489,"Haiku","NWS","HydroNet-UaNet","MA",99.3648,20.9288998,-156.3225,"USC00510822","AIKH1","50A30568",NA,NA,0,0,0,0,5.8420000000001,63.5,1.52399999999989,0,0.254000000000133,0,0,3.14226222439345,NA,0,0,0,0,0,0,0,0,0.253999999999905,0.508000000000038,8.12799999999993,0.762000000000171,1.26999999999975,1.7627324673427,0,0,0.254000000000133
499.9,"KANELOA","RAWS","RAWS","KO",248.412,20.52222222,-156.5658333,"USR0000HKAN","KAOH1","32793370",NA,NA,0,0,0,0,0,NA,2.794,0,0.254000000000005,0,0.254000000000005,0,0,0,0,0,0,0,0,0,0,0,0,0.507999999999981,0.254000000000005,0,0.50800000000001,0,0,0
524,"MOLOKAI KAUNAKAKAI MOLOKAI AIRPORT","ALOHA AIRLINES","NWS","MO",141,21.15514996,-157.0924625,"USW00022534","PHMK",NA,NA,NA,0,0,0,0,0,24.892,17.018,0,6.604,0.254,0,0,2.286,3.81,0,0,0,0,0,0,0,0,0,2.54,0,0.254,0,0,0,0
536.5,"Kaunakakai Mauka","MOLOKAI GEN HOSP","HydroNet-UaNet","MO",28.3464,21.0946007,-157.0174,NA,"KACH1","50A0F2E2",NA,NA,NA,NA,NA,NA,NA,18.2879999999998,NA,0.253999999999905,7.11199999999985,NA,0.762000000000171,NA,0.761999999999944,6.60400000000004,NA,NA,NA,NA,NA,NA,NA,NA,NA,0,NA,NA,NA,NA,NA,NA
536.6,"KAUNAKAKAI 3.5 ESE","KAUNAKAKAI 3.5 ESE","CoCoRaHS","MO",13,21.068,-156.963,"US1HIMI0002",NA,NA,NA,NA,0,0,0,0,0,NA,38.1,2,7.9,0,0,NA,NA,1.8,0,0,0,0,0,0,0,0,0,NA,0,0,0,0,0,0
538,"MOLOKAI 1","RAWS","RAWS","MO",833.0184,21.115,-156.9475,"USR0000HMLK","MLKH1","487016AC",NA,NA,0,0,0,0,2.286,23.114,15.494,1.52400000000006,NA,0,1.52400000000006,0,NA,0.254000000000019,0,0,0,0,0,0,0.762,0.254000000000019,0,5.58799999999997,0,0.508000000000038,0.253999999999905,0,0,0
541.2,"Puu ALII WEST","Puu ALII WEST","RAWS","MO",1159.764,21.14083333,-156.9022222,NA,"PAFH1","32D6062E",NA,NA,2.28599999999983,0.254000000000133,0,1.01599999999962,1.0160000000003,36.8299999999999,9.39800000000014,5.0799999999997,3.04800000000023,0,4.31799999999998,10.414,28.3116018770787,0.253999999999678,0,0.2540283203125,0,0,0,0,0,0.508000000000038,0.761999999999944,18.5420000000001,0.254000000000133,6.60399999999981,5.8420000000001,1.01600000000008,0,1.77799999999979
542.11,"Kamalo","NWS","HydroNet-UaNet","MO",8.8392,21.052,-156.871,"USC00513045","KMLH1",NA,NA,NA,0,0,NA,NA,NA,NA,NA,NA,NA,NA,NA,NA,NA,NA,NA,NA,NA,NA,NA,NA,NA,NA,0,4.572,NA,NA,NA,NA,NA,NA
550.3,"MAUNALOA 3.2 NNW","MAUNALOA 3.2 NNW","CoCoRaHS","MO",93,21.1804,-157.2319,"US1HIMI0006",NA,NA,NA,NA,0,0,0,0,0.5,NA,16.3,3.6,5.6,0,0,0.3,0,NA,1.5,0,0,0,0,0,0,0,0,3.3,0.5,0,0,0,0,0
553,"MAKAPULAPAI","RAWS","RAWS","MO",22.86,21.20333333,-156.9661111,"USR0000HMAK","MKPH1","FA9024CE",NA,NA,0.254,NA,NA,NA,NA,27.9399719238281,NA,1.27,2.79403686914063,NA,0.50799560546875,0.50796509335938,NA,NA,NA,NA,NA,NA,NA,NA,NA,NA,NA,2.2860107421875,NA,NA,0.254,NA,NA,NA
563,"KALAUPAPA 563","CIVIL AIR PATROL","COOP","MO",9,21.19014673,-156.9824624,"USC00512896",NA,NA,NA,NA,0.3,0,NA,0,NA,NA,32.5,NA,NA,0,0,0,8.4,NA,2.5,0,0,0,0,0,0,0,0,NA,0,NA,0,0,0,0
672.1,"Lanai City","NWS","HydroNet-UaNet","LA",498.0432,20.8262997,-156.9182,"USC00515286","LANH1",NA,NA,NA,0,0,0,0,NA,22.098,NA,NA,NA,NA,NA,0.254,6.604,0.762,0,0,0,0,0.254,0,1.016,4.572,0.254,1.778,0,0,0.254,0,0,0
679,"LANAI 1","RAWS","RAWS","LA",387.096,20.87333333,-157.0063889,"USR0000HLAN","LNIH1","48702336",NA,NA,0,0,NA,0,0,18.796,14.478,0,1.27000000000001,0,2.53999999999999,0,4.06399999999999,1.01600000000002,0,0,0,0,0,0,0.254000000000019,0.761999999999972,0,0.762000000000029,0,0,0,0,0,0
702.7,"Kapolei-Kalaeloa AP","NWS","NWS","OA",15,21.31667,-158.06667,"USW00022551","PHJR",NA,NA,NA,0,0,0,0,0,6.858,0.0585689258236707,2.04991240382848,0,0,6.096,0,0,12.192,0,0,0,0,0,0,0,0,0,0,0,0,0,0,1.016,0
702.8,"PTWC","NWS","HydroNet-UaNet","OA",1.524,21.3150005,-157.9992,NA,"PTWH1",NA,NA,NA,0,0,0,0,0.461783136498648,15.24,0.254,8.89,0,0,0.254,0,0,62.738,0,0,0,0,0,0,0.115445784124662,0,0,0.111932613530887,0,0.230891568249324,0.362307554033619,0,0.254,0
703,"HONOLULU INTERNATIONAL AIRPORT","USWB","NWS","OA",2.1,21.324,-157.9294,"USW00022521","PHNL",NA,NA,NA,0.254,0,0,0,0,7.874,0.526606187731727,7.20040581573556,0,0,0,0,0,27.4376855306324,0,0,0,0,0,0,0,0,0,0.22239229217574,0,0,0.254,NA,0.254,0
703.1,"HONOLULU FIRE STATION 703.1, HI US","COOP","COOP","OA",1,21.3287,-157.9298,"USC00511925",NA,NA,NA,NA,0,2.94789584574293,0,0,0,0.262838792462928,7.9,0,1.69688804784119,0,0.324816286885757,0,0,44.2,0,0,0,0,0,0,0,0,0.098564547173598,0.3,0.489090532175087,0,0.676231685433648,0.3,0.8,0
705,"BERETANIA PUMP STN 705","BWS","COOP","OA",6,21.305169,-157.8522571,"USC00510211",NA,NA,NA,NA,0.5,3.61466356871174,0,0,0,7.1,6.09221292759773,7.6,0,0,1.5,0,0,35.1,0,0,0,0,0,0,0,0,0,0.8,0,0,0.3,0,0,0
705.12,"Aloha Tower","NWS","HydroNet-UaNet","OA",38.1,21.3034,-157.8627,NA,"ALOH1",NA,NA,NA,0.356949104634454,0,0,0,0,5.842,1.016,9.906,0,0,0.515731177125571,0,0,16.51,0,0,0,0,0,0,0,0,0,0.254,0,0.0919329500494708,0.962889714900103,0.206849137611355,0.418465319237468,0
707.2,"EWA KALAELOA AIRPORT","LYDECKER RC","STATE","OA",14,21.30489073,-157.8305905,"USW00022551",NA,NA,NA,NA,0,0,0,0,0,6.59032688875327,0.0585689258236707,2.04991240382848,0,0,1.8,0,0,17.786350275334,0,0,0,0,0,0,0,0,0,0.077430389044962,0,0,0,0,0.532573395305751,0
707.5,"HONOLULU 2.0 SW","CoCoRaHS","CoCoRaHS","OA",12,21.3004,-157.8293,"US1HIHN0023",NA,NA,NA,NA,0,8.1,0,1.3,0,0,17.8,0,3,0,0.8,0,0,39.6,0.186095803912366,0,0,0,0,0,0,0.3,0,0.8,0.8,0,0.3,0,1.8,0.3
712.1,"MANOA 712.1","BEAUMONT MRS J","COOP","OA",61,21.31044568,-157.8147571,"USC00516122",NA,NA,NA,NA,0,10.2,0,0.3,0,0,16.8,0,3.3,0,0.8,0,0,0,0,0,0,0,0,0,0,0,0.3,1.3,2.5,0.3,1.8,1.5,3.3,1.5
713,"UNIV OF HAWAII 713","UH MET DEPT","COOP","OA",24,21.29933514,-157.8167017,"USC00518815",NA,NA,NA,NA,0,10.2,0,0.5,0,0,15.5,0,2.21810275308052,0,0.5,0,0,36.4038425250336,0.0544900194200482,0,0,0,0,0,0,0.0841011422830254,0,1.3,0,0,0.5,0.3,2.5,0
715,"WAIALAE KAHALA","TINKER SPENCER","COOP","OA",15,21.27433592,-157.7880917,"USC00519185",NA,NA,NA,NA,0,0,0,0,0,0,3.8,6.6,0,0,0,0,0,35.6,1.5,0,0,0,0,0,0,0,0,0,0,0,0.3,0,1,0
718,"PALOLO VALLEY 718","BWS","COOP","OA",302,21.32183297,-157.7717015,"USC00517664",NA,NA,NA,NA,5.1,0.3,0,0.3,0,4.30777541400391,2.5,4.8,0,0,3.6,0.5,1.5,27.7,0.5,0,0,0,0,0,1,2,0.8,4.8,0.3,0.5,6.1,3.8,7.6,0.3
720.6,"HONOLULU 2.7 SSE","CoCoRaHS","CoCoRaHS","OA",113,21.285,-157.7816,"US1HIHN0010",NA,NA,NA,NA,0,1.5,0,0.3,0,0,8.1,0,8.4,0,2.3,0,0,46.7,0.3,0,0,0,0,0,0,0,0,0.5,0.5,0,0.8,0.5,0.8,0.5
721,"WILHELMINA RISE 721","BWS","COOP","OA",335,21.29766804,-157.7853133,"USC00519980",NA,NA,NA,NA,1.31013090707533,0,0,0.3,0,NA,0.3,7.6,0.3,0,0.5,0,0,32,0,0,0,0,0,0,0,0.3,0.5,1.8,0.3,0.5,2.8,0.8,2.8,0
721.4,"Palolo Fire Stn","NWS","HydroNet-UaNet","OA",59.436,21.2996006,-157.7944,"USC00517662","PFSH1","19014414",NA,NA,NA,0,0,0,0,NA,0.254000000000133,9.14400000000001,0,0,0.507999999999925,0,0,39.3700000000001,0,0,0,0,0,0,0,0,0,2.03199999999993,0,0.507999999999925,4.31799999999998,0.762000000000057,1.77800000000002,0
721.5,"Honolulu HI US AU956-KH6CTR ","unknown","APRSWXNET","OA",111.96,21.298,-157.792,NA,"AU956",NA,NA,NA,5.84200001573563,NA,0,0,0,6.8580002784729,0.253999731610109,4.57200003480911,NA,0,0.254000008106232,NA,0,21.8439998626709,NA,NA,0,0,0,0,0,0.254000008106232,0.254000016212463,0.50799996471405,NA,0,1.77799999713898,0.254000010967251,1.2699999294281,NA
723.4,"PAIKO DRIVE 723.4","GRUBB DL","COOP","OA",3,21.28172556,-157.7282194,"USC00517540",NA,NA,NA,NA,0,0,0,3.8,0.3,3.6,3,0,1.3,0,0,NA,0,0,0,0,0,0,0,0,0,0,0.5,0,0.5,0.8,1,0,0,NA
723.8,"Niu Valley","NWS","HydroNet-UaNet","OA",19.812,21.2896996,-157.7332,"USC00516865","NIUH1","1900D38C",NA,NA,0,0,2.53999999999996,1.77800000000025,0,8.38200000000052,0.253999999999905,2.53999999999905,1.27000000000044,0,1.27000000000044,0,0,39.116,0.507999999999811,0.762000000000626,0,0,0,0,0,0,0,0.507999999998901,0.254000000000815,0.761999999999716,0.253999999999905,0.253999999999905,1.27000000000044,0.253999999999905
724.19,"HAWAII KAI GC 724.19","UNOAA-NWS","COOP","OA",9,21.29889,-157.66444,"USC00511308",NA,NA,NA,NA,0,0,0,0,0,3.37044381262447,1.03705963465386,6.4,0.3,0.5,6.2223578079227,0,0,26.4450206836714,0,0,0,0,0,0,0,0,0,0.518529817326699,0,0,0.5,0.3,1.03705963465386,0
724.21,"Kamehame","NWS","HydroNet-UaNet","OA",242.316,21.3085995,-157.6791,NA,"KMHH1","190046EE",NA,NA,0,0,0,0,0,3.30199999999968,1.01600000000008,5.33399999999983,1.27000000000044,0,6.096,0.507999999999811,0,25.9079999999999,0,0,0,0,0,0,0.761999999999716,0.25400000000036,0,0.507999999999811,0,0,0.508000000000266,0.253999999999905,1.01600000000008,0
724.22,"Hawaii Kai Golf Course","NWS","HydroNet-UaNet","OA",8.8392,21.2991009,-157.6644,NA,"HAJH1",NA,NA,NA,0.508,0,0,0,0,3.048,0.254,5.588,1.016,0.254,NA,0,0,36.068,0,0,0,0,0,0,0,0,0,0.762,0,0,0.508,0.254,NA,0
728.2,"PALEHUA","RAWS","RAWS","OA",722.376,21.385,-158.1041667,NA,"PLHH1","4870F55E",NA,NA,0.507999999999981,0.253999999999962,0.254000000000019,0.507999999999981,0,8.12799999999999,0.762,0.254000000000019,0,0,8.89000000000004,0,0,25.7144834603873,0,0,0,0,0,0,5.84199999999998,0.254000000000019,0,0,0,0.253999999999962,1.01600000000008,0,1.01599999999996,0
734.5,"HONOULIULI STREAM TRIBUTARY NEAR WAIPAHU 4WNW","NWS","STATE","OA",195.72,21.4019,-158.067,NA,"HOUH1","DD7ED01C",NA,NA,0,0,0,0,0,0,0,0,0,0,0,0,0,0,0,0,0,0,0,0,0,0,0,0,0,0,0,0,0,0
740.5,"Kunia","NWS","HydroNet-UaNet","OA",85.0392,21.3869991,-158.0358,NA,"KUNH1",NA,NA,NA,0,0.200899107519631,0,0,1.016,7.366,0.144726224036003,0,0,0,1.016,0,0,9.652,0,0,0,0,0,0,0.254,0,0,0,0,0.508,0.508,0,0.254,0
742.4,"HONOULIULI PHB","FWS","RAWS","OA",1.524,21.35666667,-158.0205556,NA,"HOFH1","327BF39A",NA,NA,0,0,0,0,0,9.65200000000004,0,0,0,0,2.03199999999993,0,0,20.066,0,0,0,0,0,0,0,0,0,0.253999999999905,0,0,0.646993309063381,0,0.761999999999944,0
750,"WAIPAHU 750","OAHU SUGAR","COOP","OA",18,21.38683459,-158.0072536,"USC00519738",NA,NA,NA,NA,NA,0.3,NA,NA,NA,NA,0.5,NA,0.5,NA,NA,NA,NA,15,0.3,NA,NA,NA,NA,NA,NA,NA,NA,NA,NA,NA,1.3,NA,NA,NA
752.6,"WAIAWA PHB","FWS","RAWS","OA",1.524,21.38694444,-157.9811111,NA,"WWFH1","3274C092",NA,NA,0,0.508000000000266,0,0,0,11.1759999999999,0,1.26999999999998,0,0,0.507999999999811,0,0,24.3840000000005,0,0,0,0,0,0,0,0,0,0.507999999999811,0,0.253999999999905,1.52399999999989,0,2.03200000000015,0
764.6,"AIEA HEIGHTS 764.6","G FOWLER","COOP","OA",238,21.39488776,-157.91031,"USC00510123",NA,NA,NA,NA,0,0,0,0.5,0,0,6.1,0,4.6,0,6.1,0,0,43.2,0.3,0,0,0,0,0,0,0,5.1,2.8,2.5,0,4.1,1.3,2.8,0.5
764.7,"AIEA 0.7 ENE","CoCoRaHS","CoCoRaHS","OA",175,21.393,-157.9186,"US1HIHN0014",NA,NA,NA,NA,0,0,0,0,0,0,6.9,0,1.5,0,5.3,0,0,57.7,0.5,0,0,0,0,0,0,0,1.5,2.5,2,0,4.6,1.3,2.8,0.707677119459411
770,"MOANALUA 770","ROXBURGH J","COOP","OA",6,21.34794527,-157.8950332,"USC00516395",NA,NA,NA,NA,0,2,0,1.8,0,0.8,6.6,0,2.02048947762344,0,0.3,0,0,53.6,0,0,0,0,0,0,0,0,0.3,2,0.8,0,1.8,0.8,1,0
771.11,"N.HalawaValleyRGattunnel","USGS","USGS","OA",335.28,21.40488889,-157.8504444,NA,"TNLH1","DD75A524",NA,NA,4.572,0.762000000000057,0,0,0,5.78115920133665,0.253999999999905,11.1759999999999,0.254000000000133,0,1.26999999999998,0.761999999999944,7.95226634272672,43.688,0,0.253999999999905,0,0,0,0,1.52400000000011,2.53999999999996,0.254000000000019,10.16,0.253999999999905,1.01599999999996,9.65200000000004,5.33400000000006,7.36599999999999,0
772.3,"MoanaluaRGNo.1atalt1000","USGS","USGS","OA",304.8,21.39338889,-157.8401111,NA,"MOGH1","1689664A",NA,NA,2.286,1.778,0,0,0,5.588,0.254,7.112,0.254,0,3.81,0.508,6.858,37.338,0,0,0,0,0,0,3.556,0.762,0,9.144,0,2.286,6.858,5.08,6.604,0
772.5,"Moanalua Stream","USGS","HydroNet-UaNet","OA",72.2376,21.3736,-157.8801,"USC00516400","MOAH1","1900B66A",NA,NA,0,0,0,0.253999999999905,0,6.34999999999991,0.25400000000036,9.65200000000004,0.253999999999905,0,2.03200000000015,0,0,61.7219999999993,0,0,0,0,0,0,0,0,0.508000000000266,3.04800000000023,0,2.53999999999996,4.82600000000002,0.762000000000171,2.03200000000015,0
773,"KAPALAMA 773","KAMEHAMEHA SCH","COOP","OA",188,21.33933391,-157.8567005,"USC00513268",NA,NA,NA,NA,0.3,3.8,0.5,1.16925603501515,0,0.361072917336869,1.3,1,0,0,1.90189169051095,0,0,43.2,0.5,0.3,0.3,0,0,0,0,0.3,0,1.3,0.990379781400453,0,2.07545791926671,2,0.3,0.3
775,"NUUANU RES 5 775","BWS","COOP","OA",125,21.339125,-157.835905,"USC00516933",NA,NA,NA,NA,4.1,0,0,0,0,2,0.8,4.6,0,0,0.5,0,0,29.7,0,0,0,0,0,0,0,0,0,5.8,0,2,5.6,0.5,1.3,0
777,"KALIHI RES SITE 777","BWS","COOP","OA",277,21.37516437,-157.8222555,"USC00512960",NA,NA,NA,NA,1.8,0,0,0,0,7.6,0,4.3,0,0,2.3,0.3,12.7,20.6,0.3,0,0,0,0,0,1.5,0.5,0.5,9.1,0,0,9.7,2.8,3,0
781.12,"Luluku","NWS","HydroNet-UaNet","OA",84.1248,21.3875008,-157.8099,NA,"LULH1",NA,NA,NA,1.524,0.254,0,0,0,4.572,0,6.35,0,0,NA,0.762,NA,23.876,0,0,0,0,0,0,4.064,0.254,0.254,5.842,0.254,0,7.874,2.794,2.54,0
781.13,"KANEOHE 0.8 SW, HI US","CoCoRaHs","CoCoRaHs","OA",20,21.4039,-157.8017,"US1HIHN0027",NA,NA,NA,NA,0.5,0,0,0,0,1,3.8,0,4.8,0,1,0,NA,63,NA,0,0,0,0,0,0,NA,NA,2,2.8,NA,NA,3.3,1.3,1
782.3,"Nuuanu Upper","NWS","HydroNet-UaNet","OA",248.412,21.3502007,-157.8184,"USC00516938","NUUH1","156097FE",NA,NA,4.82600000000002,1.26999999999998,0,0,0,2.79399999999998,0.254000000000019,3.55600000000004,0,0,1.26999999999998,0.254000000000019,0.508000000000038,34.0359999999999,0.253999999999905,0,0,0,0,0,1.01600000000008,0.254000000000019,0,8.88999999999999,0.254000000000019,2.79399999999998,8.38199999999995,2.53999999999996,3.30200000000013,0
783,"NUUANU RES 4 783","BWS","COOP","OA",320,21.35266525,-157.807534,"USC00516928",NA,NA,NA,NA,7.1,1.5,0,0,0,1.5,0.3,1.8,0.3,0,1.3,1,2.5,23.6,0,0,0,0,0,0,2,0.3,0.3,8.6,0.3,2.3,10.2,2.8,3.6,0
784,"PAUOA FLATS 784","BWS","COOP","OA",549,21.33516,-157.81058,"USC00517810",NA,NA,NA,NA,5.49844663647516,1.5,0,0,0.3,2,0.3,2,0.3,0,1.5,0.3,0.8,24.4,0,0,0,0,0,0,1.3,0.3,0,10.7,0.5,7.1,12.7,2,3.6,0
785.11,"WAIHI STREAM NEAR HONOLULU 3NE","USGS","USGS","OA",108,21.3283,-157.801,NA,"WISH1","16EA459A",NA,NA,0,0,0,0,0,0,0,0,0,0,0,0,0,0,0,0,0,0,0,0,0,0,0,0,0,0,0,0,0,0
785.4,"Manoa Lyon Arbo","NWS","HydroNet-UaNet","OA",151.7904,21.3330002,-157.8024,"USC00516128","MNLH1",NA,NA,NA,4.572,0,0.254,0,0,2.794,0.254,0.254,0.508,0,0.508,0,0,14.478,0.254,0,0,0,0,0,0,1.016,0.254,7.366,0.508,1.016,7.366,3.048,3.302,0
787.2,"Maunawili","NWS","HydroNet-UaNet","OA",127.1016,21.3509998,-157.7668,NA,"MAUH1","19007374",NA,NA,2.53999999999905,0,0,0,0.254000000000815,8.63600000000042,1.27000000000044,5.58799999999974,0,0,NA,0.253999999998996,NA,21.0819999999985,1.01600000000144,0,0,0,0,0,3.04800000000068,0,0,2.53999999999905,0,0,1.27000000000044,3.55599999999868,3.04800000000068,0
788.1,"PALI GOLF COURSE 788.1","C&C PARKS & RECR","COOP","OA",146,21.37183016,-157.7839226,"USC00517656",NA,NA,NA,NA,2.3,1.5,0,0,NA,NA,14.1150690920563,0,4.6,4.87928314293305,0,0,NA,54.1,6.9,0,0,0,0,0,0,5.1,0.8,0,0,NA,NA,3,1.5,1
788.2,"St Stephens Seminary","NWS","HydroNet-UaNet","OA",142.9512,21.3666992,-157.7786,NA,"STVH1","19005598",NA,NA,1.77800000000002,0,0,0,1.01599999999996,9.90600000000006,0.253999999999905,2.54000000000008,0,0,5.18675388678651,0.254000000000019,27.3717159245498,19.8119999999999,0,0,0,0,0,0,7.3660000000001,0.254000000000019,0,5.5880126953125,0.254000000000019,1.52399999999989,5.33400000000006,0.762000000000057,1.524,0
790.11,"Olomana Fire Stn","NWS","HydroNet-UaNet","OA",45.1104,21.3777008,-157.7507,"USC00517052","OFSH1","19011468",NA,NA,1.52399999999943,0,0,0,0,6.35000000000036,0,2.28600000000006,0.253999999999905,0,7.11200000000008,0.253999999999905,2.03200000000015,11.1759999999995,0,0,0,0,0,0,0,0,0,2.79399999999987,0.254000000000815,1.01599999999962,1.77800000000025,0.507999999999811,0.253999999999905,0
793.1,"WAIMANALO EXPERIMENTAL FARM","CoCoRaHS","CoCoRaHS","OA",38,21.3727,-157.725,"US1HIHN0022",NA,NA,NA,NA,0,0,0,0,0,NA,0.5,0,2.8,1.5,NA,4.6,0,NA,0.3,0,0,0,0,0,0,0,0,0.3,0,0,0,0.5,2,0.8
793.2,"BELLOWS AFS AT WAIMANALO","NWS","STATE","OA",6.66,21.3667,-157.717,NA,"BELH1","B14036D2",NA,NA,0,0,0,0,0,5.58799999999997,0,1.77800000000002,1.77800000000002,0,6.85799999999995,0.762000000000057,0,21.336,0,NA,0,0,0,0,0,0,0,0,0,0,0,1.01599999999996,0,0
795.1,"WAIMANALO EXP F 795.1","HAES","COOP","OA",18,21.33516407,-157.7105906,"USC00519523",NA,NA,NA,NA,2.3,0,0,0,0,0,6.6,0,7.4,0,0,7.9,0,18.5,0,0,0,0,0,0,0,0,0,0,0,0,0,0,4.8,0
795.3,"Waimanalo Nonokio","NWS","HydroNet-UaNet","OA",20.1168,21.3356991,-157.7116,NA,"WMLH1","224185AC",NA,NA,1.52399999999943,0,0,0,0,5.08000000000084,1.01599999999962,6.35000000000036,NA,0,6.85799999999927,NA,0.507999999999811,16.0020000000004,0,0,0,0,0,0,0,0,0.507999999999811,0.507999999999811,0,0,0.762000000000626,1.01599999999962,1.01599999999962,0
801.1,"Waianae Kawiwi","MT VIEW DAIRY","HydroNet-UaNet","OA",19.812,21.4566994,-158.18,NA,"WAIH1",NA,NA,NA,0,0,0,0,0,7.62,0,0,0,0,NA,0,0,6.096,0,0,0,0,0,0,0,0,0,0,0,0,NA,0,0,0
801.2,"WAIANAE BOAT HARBOR","NWS","STATE","OA",4.25,21.4503,-158.184,NA,"WBHH1","15D13434",NA,NA,0,0,NA,0,0,10.1599999999999,0.254000000000133,0,0,0,NA,0,0,7.11199999999997,0,NA,0,0,0,0,NA,0,0,0,0,0,0,NA,NA,0
803.2,"WAIANAE VALLEY","RAWS","RAWS","OA",291.6936,21.48055556,-158.1552778,"USR0000HWVA","WNVH1","487005DA",NA,NA,0,0,0,0,0,6.35000000000002,0,0,0,0.253999999999905,0,0,0,8.8900000000001,0,0,0,0,0,0,1.52399999999989,0,0,0.254000000000133,0,0,1.52399999999989,0,0.508000000000038,0.254000000000019
804,"Lualualei","US VY","HydroNet-UaNet","OA",35.9664,21.4211006,-158.1352,"USC00515647","LUAH1","8170406C",NA,NA,0,0,0,0,0,3.048,0,0,0,0,5.65089279999342,0,0,14.478,0.508,0,0,0,0,0,3.556,0.254,0,0.254,0,0,0,0,0,0
810.1,"WHEELER ARMY AIR FIELD 810.1","COOP","NWS","OA",255,21.48722,-158.02806,"USW00022508","WAFH1","B14101B2",NA,NA,5.8420000000001,0.253999999999905,0.062798216621698,0,3.048,4.31800000000021,0.253999999999905,0,0,0,0.761999999999944,0,1.52399999999989,10.6680000000001,0,0.0673352646985927,0,0,0,5.58799999999997,1.01599999999985,0,1.27000000000021,1.01600000000008,0,0.761999999999944,3.30199999999991,0,0.254000000000133,0.507999999999811
820.6,"Mililani","NWS","HydroNet-UaNet","OA",226.7712,21.4638004,-157.9991,"USC00516261","MITH1",NA,NA,NA,0.473872638852374,0,0,0,0,2.794,0.254,0,0,0.254,0.254,0,9.652,17.272,0,0,0,0,0,0,1.016,0.254,0.508,2.794,0.254,1.016,0.762,0,0.508,0.508
824.2,"Waipio","NWS","HydroNet-UaNet","OA",124.968,21.4199009,-158.0058,NA,"PECH1",NA,NA,NA,0,0,0,0,0,6.46723148165592,0,0,0,0,0,0,0,15.494,0,0,0,0,0,0.254,0,0,0,0.762,0,0.254,1.016,0,0.254,0
834.13,"Waiawa CF","NWS","HydroNet-UaNet","OA",235.6104,21.4440994,-157.9669,"USC00519257","WAWH1",NA,NA,NA,2.032,0,0,0,0,12.192,0,0,0,0,0.508,0,22.86,29.464,0,0,0,0,0,0.762,1.524,0.254,0.254,5.334,0,6.096,4.27719162512725,0,1.778,0
835.2,"Palisades","NWS","HydroNet-UaNet","OA",261.8232,21.4298,-157.9452,NA,"PACH1",NA,NA,NA,0,0,0,0,0,10.668,0,0,0,0.254,0.762,0,23.368,26.67,0,0,0,0,0,0,0.508,0.254,0.508,3.556,0,1.016,5.842,0,3.81,0
837,"WAIAHOLE 837 ","OAHU SUGAR","COOP","OA",227,21.47016136,-157.8833636,"USC00518964",NA,NA,NA,NA,0,2.5,NA,NA,NA,NA,5.1,0,5.1,NA,NA,NA,NA,73.7,NA,0,0,NA,NA,NA,0,1.3,2.5,1.3,NA,NA,NA,3.8,7.6,0
837.12,"WAIAHOLE STREAM NEAR KAHALUU 2N","USGS","USGS","OA",4,21.48194,-157.8458,NA,"WHSH1","162B784C",NA,NA,0.254000000000019,0,0.253999999999962,0,NA,8.63600000000002,0,2.79399999999998,0.254000000000019,0,0,1.27000000000004,70.358,21.844,0.254000000000019,0,0,0,0,0,0.762,0,0.254,0.508,0,2.286,0.762,0.762,1.27,0
837.5,"WAIHEE 837.5","COOP","COOP","OA",34,21.45167,-157.84889,"USC00519281",NA,NA,NA,NA,1,0,3.6,0,0,5.10221284406676,6.6,0,5.8,0,0.3,0,26.8097696204241,165.9,0.217411089597404,0,0,0,0,0,0,0.8,0,0.8,0.5,0,2.3,1.5,1.5,0
839.15,"Ahuimanu Loop ","NWS","HydroNet-UaNet","OA",74.0664,21.4319992,-157.8373,NA,"AHUH1","15CE7632",NA,NA,2.53999999999999,1.01599999999999,0,0,0,4.06400000000002,0,5.58799999999999,0,0,0.50800000000001,0.761999999999972,126.492,48.006,0,0,0,0,0,0,1.524,0,0.253999999999962,1.52400000000006,0,0.2539978,4.31799316679688,3.30200000000002,1.77799999999996,0
839.8,"Waihee Pump","USGS","HydroNet-UaNet","OA",64.3128,21.4463997,-157.8584,"USC00519286","WPPH1","195042AC",NA,NA,1.01600000000008,6.35000000000002,0.253999999999905,0,0,9.90600000000006,0.205157362766421,5.58799999999997,0,0,0.762000000000057,0.507999999999925,83.058,39.878,0.0668736212374671,0,0,0,0,0,1.2700000000001,0.254000000000019,0.507999999999811,1.77800000000002,0,0.762000000000057,4.3180000000001,2.03199999999993,1.524,0
841.2,"KUAOKALA","S&PF","RAWS","OA",267.0048,21.57027778,-158.26,NA,"KKRH1","48710720",NA,NA,0.253999999999991,0,0,0,0,3.81000000000003,0,0,0,0,0,0,0,NA,0,0,0,0,0,0,0,0,0,0.50800000000001,0,1.27000000000001,1.524,0,0.50800000000001,0
842.1,"MakahaRainGage","USGS","USGS","OA",286.097472,21.50158333,-158.1801667,NA,"MKHH1","DD1423F8",NA,NA,0.254,0.508000000000001,0.508000000000001,0.507999999999997,0.254,0.508000000000001,0.254,0,0,0,0,0.254,0,11.43,0,0,0,0,0,0,0,0,0.254,0.508000000000001,0,0.254,2.032,0,0.762,0
842.8,"MAKUA RANGE","RAWS","RAWS","OA",6.096,21.52861111,-158.2261111,"USR0000HMAR","MKRH1","3266B468",NA,NA,0,0,0,0,0,7.11200000000002,0,0,0,0,0,0,0.254000000000019,NA,0,0,0,0,0,0,0,0,0,0,0,0,1.77799999999996,NA,0.254000000000019,NA
842.9,"MAKUA RIDGE","RAWS","RAWS","OA",533.4,21.54277778,-158.1988889,"USR0000HMRG","MKGH1","3266C2F8",NA,NA,0,0,0,0,0,0,0,0,0,0,0,0,0,0,0,0,0,0,0,0,0,0,0,0,0,0,0,0,0,0
843.7,"DILLIINGHAM","RAWS","RAWS","OA",31.0896,21.57194444,-158.1986111,NA,"DLGH1","3278D278",NA,NA,0,0.507999999999981,NA,6.096,0.762,3.30200000000002,0,0,0,0,0,0.253999999999962,1.01600000000002,NA,0,0,0,0,0,0,0,0,0.253999999999962,0.762000000000057,0,0,2.03199999999998,0,0.254000000000019,0.762
844,"Mount Kaala","FAA","STATE","OA",1224,21.50777778,-158.1425,NA,NA,NA,NA,NA,9.652,0.254,0,0.762,0.254,NA,0,0,0,0,1.27,1.778,0.508,NA,0,0,0,0,0,0,1.524,0.762,0.762,3.81,0.254,2.032,2.794,1.016,2.794,0.762
855.3,"Poamoho Exp Farm","NWS","HydroNet-UaNet","OA",220.0656,21.5382004,-158.0893,NA,"POAH1",NA,NA,NA,4.826,0,0.254,7.112,0,4.064,0,0,0.254,0,2.794,0,3.82009904696466,10.414,0,0,0,0,0,0,0,0,0,0.508,0,0.254,0.762,0,0.508,0
855.4,"POAMOHO EXPERIMENTAL FARM 855","COOP","COOP","OA",220.1,21.53833,-158.08917,"USC00518055",NA,NA,NA,NA,0.2086668881261,9.4,5.28622783252787,0,4.93844968565104,0.2086668881261,0.904223181879767,0.2086668881261,0,NA,NA,0,0.904223181879767,22.8142464351203,0.2086668881261,0,0,0,0,0,0,0,0,0.8,0,0.2086668881261,5.28622783252787,1.59977947563343,0.556445035002934,0.3
858,"SCHOFIELD BARRACKS","RAWS","RAWS","OA",298.704,21.495,-158.0819444,"USR0000HSCO","SCBH1","3266A71E",NA,NA,3.30200000000002,0.254000000000019,3.55600000000004,4.31799999999998,0,4.10561736430673,0,0,0,0,0.762000000000057,0,4.06399999999996,10.8935232310129,0,0,0,0,0,0,0.254000000000019,0.508000000000038,0.253999999999905,0,0,0.508000000000038,1.77800000000002,0.254000000000019,1.26999999999998,0.254000000000019
883.12,"PoamohoRainGageNo1,nrWaawa","USGS","USGS","OA",755.904,21.53386111,-157.9213889,NA,"PMHH1","DD9836AA",NA,NA,2.28600000000006,9.03930380438882,0.253999999999905,0.507999999999811,1.26999999999998,9.09165033462175,0.508000000000266,1.01600000000008,0.253999999999451,0,0.25400000000036,0.253999999999905,63.7539999999999,28.7020000000002,0.761999999999716,0.25400000000036,0,0,0,0.761999999999716,0.762000000000171,1.77799999999979,1.77800000000025,3.55600000000004,0,2.53999999999996,5.05344075948251,4.31799999999976,4.06399999999985,0.25400000000036
884.4,"PunaluuRainGageatalt","USGS","USGS","OA",73.152,21.55644444,-157.899,NA,"PNSH1","DD989652",NA,NA,0.254,6.22715252270979,0.254,1.016,0,5.842,0,0.508,0,0,0,0.254,33.528,33.2741975727159,0,0,0,0,0,0,0,0.508,0.508,0.762,0,0.254,2.794,0.762,0.508,0
885.6,"KUALOA RANCH 885.6","COOP","COOP","OA",25,21.53,-157.85028,"USC00514829",NA,NA,NA,NA,0,0,0,0,2.5,NA,9.1,0,7.64332810052444,0,0,0,56.1264202882685,42.2,0.3,0,0,0,0,0,0.3,7.6,0.3,0,0,0,1.81913895760186,3.3,2,0
885.7,"OAHU FOREST NWR","RAWS","RAWS","OA",698.9,21.47747,-157.9369,NA,"OFRH1","8379F6FA",NA,NA,0,0,0,0.254000000000133,0.253999999999905,8.12800000000004,0.253999999999905,0.254000000000019,0,0,0,0,0,21.0820000000001,0,0,0,0,0,0.507999999999925,0.508000000000038,0.253999999999905,1.01600000000008,2.79399999999998,0,0.761999999999944,3.048,0.508000000000038,2.79399999999998,0.254000000000019
886.1,"Waikane - Hakipuu Mauka","KUALOA RANCH","HydroNet-UaNet","OA",14,21.5084922,-157.8555853,NA,"HAKH1","16C69380",NA,NA,0.507999999999811,0,0.254000000000133,2.28600000000006,11.9379999999999,9.65200000000004,0.254000000000133,2.03199999999993,8.38200000000006,0,0,1.77800000000002,62.4839999999999,27.6859999999999,0.253999999999905,NA,0,0,0.508000000000038,0,0.508000000000038,0.253999999999905,0.253999999999905,0.762000000000171,1.26999999999998,1.52399999999989,5.33400000000006,0.508000000000038,3.30199999999991,0
886.11,"KUALOA RANCH HAKIPUU 886.11, HI US","COOP","COOP","OA",74.04,21.51083,-157.86222,"USC00514828",NA,NA,NA,NA,1,0.3,0,0,3,NA,7.1,0,5.3,0,0,0,78,40.1,0.3,0.5,0,0,0,0,3.3,1.8,3.3,0,0.5,0,2.52809350684001,1.3,4.8,0.8
886.4,"KahanaRainGageatalt","USGS","USGS","OA",28.956,21.54041667,-157.8825556,NA,"KNRH1","17B972EE",NA,NA,1.01599999999996,10.16,0.253999999999905,0.28629284479916,2.03200000000004,8.88999999999987,0.254000000000133,1.26999999999998,0,0,0,2.53999999999996,119.126,26.4159999999999,0.254000000000133,0,0,0,0,0,2.79399999999987,1.26999999999998,1.01600000000008,1.26999999999998,0,0.253999999999905,4.70882937547807,1.52399999999989,2.28600000000006,0.254000000000133
886.8,"Hakipuu Mauka","RILEY W","HydroNet-UaNet","OA",8.5344,21.5067005,-157.8547,"USC00510920","PTRH1","16C69380",NA,NA,0.507999999999811,0,0.254000000000133,2.28600000000006,11.9379999999999,9.65200000000004,0.254000000000133,2.03199999999993,8.38200000000006,0,0,1.77800000000002,62.4839999999999,27.6859999999999,0.253999999999905,0,0,0,0.508000000000038,0,0.508000000000038,0.253999999999905,0.253999999999905,0.762000000000171,1.26999999999998,1.52399999999989,5.33400000000006,0.508000000000038,3.30199999999991,0
886.9,"KUALOA RANCH HEADQUATERTERS 886.9","COOP","COOP","OA",7,21.5213,-157.8374,"USC00514830",NA,NA,NA,NA,0,0,0,0,1.05815082179812,NA,8.1,0,9.9,2.8,0,0,38.2446453356707,31.8,0,1,0,0,0,0,0,0,0,0,0,0,1.23956460954498,0.8,3.3,0.3
892.2,"WAIMEA ARBORETUM 892.2","COOP / WB","COOP","OA",8,21.638859,-158.058759,"USC00519603",NA,NA,NA,NA,0.3,1.3,7.6,0,7.1,0.3,1.3,0.3,0.8,0,1.86483955959004,0,1.3,32.8,0.3,0.3,0,0,0,0,0,0,0.5,0.3,2.3,0.3,7.6,2.3,0.8,1.3
897.11,"KamananuiRainGageatalt","USGS","USGS","OA",219.456,21.62238889,-158.0143056,NA,"KMRH1","DD34C1E4",NA,NA,4.318,6.096,0.254,0.254,0,3.302,0.254,0.508,0,0,0,0,1.524,16.764,2.032,0,0,0,0,0,0,2.032,0.762,4.826,0,1.016,4.572,0.508,1.27,0
897.9,"PupukeaRdRainGageatalt","USGS","USGS","OA",353.568,21.59902778,-158.0169167,NA,"PPRH1","1713D512",NA,NA,4.064,2.11260551116836,0,0.762,0.254,5.08,0.254,0.254,0.254,0,0,0,5.588,14.986,0,0,0,0,0,0,0.508,0.254,0.762,4.064,0,1.27,4.92042245613135,2.54,1.778,0.254
901.2,"KII KAHUKU 911","NWS","COOP","OA",7.6,21.6793,-157.945,"USC00514500",NA,NA,NA,NA,1,0.8,0.5,0,7.1,NA,NA,0,0.5,0,0,0,4.1,9.7,0,0,0,0,0,0,0,0,0,0.8,0.5,0,1,0.8,0,0.5
903.2,"LAIE 0.2 WNW","CoCoRaHS","CoCoRaHS","OA",2,21.65,-157.9287,"US1HIHN0002",NA,NA,NA,NA,0,0,1.5,0,0,NA,6.9,0,0,0,0,2.3,0,110.914867451157,0.5,0,0,0,0,0,0,0,1,1,0,0.3,4.3,0,1,0.5
905.2,"PUNALULU PUMP 905.2","FUJII D","COOP","OA",4,21.5843,-157.8915,"USC00518314",NA,NA,NA,NA,0.447815197190958,2.8,0.3,14.2,58.7,21.1,0.3,1.5377654599278,0,0,0,0.61435382985621,45.1607017617503,22.5556847848583,1.3,0,0,0,0,0,0,0,0.3,1.3,0,0.252945206723138,1,0.842104936502036,0.830386271380153,0
905.22,"Punaluu Pump","NWS","HydroNet-UaNet","OA",3.9624,21.5842991,-157.8916,NA,"PUNH1","19051152",NA,NA,0.762000000000057,2.79399999999998,0.254000000000019,14.224,31.496,21.3360000000001,0.253999999999905,1.52399999999989,3.81000000000017,0,0,0,34.036,26.924,0,1.26999999999998,0,0,0,0,0,0,0.254000000000133,1.26999999999998,0,0.508000000000038,1.77799999999979,3.81000000000017,2.03199999999993,0
909,"KAHUKU TRAINING AREA","RAWS","RAWS","OA",181.6608,21.67916667,-157.9894444,"USR0000HKAH","KTAH1","325A861E",NA,NA,2.53999999999996,9.39800000000002,0,16.764,15.24,4.31799999999998,0,0.762000000000057,0.253999999999905,0,0,0,1.73087529296122,13.462,0,0.25396728515625,0,0,0,0,0,0,0.761999999999944,1.524,0,0,2.79399999999998,1.26999999999998,1.2700000000001,0
911.1,"KII","RAWS","RAWS","OA",1.524,21.68833333,-157.9525,"USR0000HKII","KFWH1","8375210E",NA,NA,0,0,0.0476409964480199,5.78731798342495,9.39799999999997,8.38200000000001,0,0,0,0,0.508000000000038,0,1.01599999999996,9.90600000000006,0,0,0,0,0,0,0,0,0.507999999999981,0.761999999999944,0,0,2.03200000000004,0.253999999999962,1.524,0
912,"KAUHUKU 912","KUILIMA  GOLF","COOP","OA",4,21.695,-157.9811,"USC00512570","KAHH1","B1404042",NA,NA,0.762000000000057,0,0,14.2239999999999,6.85799999999995,0.762000000000057,0,0,0,0,0.254000000000019,0,NA,11.1759999999999,0,NA,0,0,0,0,0.254000000000019,0,0.508000000000038,0.254000000000019,0,0,0.508000000000038,0,0.253999999999905,0.254000000000019
926,"PORT ALLEN CAA AIRPORT","FAA","COOP","KA",9,21.89381249,-159.6010997,"USW0022526","PAKH1","B159A272",NA,NA,0,0,NA,1.524,0,NA,1.01599999999996,0.254000000000019,0,0,0,0,0,0,0.254000000000019,0,0,0,0,0,0,0,0.253999999999991,0,0,0,0.50800000000001,0,0,0
936,"KOLOA 936","MCBRYDE SUGAR","COOP","KA",73,21.90686471,-159.4622057,"USC00514742",NA,NA,NA,NA,0,3,14.7,0,NA,13.7,NA,0,0,0,NA,NA,0,1,1.3,0,0,NA,NA,0,1,0,0,0,NA,NA,3,5.1,1.8,5.3
940.2,"KOLOA 2.1 SSE","CoCoRaHS","CoCoRaHS","KA",12,21.8788,-159.4518,"US1HIKI0020",NA,NA,NA,NA,0,1.5,14.2,0,0.3,8.1,0.402165126335802,0,0,0,0,0,0,0.3,1.5,0,0,0,0,0,0,0,0,0,2,0,0.5,1,1.39334305204508,5.8
940.3,"POIPU","NWS","STATE","KA",14.8,21.8828,-159.429,NA,"POIH1","B15997E8",NA,NA,1.27000000000001,1.01599999999996,NA,1.01599999999999,0.762000000000029,NA,NA,0.762000000000029,0.761999999999972,0.50800000000001,1.01600000000002,0.761999999999972,0.762000000000029,1.01599999999999,1.01600000000002,1.01599999999999,0.761999999999944,0.254000000000076,0.507999999999981,0,0.762,0,0,0,4.31799999999998,0,2.286,0.508000000000038,NA,NA
941.1,"MAHAULEPU 941.1","GROVE FARM","COOP","KA",24,21.90102957,-159.422207,"USC00515710",NA,NA,NA,NA,0,2.8,15.2453038608992,0,NA,14.7,NA,0,0,0,NA,NA,0,1.1280005723441,5.6,0,0,NA,NA,0,0.5,0,0,0,NA,NA,4.6,2.5,1.56642118006019,4.6
946,"WAIMEA HTS","RAWS","RAWS","KA",159.7152,21.96638889,-159.6638889,NA,"WHGH1","487090B8",NA,NA,0,0,7.87400000000002,2.79399999999998,0,26.162,0.254000000000076,0,0,0,0.507999999999981,0,0,2.50481907182463,0.125240953591243,0,0,0,0,0,0,0,0.125240953591243,0,0,0,0.253999999999962,0,0,0
946.1,"WAIMEA TANK AT WAIMEA","NWS","unknown","KA",70,21.964722,-159.666944,NA,"WMTH1","1900E616",NA,NA,NA,NA,7.87399999999997,1.77800000000002,NA,28.702,NA,NA,NA,NA,0.253999999999962,NA,NA,NA,NA,0,NA,NA,NA,NA,NA,NA,NA,NA,0,NA,NA,NA,NA,NA
965,"MAKAWELI 965","OLOKELE SUGAR","COOP","KA",43,21.91909048,-159.6272113,"USC00515864",NA,NA,NA,NA,0,0,0.8,NA,NA,NA,NA,0,0,NA,NA,NA,NA,0,0,NA,NA,NA,NA,NA,0,0,0,0,NA,NA,NA,0.3,NA,0
966.4,"Hanapepe","NWS","HydroNet-UaNet","KA",110.6424,21.9365005,-159.5866,NA,"HNPH1","156011EA",NA,NA,0,0.253999999999905,4.57200000000012,3.30200000000013,0,36.0680000000002,0,0,0,0,0.507999999999811,0,0,0,0,0,0,0,0,0,0,0,0,0,0.25400000000036,0,0.507999999999356,0,0,0
986.2,"Kalaheo","KUKUILONO GOLF COU","HydroNet-UaNet","KA",263.0424,21.9183006,-159.5265,NA,"KHEH1","1560740C",NA,NA,1.524,3.048,NA,2.794,0,16.002,0,0,0.254,0.254,NA,0.254,0.254,NA,1.524,0,0.254,0,0,0,0,0,0.254,0.508,0.952617746169831,0,4.064,2.286,1.778,2.286
992.1,"Omao","NWS","HydroNet-UaNet","KA",99.9744,21.9071007,-159.4768,"USC00517116","OMAH1","195001A6",NA,NA,3.80999999999995,1.52399999999989,NA,1.48029221247104,1.02117423089831,14.9192900579303,0,0.0785518639152222,0.841538794552832,0.213123883230631,0.157103727830444,0.134572019315549,0,1.2568298226444,0.253999999999998,0,0,0,0,0,0,0,1.524,0.254,0.762,0,2.86011908428606,6.858,3.302,2.286
994,"KOLOA MAUKA 994","MCBRYDE SUGAR","COOP","KA",195,21.94833,-159.46694,"USC00514750",NA,NA,NA,NA,NA,NA,NA,NA,NA,74.9,NA,NA,NA,NA,NA,NA,10.2,NA,NA,NA,NA,NA,NA,NA,NA,NA,NA,NA,NA,NA,5.8,NA,NA,NA
1006,"HALENANAHO 1006","GROVE FARM","COOP","KA",149,21.96491938,-159.4305374,"USC00511038",NA,NA,NA,NA,0,5.25150497763275,35.3,0,NA,25.8389107986318,NA,0,0.134499426526219,0.5,NA,NA,3.3,2.18962369645252,6.53325162867095,0.134499426526219,0,NA,NA,0,1.32991812477279,2.51065596182275,0,1.8,NA,NA,7.17635214484249,6.73405356698297,3.04066595228519,8.02311918424693
1013,"PUHI 1013","LIHUE PLANTATION","COOP","KA",101,21.96491954,-159.3972052,"USC00518217",NA,NA,NA,NA,0,3.9044813150999,21.3,0,NA,19.2111680071697,NA,0,0.3,0.123916265646067,NA,NA,0.8,2,4.85745686610594,0.3,0,NA,NA,0,0.988790925821185,5.6,0,0.446098556325842,NA,NA,5.6,5.00675262408665,2.26072781930594,4.6
1020.1,"LIHUE WEATHER SERVICE OFFICE AIRPORT 1020.1","LIHUE WEATHER SERVICE OFFICE AIRPORT 1020.1","NWS","KA",45,21.98156999,-159.3422063,"USW00022536","PHLI",NA,NA,NA,0.508,0.254,0.254,0.508,0,19.812,0,0,0,0,0.508,0,2.286,0.946039786846629,5.588,0,0,0,0,0,0,0,0.254,0.254,0.254,0,2.54,3.048,0.254,1.524
1020.6,"LIHUE 1.3 NE","CoCoRaHS","CoCoRaHS","KA",25,21.987,-159.338,"US1HIKI0009",NA,NA,NA,NA,0,1,1.8,0,1.5,11.9,0.431405651506581,0,0,0,0,0.3,0,4.6,8.6,0,0,0,0,0,0,0,0.5,0,1,0,0.8,3.3,1,2
1022.1,"LIHUE 1.2 NNW","CoCoRaHS","CoCoRaHS","KA",60,21.9923,-159.3586,"US1HIKI0002",NA,NA,NA,NA,0.5,2,12.7935517885597,2.5,1.3,30.7,0.511194422415535,0.3,0,0,0,0,0,2.85070222357763,6.05190891837074,1.8,0,0,0,0,0,0,0,0,0.5,0,3.8,5.1,2.3,2.5
1029,"MANA","RAWS","RAWS","KA",26.2128,22.02944444,-159.7622222,NA,"MNRH1","4870603C",NA,NA,0,0,0,2.79399999999998,0,14.7320000000001,0,0,0.253999999999905,0.508000000000038,4.31800000000004,0,0,0,0,0,0,0,0,0,0,0,0,0,0,0,0,0,0,0
1036,"PUU OPAE","RAWS","RAWS","KA",652.8816,22.04083333,-159.6958333,NA,"POPH1","4870734A",NA,NA,0,0,1.77799999999991,5.08000000000004,0,23.3679999999999,0.254000000000019,0,0,0.254000000000019,4.82600000000002,0,0,5.07999999999993,0.254000000000019,0,0,0,0,0,0,0,0.254000000000019,0,0,0,1.77800000000002,0,0.507999999999925,0
1042,"WaialaeRainGagenrWaimea","USGS","USGS","KA",1219.2,22.08972222,-159.5925,NA,"WLGH1","DDF7C28E",NA,NA,3.55600000000004,1.52400000000011,0.253999999999905,2.19475396372981,0.254000000000133,29.4639999999999,0.253999999999905,0,0.254000000000133,0.761999999999944,1.77800000000002,0.254000000000133,0.253999999999905,4.31799999999998,1.26999999999998,0,0,0,0,0.253999999999905,2.7940000000001,0.508000000000038,0.253999999999905,0.253999999999905,0,0,1.91920523259046,4.06400000000008,2.02582774551211,1.27000000000021
1047,"Mt.WaialealeRainGagenrLihue","USGS","USGS","KA",1569.72,22.07088889,-159.4979722,"USC00516565","WLLH1","DD5E818E",NA,NA,21.5899999999997,NA,4.4653366705252,19.5579999999995,1.52400000000034,24.8919999999998,0,0,0.253999999999905,0.25400000000036,0.253999999999905,0,55.3719999999998,43.1799999999998,18.0340000000001,4.57200000000012,0.507999999999811,1.01600000000008,0,0,5.07999999999993,0.253999999999905,10.1600000000003,22.3519999999999,6.096,1.01600000000008,52.578,23.6219999999998,30.2260000000001,11.6840000000002
1051,"NWailuaDitchRainGagenrLihue","LIHUE PLANTATION","USGS","KA",338.328,22.0625,-159.4677222,"USC00516888","WLDH1","1732B3E0",NA,NA,5.33400000000029,1.29436235623589,4.31799999999976,8.38200000000006,5.09915491262936,17.018,0.762000000000171,0.253999999999905,4.06399999999985,0,5.33399999999983,0,11.4300000000003,18.5419999999999,10.1600000000003,1.01599999999962,0,0.25400000000036,0,0,5.58799999999974,0.253999999999905,4.57200000000012,4.57199999999966,1.27000000000044,0.253999999999905,9.14399999999978,5.08000000000038,9.65199999999959,3.30200000000013
1059,"Lihue Variety Stn","NWS","HydroNet-UaNet","KA",117.0432,22.0240002,-159.3868,NA,"LIHH1","1561501A",NA,NA,NA,NA,NA,NA,NA,NA,NA,NA,NA,0.254000000000133,NA,NA,NA,NA,2.53999999999996,NA,0,NA,0,NA,NA,NA,NA,NA,0,NA,3.55600000000004,3.30199999999991,4.06400000000008,0.761999999999944
1060,"Wailua UH Exp Stn","NWS","HydroNet-UaNet","KA",158.1912,22.0660992,-159.396,"USC00519475","WUHH1",NA,NA,NA,2.794,0.931208020594413,0.874131437160728,0,3.302,13.2995177971841,0,0.254,2.286,0.254,0.254,0,4.572,2.032,4.826,0,0,0,0,0.254,2.286,0,2.032,1.27,2.032,0,2.286,3.81,5.842,0.762
1061.5,"Wailua UH Exp Stn","NWS","HydroNet-UaNet","KA",158,22.066,-159.3962,NA,"WUHH1","15C163D6",NA,NA,2.79399999999987,1.01096028547124,0.948995442164792,0,3.30200000000013,20.8280000000004,0,0.253999999999905,2.28600000000006,0.253999999999451,0.253999999999905,0,4.57200000000012,2.03200000000061,4.82599999999957,0,0,0,0,0.254,2.28600000000006,0,2.03200000000061,1.26999999999953,2.03200000000015,0,2.28600000000006,3.80999999999949,5.84200000000055,0.761999999999716
1063.2,"KAPAA 2.7 SSW, HI US","CoCoRaHs","CoCoRaHs","KA",90.04,22.0593,-159.365,"US1HIKI0023",NA,NA,NA,NA,1,3.3,27.4,3.8,0.3,13,0.3,0.3,0,0.5,2.5,0.3,1.3,11.9,NA,0.3,0,0.3,0,0,0,0,2.8,1.3,0.5,0.3,3.6,0,3.6,NA
1063.3,"Kapaa HI US F0098-AH7L ","unknown","APRSWXNET","KA",122,22.071,-159.359,NA,"F0098",NA,NA,NA,4.06400007009506,NA,NA,5.84200018644333,1.01600021886827,11.9379995193481,NA,0,1.5239999294281,NA,0.761999972820282,NA,3.55599999427795,13.9700002858307,2.28600025177,NA,0,0.508000016212463,NA,NA,0.254000008106232,NA,1.01600003242493,1.01600006484986,0.25399998092651,NA,2.79399991035461,2.28600010299683,2.79399992370606,0.76199984550476
1065.2,"KAPAA 2.3 SW, HI US","CoCoRaHs","CoCoRaHs","KA",105.03,22.0721,-159.3767,"US1HIKI0026",NA,NA,NA,NA,2.5,4.1,32.3,1,1.3,16.5,1,0.3,0.5,2,0,0.3,0,7.1,3.6,1.8,0,0.3,0,0,0,1,2.8,2.5,2.5,0,1.5,1,3.6,4.3
1074,"MAKAHA RIDGE","RAWS","RAWS","KA",544.9824,22.13055556,-159.7152778,"USR0000HMAH","MKAH1","3286026C",NA,NA,2.53999999999996,0,0,0.508000000000038,0,18.034,2.54000000000008,3.048,1.01599999999996,0,5.58799999999997,0,0,NA,0,0,0,0,0,0,0.761999999999944,0.508000000000152,0.253999999999905,0,0,0,0,0.254000000000019,0.761999999999944,0
1076,"Kokee","NWS","HydroNet-UaNet","KA",1279.2456,22.1485996,-159.6448,NA,"KOKH1","1900E616",NA,NA,0,0,0.125901982358393,1.77800000000002,0,28.702,0,0,0,0,0.253999999999962,0,0,0,0,0,0,0,0,0,0,0,0,0,0,0,0,0,0,0
1084,"KilohanaRainGafenrHanalei","USGS","USGS","KA",1219.2,22.15408333,-159.5946111,"USC00514610","KLOH1","DDCC972A",NA,NA,7.51857418822909,0.254000000000133,0,3.04800000000023,0.507999999999811,12.7,0.253999999999678,0.508000000000266,0,0.253999999999905,2.28600000000006,0.507999999999811,0.761999999999944,4.45097531733006,0.254000000000133,0,0,0.253999999999678,0,0.254000000000133,2.53999999999996,0.254000000000133,1.01600000000008,4.57199999999989,1.01600000000008,0.507999999999811,11.5875870871429,4.94853863208723,8.13492241832893,5.58800000000019
1094.2,"Kapahi","NWS","HydroNet-UaNet","KA",158.496,22.1021004,-159.3856,"USC00513171","KPIH1","15608488",NA,NA,9.90600000000086,0,1.19372430624668,0,2.28600000000006,15.1318731681494,0,0.762000000000626,2.54000000000087,0,0.507999999999811,0,5.21971841330184,3.30199999999968,4.82600000000093,0,0,0,0,0,2.54000000000087,0,1.52399999999761,2.28600000000188,0,0,4.57200000000012,6.85799999999836,8.12800000000061,1.01599999999962
1094.3,"KAPAA 1.4 W","CoCoRaHS","CoCoRaHS","KA",139,22.0936,-159.3758,"US1HIKI0005",NA,NA,NA,NA,0.595677955898102,7.1,34.3,0.5,1.3,19.8,1,3,0.5,4.3,0.5,0,0.3,83.7018928343015,9.58177914814404,0.3,0,0.3,0,0,0,0.5,1.5,1.3,1,0.3,1,2.8,4.1,5.1
1097.4,"KAPAA 1.9 WSW","CoCoRaHS","CoCoRaHS","KA",157,22.0829,-159.3786,"US1HIKI0019",NA,NA,NA,NA,0.8,3.8,36.6,0.5,1,24.6,1,0.5,1.3,2.3,0.3,0,0,5.3,9.51583949217578,1.3,0.3,0.3,0.3,0,0.3,3.6,1.3,0.8,1.8,0.5,1,2.8,3.6,4.8
1111.4,"Anahola","HAWN FRUIT PACKERS","HydroNet-UaNet","KA",75.2856,22.1373997,-159.312,NA,"ANHH1","1560029C",NA,NA,3.30200000000002,0.507999999999925,30.734,5.58799999999997,0.254000000000133,6.34999999999991,0,0.761999999999944,1.01600000000008,0.254000000000019,0.507999999999811,0,0.762000000000057,NA,0,0,0,0,0,0,0,0,0,0.508000000000038,0,0,1.01599999999996,0.508000000000152,1.26999999999987,0.254000000000019
1115.1,"PH Wainiha","NWS","HydroNet-UaNet","KA",35.052,22.1959991,-159.5563,NA,"WNHH1",NA,NA,NA,NA,0.254,0,0,0,2.54,0,0,1.016,0,NA,0,0,0.762,NA,NA,NA,NA,NA,NA,NA,NA,NA,NA,NA,NA,NA,NA,NA,NA
1116.1,"HANALEI 3.0 W, HI US","CoCoRaHs","CoCoRaHs","KA",10.457,22.2103,-159.5492,"US1HIKI0024",NA,NA,NA,NA,NA,NA,0,0,0.8,4.1,3.6,0.3,0.8,3,0,1.8,0,0.3,2,0.3,0,0,0,0,0,0.5,0.5,0.8,0.5,0.3,NA,NA,1,4.6
1117,"PRINCEVILLE RANCH 1117","PRINCEVILLE RANCH","COOP","KA",90,22.213196,-159.4722008,"USC00518165",NA,NA,NA,NA,2.95725750742684,4.1,0.3,0,0.5,0.8,0,0.3,0.8,1.5,0,0,0.3,2.3,1.5,0,0,0,0,0,0,0,0.5,0.3,0.3,0,1.39877686684662,4.3,0,2.8
1117.8,"Hanalei","NWS","HydroNet-UaNet","KA",4.8768,22.1982002,-159.4951,"USC00513386","HNIH1",NA,NA,NA,7.112,0,0.254,0.254,0,1.524,0,0,0.254,0,0.715977393819154,0,1.778,1.524,1.778,0,0,0,0,0,0,0,1.016,1.27,0,0.508,NA,NA,NA,0.254
1117.9,"PRINCEVILLE AIRPORT NEAR KILAUEA 4W","NWS","STATE","KA",88.497,22.2114,-159.443,NA,"PRIH1","B15952F6",NA,NA,6.60400000000004,0.254000000000133,0,0.253999999999905,0,0.508000000000038,0,0,0.761999999999944,0,0.508000000000038,0,NA,2.79399999999987,0,NA,0,0,0,0,0,0,1.77800000000002,0,0,0,5.33400000000006,1.77800000000002,0.761999999999944,0
1134.1,"KILAUEA 0.3 SE","CoCoRaHS","CoCoRaHS","KA",96,22.208,-159.4062,"US1HIKI0001",NA,NA,NA,NA,1.57291459270615,5.55470717640046,22.1337765068007,0.154776986234446,0.893938003346591,7.05617071811421,0.416102629960602,1.03655321176163,0.442487104514339,1.87053855339103,0.154776986234446,0.177581095819517,0.200757486095628,110.5,3.13221278280015,0.0928661917406675,0,0.0928661917406675,0,0,0,0.154776986234446,1.28344172757853,0.865473650203553,1.30535074592144,0.0928661917406675,1.50915846677857,3.86935799438736,2.08604432789223,3.75774590597978
1134.2,"KILAUEA 0.5 SE","CoCoRaHS","CoCoRaHS","KA",79,22.2057,-159.4048,"US1HIKI0006",NA,NA,NA,NA,1.640533582992,5.3,20.7733978333072,0,0.838995088620561,1.8,0.3,0,0,0,0,0.5,0,110.5,6.1,0,0,0,0,0,0,0,1.8,1,2.5,0,2.5,4.1,2.3,3.3
1137,"KOLOKO RESERVOIR 113","KILAUEA SUGAR","COOP","KA",224,22.18140774,-159.3777576,"USC00514758",NA,NA,NA,NA,2,5.29506286918133,21.0991748824941,0.14754222802162,0,2,1.3,2.8,0.5,0.5,0.3,0,0,23.1,3.869192261394,0,0,0,0,0,0,0,0.3,2.8,0,0,1.43861570149017,0.5,0,2.5
1144.1,"ANAHOLA 2.8 N","CoCoRaHS","CoCoRaHS","KA",74,22.1869,-159.3236,"US1HIKI0021",NA,NA,NA,NA,1.5,5.1,24.1,0.194323611624342,0.670114530604168,4.1,0.45530258056069,0,0,0,0,0,0.5,57.9,0.8,0,0,0,0,0,0,1.5,0.3,0.3,0.3,0,0,1,1.5,2.3
1145,"MOLOAA 1145","LIHUE PLANTATION","COOP","KA",101,22.17972,-159.33194,"USC00516529",NA,NA,NA,NA,NA,NA,NA,NA,NA,NA,NA,NA,NA,NA,NA,NA,NA,53.1,NA,NA,NA,NA,NA,NA,NA,NA,NA,NA,NA,NA,NA,NA,NA,NA
1146,"Moloaa Dairy","RAWS","RAWS","KA",85.344,22.18333333,-159.3375,"USR0000HMOL","MLDH1","AAB6D15A",NA,NA,0,0,NA,0,0,0,0,0,0,0,0,0,0,0,0,NA,0,0,0,0,0,0,0,0,0,0,0,0,0,0
